INFO:redis_state_manager:✅ Redis connected at localhost:6379
INFO:redis_state_manager:✅ Updated state: DEBUG-EMAIL → ALERT (risk=75.0%)
INFO:redis_state_manager:✅ Updated state: FLOW-0001 → LOG (risk=0.1%)
INFO:redis_state_manager:✅ Updated state: FLOW-0002 → LOG (risk=0.1%)
INFO:redis_state_manager:✅ Updated state: FLOW-0003 → FULL_ISOLATION (risk=100.0%)
INFO:redis_state_manager:🔒 Marked isolated: FLOW-0003
INFO:redis_state_manager:✅ Updated state: FLOW-0004 → LOG (risk=3.1%)
INFO:redis_state_manager:✅ Updated state: FLOW-0005 → LOG (risk=15.4%)
INFO:redis_state_manager:✅ Updated state: FLOW-0001 → LOG (risk=0.1%)
INFO:redis_state_manager:✅ Updated state: FLOW-0002 → LOG (risk=0.1%)
INFO:redis_state_manager:✅ Updated state: FLOW-0003 → FULL_ISOLATION (risk=100.0%)
INFO:redis_state_manager:🔒 Marked isolated: FLOW-0003
INFO:redis_state_manager:✅ Updated state: FLOW-0004 → LOG (risk=3.1%)
INFO:redis_state_manager:✅ Updated state: FLOW-0005 → LOG (risk=15.4%)
INFO:redis_state_manager:✅ Updated state: FLOW-0001 → LOG (risk=0.1%)
INFO:redis_state_manager:✅ Updated state: FLOW-0002 → LOG (risk=0.1%)
INFO:redis_state_manager:✅ Updated state: FLOW-0003 → FULL_ISOLATION (risk=100.0%)
INFO:redis_state_manager:🔒 Marked isolated: FLOW-0003
INFO:redis_state_manager:✅ Updated state: FLOW-0004 → LOG (risk=3.1%)
INFO:redis_state_manager:✅ Updated state: FLOW-0005 → LOG (risk=15.4%)
INFO:redis_state_manager:✅ Updated state: FLOW-0001 → LOG (risk=0.1%)
INFO:redis_state_manager:✅ Updated state: FLOW-0002 → LOG (risk=0.1%)
INFO:redis_state_manager:✅ Updated state: FLOW-0003 → FULL_ISOLATION (risk=100.0%)
INFO:redis_state_manager:🔒 Marked isolated: FLOW-0003
============================================================
GRID GUARD — Module 3 Live Pipeline
============================================================
[DatabaseLogger] ✅ Connected to PostgreSQL localhost
[Pipeline] Connecting to Redis at localhost:6379 ...
[Pipeline] Subscribing to 'channel:risk_updates' ...
[Pipeline] Ready. Waiting for risk score events (Ctrl+C to stop)...

[Pipeline] DEBUG-EMAIL risk=75.0% -> Tier 2 (ALERT)

[Executor] Executing ALERT for DEBUG-EMAIL...
    Email error: (535, b'5.7.8 Username and Password not accepted. For more information, go to\n5.7.8  https://support.google.com/mail/?p=BadCredentials ffacd0b85a97d-482fbb2e6e8sm5166081f8f.32 - gsmtp')
  ✉️  EMAIL: Failed
    Webhook error: HTTPConnectionPool(host='localhost', port=8888): Max retries exceeded with url: /webhook (Caused by NewConnectionError("HTTPConnection(host='localhost', port=8888): Failed to establish a new connection: [Errno 111] Connection refused"))
  🔔 WEBHOOK: Failed
  📢 ALERT: DEBUG-EMAIL risk=75.0%
     Description: Medium risk detected - operator notification sent
[DatabaseLogger] ✅ Logged ALERT for DEBUG-EMAIL (risk=75.0%, email_sent=False, webhook_sent=False, rate_limit_ip=None, rate_limit_applied=None)
[DatabaseLogger] ✅ Alert e52f79bb-6d2d-42f6-bc18-7e76140ae0f2 created for DEBUG-EMAIL (tier 2)
[Pipeline] FLOW-0001 risk=0.1% -> Tier 1 (LOG)

[Executor] Executing LOG for FLOW-0001...
  ✅ LOG: FLOW-0001 risk=0.05% | Normal operation - risk is low
[DatabaseLogger] ✅ Logged LOG for FLOW-0001 (risk=0.05%, email_sent=None, webhook_sent=None, rate_limit_ip=None, rate_limit_applied=None)
[Pipeline] FLOW-0002 risk=0.1% -> Tier 1 (LOG)

[Executor] Executing LOG for FLOW-0002...
  ✅ LOG: FLOW-0002 risk=0.06% | Normal operation - risk is low
[DatabaseLogger] ✅ Logged LOG for FLOW-0002 (risk=0.06%, email_sent=None, webhook_sent=None, rate_limit_ip=None, rate_limit_applied=None)
[Pipeline] FLOW-0003 risk=100.0% -> Tier 4 (FULL_ISOLATION)

[Executor] Executing FULL_ISOLATION for FLOW-0003...
  🔒 FULL_ISOLATION: Triggering Module 4 for FLOW-0003...
    (Would POST to Module 4 API to isolate FLOW-0003)
     ✅ Module 4 isolation triggered
[DatabaseLogger] ✅ Logged FULL_ISOLATION for FLOW-0003 (risk=100.0%, email_sent=None, webhook_sent=None, rate_limit_ip=None, rate_limit_applied=None)
[DatabaseLogger] ✅ Alert dd18890a-c7f0-4f68-8bd8-72223c96c566 created for FLOW-0003 (tier 4)
[DatabaseLogger] ✅ Set FLOW-0003 state to QUARANTINE
[Pipeline] Marked FLOW-0003 as isolated
[Pipeline] FLOW-0004 risk=3.1% -> Tier 1 (LOG)

[Executor] Executing LOG for FLOW-0004...
  ✅ LOG: FLOW-0004 risk=3.11% | Normal operation - risk is low
[DatabaseLogger] ✅ Logged LOG for FLOW-0004 (risk=3.11%, email_sent=None, webhook_sent=None, rate_limit_ip=None, rate_limit_applied=None)
[Pipeline] FLOW-0005 risk=15.4% -> Tier 1 (LOG)

[Executor] Executing LOG for FLOW-0005...
  ✅ LOG: FLOW-0005 risk=15.45% | Normal operation - risk is low
[DatabaseLogger] ✅ Logged LOG for FLOW-0005 (risk=15.45%, email_sent=None, webhook_sent=None, rate_limit_ip=None, rate_limit_applied=None)
[Pipeline] FLOW-0001 risk=0.1% -> Tier 1 (LOG)

[Executor] Executing LOG for FLOW-0001...
  ✅ LOG: FLOW-0001 risk=0.05% | Normal operation - risk is low
[DatabaseLogger] ✅ Logged LOG for FLOW-0001 (risk=0.05%, email_sent=None, webhook_sent=None, rate_limit_ip=None, rate_limit_applied=None)
[Pipeline] FLOW-0002 risk=0.1% -> Tier 1 (LOG)

[Executor] Executing LOG for FLOW-0002...
  ✅ LOG: FLOW-0002 risk=0.06% | Normal operation - risk is low
[DatabaseLogger] ✅ Logged LOG for FLOW-0002 (risk=0.06%, email_sent=None, webhook_sent=None, rate_limit_ip=None, rate_limit_applied=None)
[Pipeline] FLOW-0003 risk=100.0% -> Tier 4 (FULL_ISOLATION)

[Executor] Executing FULL_ISOLATION for FLOW-0003...
  🔒 FULL_ISOLATION: Triggering Module 4 for FLOW-0003...
    (Would POST to Module 4 API to isolate FLOW-0003)
     ✅ Module 4 isolation triggered
[DatabaseLogger] ✅ Logged FULL_ISOLATION for FLOW-0003 (risk=100.0%, email_sent=None, webhook_sent=None, rate_limit_ip=None, rate_limit_applied=None)
[DatabaseLogger] ✅ Alert ab1682ff-0d60-4a2f-b4f1-6df578c47446 created for FLOW-0003 (tier 4)
[DatabaseLogger] ✅ Set FLOW-0003 state to QUARANTINE
[Pipeline] Marked FLOW-0003 as isolated
[Pipeline] FLOW-0004 risk=3.1% -> Tier 1 (LOG)

[Executor] Executing LOG for FLOW-0004...
  ✅ LOG: FLOW-0004 risk=3.11% | Normal operation - risk is low
[DatabaseLogger] ✅ Logged LOG for FLOW-0004 (risk=3.11%, email_sent=None, webhook_sent=None, rate_limit_ip=None, rate_limit_applied=None)
[Pipeline] FLOW-0005 risk=15.4% -> Tier 1 (LOG)

[Executor] Executing LOG for FLOW-0005...
  ✅ LOG: FLOW-0005 risk=15.45% | Normal operation - risk is low
[DatabaseLogger] ✅ Logged LOG for FLOW-0005 (risk=15.45%, email_sent=None, webhook_sent=None, rate_limit_ip=None, rate_limit_applied=None)
[Pipeline] FLOW-0001 risk=0.1% -> Tier 1 (LOG)

[Executor] Executing LOG for FLOW-0001...
  ✅ LOG: FLOW-0001 risk=0.05% | Normal operation - risk is low
[DatabaseLogger] ✅ Logged LOG for FLOW-0001 (risk=0.05%, email_sent=None, webhook_sent=None, rate_limit_ip=None, rate_limit_applied=None)
[Pipeline] FLOW-0002 risk=0.1% -> Tier 1 (LOG)

[Executor] Executing LOG for FLOW-0002...
  ✅ LOG: FLOW-0002 risk=0.06% | Normal operation - risk is low
[DatabaseLogger] ✅ Logged LOG for FLOW-0002 (risk=0.06%, email_sent=None, webhook_sent=None, rate_limit_ip=None, rate_limit_applied=None)
[Pipeline] FLOW-0003 risk=100.0% -> Tier 4 (FULL_ISOLATION)

[Executor] Executing FULL_ISOLATION for FLOW-0003...
  🔒 FULL_ISOLATION: Triggering Module 4 for FLOW-0003...
    (Would POST to Module 4 API to isolate FLOW-0003)
     ✅ Module 4 isolation triggered
[DatabaseLogger] ✅ Logged FULL_ISOLATION for FLOW-0003 (risk=100.0%, email_sent=None, webhook_sent=None, rate_limit_ip=None, rate_limit_applied=None)
[DatabaseLogger] ✅ Alert 81645f8e-f5e4-4c2f-8e02-f037cc000f0c created for FLOW-0003 (tier 4)
[DatabaseLogger] ✅ Set FLOW-0003 state to QUARANTINE
[Pipeline] Marked FLOW-0003 as isolated
[Pipeline] FLOW-0004 risk=3.1% -> Tier 1 (LOG)

[Executor] Executing LOG for FLOW-0004...
  ✅ LOG: FLOW-0004 risk=3.11% | Normal operation - risk is low
[DatabaseLogger] ✅ Logged LOG for FLOW-0004 (risk=3.11%, email_sent=None, webhook_sent=None, rate_limit_ip=None, rate_limit_applied=None)
[Pipeline] FLOW-0005 risk=15.4% -> Tier 1 (LOG)

[Executor] Executing LOG for FLOW-0005...
  ✅ LOG: FLOW-0005 risk=15.45% | Normal operation - risk is low
[DatabaseLogger] ✅ Logged LOG for FLOW-0005 (risk=15.45%, email_sent=None, webhook_sent=None, rate_limit_ip=None, rate_limit_applied=None)
[Pipeline] FLOW-0001 risk=0.1% -> Tier 1 (LOG)

[Executor] Executing LOG for FLOW-0001...
  ✅ LOG: FLOW-0001 risk=0.05% | Normal operation - risk is low
[DatabaseLogger] ✅ Logged LOG for FLOW-0001 (risk=0.05%, email_sent=None, webhook_sent=None, rate_limit_ip=None, rate_limit_applied=None)
[Pipeline] FLOW-0002 risk=0.1% -> Tier 1 (LOG)

[Executor] Executing LOG for FLOW-0002...
  ✅ LOG: FLOW-0002 risk=0.06% | Normal operation - risk is low
[DatabaseLogger] ✅ Logged LOG for FLOW-0002 (risk=0.06%, email_sent=None, webhook_sent=None, rate_limit_ip=None, rate_limit_applied=None)
[Pipeline] FLOW-0003 risk=100.0% -> Tier 4 (FULL_ISOLATION)

[Executor] Executing FULL_ISOLATION for FLOW-0003...
  🔒 FULL_ISOLATION: Triggering Module 4 for FLOW-0003...
    (Would POST to Module 4 API to isolate FLOW-0003)
     ✅ Module 4 isolation triggered
[DatabaseLogger] ✅ Logged FULL_ISOLATION for FLOW-0003 (risk=100.0%, email_sent=None, webhook_sent=None, rate_limit_ip=None, rate_limit_applied=None)
[DatabaseLogger] ✅ Alert bd3737aa-528c-42a3-954b-f4788e9d598f created for FLOW-0003 (tier 4)
[DatabaseLogger] ✅ Set FLOW-0003 state to QUARANTINE
[Pipeline] Marked FLOW-0003 as isolated
[Pipeline] FLOW-0004 risk=3.1% -> Tier 1 (LOG)

[Executor] Executing LOG for FLOW-0004...
  ✅ LOG: FLOW-0004 risk=3.11% | Normal operation - risk is low
[DatabaseLogger] ✅ Logged LOG for FLOW-0004 (risk=3.11%, email_sent=None, webhook_sent=None, rate_limit_ip=None, rate_limit_applied=None)INFO:redis_state_manager:✅ Updated state: FLOW-0004 → LOG (risk=3.1%)
INFO:redis_state_manager:✅ Updated state: FLOW-0005 → LOG (risk=15.4%)
INFO:redis_state_manager:✅ Updated state: FLOW-0001 → LOG (risk=0.1%)
INFO:redis_state_manager:✅ Updated state: FLOW-0002 → LOG (risk=0.1%)
INFO:redis_state_manager:✅ Updated state: FLOW-0003 → FULL_ISOLATION (risk=100.0%)
INFO:redis_state_manager:🔒 Marked isolated: FLOW-0003
INFO:redis_state_manager:✅ Updated state: FLOW-0004 → LOG (risk=3.1%)
INFO:redis_state_manager:✅ Updated state: FLOW-0005 → LOG (risk=15.4%)
INFO:redis_state_manager:✅ Updated state: FLOW-0001 → LOG (risk=0.1%)
INFO:redis_state_manager:✅ Updated state: FLOW-0002 → LOG (risk=0.1%)
INFO:redis_state_manager:✅ Updated state: FLOW-0003 → FULL_ISOLATION (risk=100.0%)
INFO:redis_state_manager:🔒 Marked isolated: FLOW-0003
INFO:redis_state_manager:✅ Updated state: FLOW-0004 → LOG (risk=3.1%)
INFO:redis_state_manager:✅ Updated state: FLOW-0005 → LOG (risk=15.4%)
INFO:redis_state_manager:✅ Updated state: FLOW-0001 → LOG (risk=0.1%)
INFO:redis_state_manager:✅ Updated state: FLOW-0002 → LOG (risk=0.1%)
INFO:redis_state_manager:✅ Updated state: FLOW-0003 → FULL_ISOLATION (risk=100.0%)
INFO:redis_state_manager:🔒 Marked isolated: FLOW-0003
INFO:redis_state_manager:✅ Updated state: FLOW-0004 → LOG (risk=3.1%)
INFO:redis_state_manager:✅ Updated state: FLOW-0005 → LOG (risk=15.4%)
INFO:redis_state_manager:✅ Updated state: FLOW-0001 → LOG (risk=0.1%)
INFO:redis_state_manager:✅ Updated state: FLOW-0002 → LOG (risk=0.1%)
INFO:redis_state_manager:✅ Updated state: FLOW-0003 → FULL_ISOLATION (risk=100.0%)
INFO:redis_state_manager:🔒 Marked isolated: FLOW-0003
INFO:redis_state_manager:✅ Updated state: FLOW-0004 → LOG (risk=3.1%)
INFO:redis_state_manager:✅ Updated state: FLOW-0005 → LOG (risk=15.4%)
INFO:redis_state_manager:✅ Updated state: FLOW-0001 → LOG (risk=0.1%)
INFO:redis_state_manager:✅ Updated state: FLOW-0002 → LOG (risk=0.1%)

[Pipeline] FLOW-0005 risk=15.4% -> Tier 1 (LOG)

[Executor] Executing LOG for FLOW-0005...
  ✅ LOG: FLOW-0005 risk=15.45% | Normal operation - risk is low
[DatabaseLogger] ✅ Logged LOG for FLOW-0005 (risk=15.45%, email_sent=None, webhook_sent=None, rate_limit_ip=None, rate_limit_applied=None)
[Pipeline] FLOW-0001 risk=0.1% -> Tier 1 (LOG)

[Executor] Executing LOG for FLOW-0001...
  ✅ LOG: FLOW-0001 risk=0.05% | Normal operation - risk is low
[DatabaseLogger] ✅ Logged LOG for FLOW-0001 (risk=0.05%, email_sent=None, webhook_sent=None, rate_limit_ip=None, rate_limit_applied=None)
[Pipeline] FLOW-0002 risk=0.1% -> Tier 1 (LOG)

[Executor] Executing LOG for FLOW-0002...
  ✅ LOG: FLOW-0002 risk=0.06% | Normal operation - risk is low
[DatabaseLogger] ✅ Logged LOG for FLOW-0002 (risk=0.06%, email_sent=None, webhook_sent=None, rate_limit_ip=None, rate_limit_applied=None)
[Pipeline] FLOW-0003 risk=100.0% -> Tier 4 (FULL_ISOLATION)

[Executor] Executing FULL_ISOLATION for FLOW-0003...
  🔒 FULL_ISOLATION: Triggering Module 4 for FLOW-0003...
    (Would POST to Module 4 API to isolate FLOW-0003)
     ✅ Module 4 isolation triggered
[DatabaseLogger] ✅ Logged FULL_ISOLATION for FLOW-0003 (risk=100.0%, email_sent=None, webhook_sent=None, rate_limit_ip=None, rate_limit_applied=None)
[DatabaseLogger] ✅ Alert 70492de9-1a36-45fb-b9ff-b50eba3865ad created for FLOW-0003 (tier 4)
[DatabaseLogger] ✅ Set FLOW-0003 state to QUARANTINE
[Pipeline] Marked FLOW-0003 as isolated
[Pipeline] FLOW-0004 risk=3.1% -> Tier 1 (LOG)

[Executor] Executing LOG for FLOW-0004...
  ✅ LOG: FLOW-0004 risk=3.11% | Normal operation - risk is low
[DatabaseLogger] ✅ Logged LOG for FLOW-0004 (risk=3.11%, email_sent=None, webhook_sent=None, rate_limit_ip=None, rate_limit_applied=None)
[Pipeline] FLOW-0005 risk=15.4% -> Tier 1 (LOG)

[Executor] Executing LOG for FLOW-0005...
  ✅ LOG: FLOW-0005 risk=15.45% | Normal operation - risk is low
[DatabaseLogger] ✅ Logged LOG for FLOW-0005 (risk=15.45%, email_sent=None, webhook_sent=None, rate_limit_ip=None, rate_limit_applied=None)
[Pipeline] FLOW-0001 risk=0.1% -> Tier 1 (LOG)

[Executor] Executing LOG for FLOW-0001...
  ✅ LOG: FLOW-0001 risk=0.05% | Normal operation - risk is low
[DatabaseLogger] ✅ Logged LOG for FLOW-0001 (risk=0.05%, email_sent=None, webhook_sent=None, rate_limit_ip=None, rate_limit_applied=None)
[Pipeline] FLOW-0002 risk=0.1% -> Tier 1 (LOG)

[Executor] Executing LOG for FLOW-0002...
  ✅ LOG: FLOW-0002 risk=0.06% | Normal operation - risk is low
[DatabaseLogger] ✅ Logged LOG for FLOW-0002 (risk=0.06%, email_sent=None, webhook_sent=None, rate_limit_ip=None, rate_limit_applied=None)
[Pipeline] FLOW-0003 risk=100.0% -> Tier 4 (FULL_ISOLATION)

[Executor] Executing FULL_ISOLATION for FLOW-0003...
  🔒 FULL_ISOLATION: Triggering Module 4 for FLOW-0003...
    (Would POST to Module 4 API to isolate FLOW-0003)
     ✅ Module 4 isolation triggered
[DatabaseLogger] ✅ Logged FULL_ISOLATION for FLOW-0003 (risk=100.0%, email_sent=None, webhook_sent=None, rate_limit_ip=None, rate_limit_applied=None)
[DatabaseLogger] ✅ Alert ac25a6af-fa3c-4e90-92c1-ec54334bc2c4 created for FLOW-0003 (tier 4)
[DatabaseLogger] ✅ Set FLOW-0003 state to QUARANTINE
[Pipeline] Marked FLOW-0003 as isolated
[Pipeline] FLOW-0004 risk=3.1% -> Tier 1 (LOG)

[Executor] Executing LOG for FLOW-0004...
  ✅ LOG: FLOW-0004 risk=3.11% | Normal operation - risk is low
[DatabaseLogger] ✅ Logged LOG for FLOW-0004 (risk=3.11%, email_sent=None, webhook_sent=None, rate_limit_ip=None, rate_limit_applied=None)
[Pipeline] FLOW-0005 risk=15.4% -> Tier 1 (LOG)

[Executor] Executing LOG for FLOW-0005...
  ✅ LOG: FLOW-0005 risk=15.45% | Normal operation - risk is low
[DatabaseLogger] ✅ Logged LOG for FLOW-0005 (risk=15.45%, email_sent=None, webhook_sent=None, rate_limit_ip=None, rate_limit_applied=None)
[Pipeline] FLOW-0001 risk=0.1% -> Tier 1 (LOG)

[Executor] Executing LOG for FLOW-0001...
  ✅ LOG: FLOW-0001 risk=0.05% | Normal operation - risk is low
[DatabaseLogger] ✅ Logged LOG for FLOW-0001 (risk=0.05%, email_sent=None, webhook_sent=None, rate_limit_ip=None, rate_limit_applied=None)
[Pipeline] FLOW-0002 risk=0.1% -> Tier 1 (LOG)

[Executor] Executing LOG for FLOW-0002...
  ✅ LOG: FLOW-0002 risk=0.06% | Normal operation - risk is low
[DatabaseLogger] ✅ Logged LOG for FLOW-0002 (risk=0.06%, email_sent=None, webhook_sent=None, rate_limit_ip=None, rate_limit_applied=None)
[Pipeline] FLOW-0003 risk=100.0% -> Tier 4 (FULL_ISOLATION)

[Executor] Executing FULL_ISOLATION for FLOW-0003...
  🔒 FULL_ISOLATION: Triggering Module 4 for FLOW-0003...
    (Would POST to Module 4 API to isolate FLOW-0003)
     ✅ Module 4 isolation triggered
[DatabaseLogger] ✅ Logged FULL_ISOLATION for FLOW-0003 (risk=100.0%, email_sent=None, webhook_sent=None, rate_limit_ip=None, rate_limit_applied=None)
[DatabaseLogger] ✅ Alert 377dd308-d829-404e-8781-088e2ab63b2b created for FLOW-0003 (tier 4)
[DatabaseLogger] ✅ Set FLOW-0003 state to QUARANTINE
[Pipeline] Marked FLOW-0003 as isolated
[Pipeline] FLOW-0004 risk=3.1% -> Tier 1 (LOG)

[Executor] Executing LOG for FLOW-0004...
  ✅ LOG: FLOW-0004 risk=3.11% | Normal operation - risk is low
[DatabaseLogger] ✅ Logged LOG for FLOW-0004 (risk=3.11%, email_sent=None, webhook_sent=None, rate_limit_ip=None, rate_limit_applied=None)
[Pipeline] FLOW-0005 risk=15.4% -> Tier 1 (LOG)

[Executor] Executing LOG for FLOW-0005...
  ✅ LOG: FLOW-0005 risk=15.45% | Normal operation - risk is low
[DatabaseLogger] ✅ Logged LOG for FLOW-0005 (risk=15.45%, email_sent=None, webhook_sent=None, rate_limit_ip=None, rate_limit_applied=None)
[Pipeline] FLOW-0001 risk=0.1% -> Tier 1 (LOG)

[Executor] Executing LOG for FLOW-0001...
  ✅ LOG: FLOW-0001 risk=0.05% | Normal operation - risk is low
[DatabaseLogger] ✅ Logged LOG for FLOW-0001 (risk=0.05%, email_sent=None, webhook_sent=None, rate_limit_ip=None, rate_limit_applied=None)
[Pipeline] FLOW-0002 risk=0.1% -> Tier 1 (LOG)

[Executor] Executing LOG for FLOW-0002...
  ✅ LOG: FLOW-0002 risk=0.06% | Normal operation - risk is low
[DatabaseLogger] ✅ Logged LOG for FLOW-0002 (risk=0.06%, email_sent=None, webhook_sent=None, rate_limit_ip=None, rate_limit_applied=None)
[Pipeline] FLOW-0003 risk=100.0% -> Tier 4 (FULL_ISOLATION)

[Executor] Executing FULL_ISOLATION for FLOW-0003...
  🔒 FULL_ISOLATION: Triggering Module 4 for FLOW-0003...
    (Would POST to Module 4 API to isolate FLOW-0003)
     ✅ Module 4 isolation triggered
[DatabaseLogger] ✅ Logged FULL_ISOLATION for FLOW-0003 (risk=100.0%, email_sent=None, webhook_sent=None, rate_limit_ip=None, rate_limit_applied=None)
[DatabaseLogger] ✅ Alert 0d969cdc-709f-4256-9fcf-df37e2afa738 created for FLOW-0003 (tier 4)
[DatabaseLogger] ✅ Set FLOW-0003 state to QUARANTINE
[Pipeline] Marked FLOW-0003 as isolated
[Pipeline] FLOW-0004 risk=3.1% -> Tier 1 (LOG)

[Executor] Executing LOG for FLOW-0004...
  ✅ LOG: FLOW-0004 risk=3.11% | Normal operation - risk is low
[DatabaseLogger] ✅ Logged LOG for FLOW-0004 (risk=3.11%, email_sent=None, webhook_sent=None, rate_limit_ip=None, rate_limit_applied=None)
[Pipeline] FLOW-0005 risk=15.4% -> Tier 1 (LOG)

[Executor] Executing LOG for FLOW-0005...
  ✅ LOG: FLOW-0005 risk=15.45% | Normal operation - risk is low
[DatabaseLogger] ✅ Logged LOG for FLOW-0005 (risk=15.45%, email_sent=None, webhook_sent=None, rate_limit_ip=None, rate_limit_applied=None)
[Pipeline] FLOW-0001 risk=0.1% -> Tier 1 (LOG)

[Executor] Executing LOG for FLOW-0001...
  ✅ LOG: FLOW-0001 risk=0.05% | Normal operation - risk is low
[DatabaseLogger] ✅ Logged LOG for FLOW-0001 (risk=0.05%, email_sent=None, webhook_sent=None, rate_limit_ip=None, rate_limit_applied=None)
[Pipeline] FLOW-0002 risk=0.1% -> Tier 1 (LOG)

[Executor] Executing LOG for FLOW-0002...
  ✅ LOG: FLOW-0002 risk=0.06% | Normal operation - risk is low
[DatabaseLogger] ✅ Logged LOG for FLOW-0002 (risk=0.06%, email_sent=None, webhook_sent=None, rate_limit_ip=None, rate_limit_applied=None)
[Pipeline] FLOW-0003 risk=100.0% -> Tier 4 (FULL_ISOLATION)

[Executor] Executing FULL_ISOLATION for FLOW-0003...
  🔒 FULL_ISOLATION: Triggering Module 4 for FLOW-0003...INFO:redis_state_manager:✅ Updated state: FLOW-0003 → FULL_ISOLATION (risk=100.0%)
INFO:redis_state_manager:🔒 Marked isolated: FLOW-0003
INFO:redis_state_manager:✅ Updated state: FLOW-0004 → LOG (risk=3.1%)
INFO:redis_state_manager:✅ Updated state: FLOW-0005 → LOG (risk=15.4%)
INFO:redis_state_manager:✅ Updated state: FLOW-0001 → LOG (risk=0.1%)
INFO:redis_state_manager:✅ Updated state: FLOW-0002 → LOG (risk=0.1%)
INFO:redis_state_manager:✅ Updated state: FLOW-0003 → FULL_ISOLATION (risk=100.0%)
INFO:redis_state_manager:🔒 Marked isolated: FLOW-0003
INFO:redis_state_manager:✅ Updated state: FLOW-0004 → LOG (risk=3.1%)
INFO:redis_state_manager:✅ Updated state: FLOW-0005 → LOG (risk=15.4%)
INFO:redis_state_manager:✅ Updated state: FLOW-0001 → LOG (risk=0.1%)
INFO:redis_state_manager:✅ Updated state: FLOW-0002 → LOG (risk=0.1%)
INFO:redis_state_manager:✅ Updated state: FLOW-0003 → FULL_ISOLATION (risk=100.0%)
INFO:redis_state_manager:🔒 Marked isolated: FLOW-0003
INFO:redis_state_manager:✅ Updated state: FLOW-0004 → LOG (risk=3.1%)
INFO:redis_state_manager:✅ Updated state: FLOW-0005 → LOG (risk=15.4%)
INFO:redis_state_manager:✅ Updated state: FLOW-0001 → LOG (risk=0.1%)
INFO:redis_state_manager:✅ Updated state: FLOW-0002 → LOG (risk=0.1%)
INFO:redis_state_manager:✅ Updated state: FLOW-0003 → FULL_ISOLATION (risk=100.0%)
INFO:redis_state_manager:🔒 Marked isolated: FLOW-0003
INFO:redis_state_manager:✅ Updated state: FLOW-0004 → LOG (risk=3.1%)
INFO:redis_state_manager:✅ Updated state: FLOW-0005 → LOG (risk=15.4%)
INFO:redis_state_manager:✅ Updated state: FLOW-0001 → LOG (risk=0.1%)
INFO:redis_state_manager:✅ Updated state: FLOW-0002 → LOG (risk=0.1%)
INFO:redis_state_manager:✅ Updated state: FLOW-0003 → FULL_ISOLATION (risk=100.0%)
INFO:redis_state_manager:🔒 Marked isolated: FLOW-0003
INFO:redis_state_manager:✅ Updated state: FLOW-0004 → LOG (risk=3.1%)

    (Would POST to Module 4 API to isolate FLOW-0003)
     ✅ Module 4 isolation triggered
[DatabaseLogger] ✅ Logged FULL_ISOLATION for FLOW-0003 (risk=100.0%, email_sent=None, webhook_sent=None, rate_limit_ip=None, rate_limit_applied=None)
[DatabaseLogger] ✅ Alert 6fd33aed-5aae-4754-9043-512c2b8c64fe created for FLOW-0003 (tier 4)
[DatabaseLogger] ✅ Set FLOW-0003 state to QUARANTINE
[Pipeline] Marked FLOW-0003 as isolated
[Pipeline] FLOW-0004 risk=3.1% -> Tier 1 (LOG)

[Executor] Executing LOG for FLOW-0004...
  ✅ LOG: FLOW-0004 risk=3.11% | Normal operation - risk is low
[DatabaseLogger] ✅ Logged LOG for FLOW-0004 (risk=3.11%, email_sent=None, webhook_sent=None, rate_limit_ip=None, rate_limit_applied=None)
[Pipeline] FLOW-0005 risk=15.4% -> Tier 1 (LOG)

[Executor] Executing LOG for FLOW-0005...
  ✅ LOG: FLOW-0005 risk=15.45% | Normal operation - risk is low
[DatabaseLogger] ✅ Logged LOG for FLOW-0005 (risk=15.45%, email_sent=None, webhook_sent=None, rate_limit_ip=None, rate_limit_applied=None)
[Pipeline] FLOW-0001 risk=0.1% -> Tier 1 (LOG)

[Executor] Executing LOG for FLOW-0001...
  ✅ LOG: FLOW-0001 risk=0.05% | Normal operation - risk is low
[DatabaseLogger] ✅ Logged LOG for FLOW-0001 (risk=0.05%, email_sent=None, webhook_sent=None, rate_limit_ip=None, rate_limit_applied=None)
[Pipeline] FLOW-0002 risk=0.1% -> Tier 1 (LOG)

[Executor] Executing LOG for FLOW-0002...
  ✅ LOG: FLOW-0002 risk=0.06% | Normal operation - risk is low
[DatabaseLogger] ✅ Logged LOG for FLOW-0002 (risk=0.06%, email_sent=None, webhook_sent=None, rate_limit_ip=None, rate_limit_applied=None)
[Pipeline] FLOW-0003 risk=100.0% -> Tier 4 (FULL_ISOLATION)

[Executor] Executing FULL_ISOLATION for FLOW-0003...
  🔒 FULL_ISOLATION: Triggering Module 4 for FLOW-0003...
    (Would POST to Module 4 API to isolate FLOW-0003)
     ✅ Module 4 isolation triggered
[DatabaseLogger] ✅ Logged FULL_ISOLATION for FLOW-0003 (risk=100.0%, email_sent=None, webhook_sent=None, rate_limit_ip=None, rate_limit_applied=None)
[DatabaseLogger] ✅ Alert 6cccf798-849a-45b5-8d01-9a0e35232452 created for FLOW-0003 (tier 4)
[DatabaseLogger] ✅ Set FLOW-0003 state to QUARANTINE
[Pipeline] Marked FLOW-0003 as isolated
[Pipeline] FLOW-0004 risk=3.1% -> Tier 1 (LOG)

[Executor] Executing LOG for FLOW-0004...
  ✅ LOG: FLOW-0004 risk=3.11% | Normal operation - risk is low
[DatabaseLogger] ✅ Logged LOG for FLOW-0004 (risk=3.11%, email_sent=None, webhook_sent=None, rate_limit_ip=None, rate_limit_applied=None)
[Pipeline] FLOW-0005 risk=15.4% -> Tier 1 (LOG)

[Executor] Executing LOG for FLOW-0005...
  ✅ LOG: FLOW-0005 risk=15.45% | Normal operation - risk is low
[DatabaseLogger] ✅ Logged LOG for FLOW-0005 (risk=15.45%, email_sent=None, webhook_sent=None, rate_limit_ip=None, rate_limit_applied=None)
[Pipeline] FLOW-0001 risk=0.1% -> Tier 1 (LOG)

[Executor] Executing LOG for FLOW-0001...
  ✅ LOG: FLOW-0001 risk=0.05% | Normal operation - risk is low
[DatabaseLogger] ✅ Logged LOG for FLOW-0001 (risk=0.05%, email_sent=None, webhook_sent=None, rate_limit_ip=None, rate_limit_applied=None)
[Pipeline] FLOW-0002 risk=0.1% -> Tier 1 (LOG)

[Executor] Executing LOG for FLOW-0002...
  ✅ LOG: FLOW-0002 risk=0.06% | Normal operation - risk is low
[DatabaseLogger] ✅ Logged LOG for FLOW-0002 (risk=0.06%, email_sent=None, webhook_sent=None, rate_limit_ip=None, rate_limit_applied=None)
[Pipeline] FLOW-0003 risk=100.0% -> Tier 4 (FULL_ISOLATION)

[Executor] Executing FULL_ISOLATION for FLOW-0003...
  🔒 FULL_ISOLATION: Triggering Module 4 for FLOW-0003...
    (Would POST to Module 4 API to isolate FLOW-0003)
     ✅ Module 4 isolation triggered
[DatabaseLogger] ✅ Logged FULL_ISOLATION for FLOW-0003 (risk=100.0%, email_sent=None, webhook_sent=None, rate_limit_ip=None, rate_limit_applied=None)
[DatabaseLogger] ✅ Alert aebd3113-ff02-4e05-81cb-22a921358341 created for FLOW-0003 (tier 4)
[DatabaseLogger] ✅ Set FLOW-0003 state to QUARANTINE
[Pipeline] Marked FLOW-0003 as isolated
[Pipeline] FLOW-0004 risk=3.1% -> Tier 1 (LOG)

[Executor] Executing LOG for FLOW-0004...
  ✅ LOG: FLOW-0004 risk=3.11% | Normal operation - risk is low
[DatabaseLogger] ✅ Logged LOG for FLOW-0004 (risk=3.11%, email_sent=None, webhook_sent=None, rate_limit_ip=None, rate_limit_applied=None)
[Pipeline] FLOW-0005 risk=15.4% -> Tier 1 (LOG)

[Executor] Executing LOG for FLOW-0005...
  ✅ LOG: FLOW-0005 risk=15.45% | Normal operation - risk is low
[DatabaseLogger] ✅ Logged LOG for FLOW-0005 (risk=15.45%, email_sent=None, webhook_sent=None, rate_limit_ip=None, rate_limit_applied=None)
[Pipeline] FLOW-0001 risk=0.1% -> Tier 1 (LOG)

[Executor] Executing LOG for FLOW-0001...
  ✅ LOG: FLOW-0001 risk=0.05% | Normal operation - risk is low
[DatabaseLogger] ✅ Logged LOG for FLOW-0001 (risk=0.05%, email_sent=None, webhook_sent=None, rate_limit_ip=None, rate_limit_applied=None)
[Pipeline] FLOW-0002 risk=0.1% -> Tier 1 (LOG)

[Executor] Executing LOG for FLOW-0002...
  ✅ LOG: FLOW-0002 risk=0.06% | Normal operation - risk is low
[DatabaseLogger] ✅ Logged LOG for FLOW-0002 (risk=0.06%, email_sent=None, webhook_sent=None, rate_limit_ip=None, rate_limit_applied=None)
[Pipeline] FLOW-0003 risk=100.0% -> Tier 4 (FULL_ISOLATION)

[Executor] Executing FULL_ISOLATION for FLOW-0003...
  🔒 FULL_ISOLATION: Triggering Module 4 for FLOW-0003...
    (Would POST to Module 4 API to isolate FLOW-0003)
     ✅ Module 4 isolation triggered
[DatabaseLogger] ✅ Logged FULL_ISOLATION for FLOW-0003 (risk=100.0%, email_sent=None, webhook_sent=None, rate_limit_ip=None, rate_limit_applied=None)
[DatabaseLogger] ✅ Alert d119cc80-a277-4777-a520-98c7474babd1 created for FLOW-0003 (tier 4)
[DatabaseLogger] ✅ Set FLOW-0003 state to QUARANTINE
[Pipeline] Marked FLOW-0003 as isolated
[Pipeline] FLOW-0004 risk=3.1% -> Tier 1 (LOG)

[Executor] Executing LOG for FLOW-0004...
  ✅ LOG: FLOW-0004 risk=3.11% | Normal operation - risk is low
[DatabaseLogger] ✅ Logged LOG for FLOW-0004 (risk=3.11%, email_sent=None, webhook_sent=None, rate_limit_ip=None, rate_limit_applied=None)
[Pipeline] FLOW-0005 risk=15.4% -> Tier 1 (LOG)

[Executor] Executing LOG for FLOW-0005...
  ✅ LOG: FLOW-0005 risk=15.45% | Normal operation - risk is low
[DatabaseLogger] ✅ Logged LOG for FLOW-0005 (risk=15.45%, email_sent=None, webhook_sent=None, rate_limit_ip=None, rate_limit_applied=None)
[Pipeline] FLOW-0001 risk=0.1% -> Tier 1 (LOG)

[Executor] Executing LOG for FLOW-0001...
  ✅ LOG: FLOW-0001 risk=0.05% | Normal operation - risk is low
[DatabaseLogger] ✅ Logged LOG for FLOW-0001 (risk=0.05%, email_sent=None, webhook_sent=None, rate_limit_ip=None, rate_limit_applied=None)
[Pipeline] FLOW-0002 risk=0.1% -> Tier 1 (LOG)

[Executor] Executing LOG for FLOW-0002...
  ✅ LOG: FLOW-0002 risk=0.06% | Normal operation - risk is low
[DatabaseLogger] ✅ Logged LOG for FLOW-0002 (risk=0.06%, email_sent=None, webhook_sent=None, rate_limit_ip=None, rate_limit_applied=None)
[Pipeline] FLOW-0003 risk=100.0% -> Tier 4 (FULL_ISOLATION)

[Executor] Executing FULL_ISOLATION for FLOW-0003...
  🔒 FULL_ISOLATION: Triggering Module 4 for FLOW-0003...
    (Would POST to Module 4 API to isolate FLOW-0003)
     ✅ Module 4 isolation triggered
[DatabaseLogger] ✅ Logged FULL_ISOLATION for FLOW-0003 (risk=100.0%, email_sent=None, webhook_sent=None, rate_limit_ip=None, rate_limit_applied=None)
[DatabaseLogger] ✅ Alert 1f61f2cf-a06e-4abe-9011-c1c5a143363b created for FLOW-0003 (tier 4)
[DatabaseLogger] ✅ Set FLOW-0003 state to QUARANTINE
[Pipeline] Marked FLOW-0003 as isolated
[Pipeline] FLOW-0004 risk=3.1% -> Tier 1 (LOG)

[Executor] Executing LOG for FLOW-0004...
  ✅ LOG: FLOW-0004 risk=3.11% | Normal operation - risk is low
[DatabaseLogger] ✅ Logged LOG for FLOW-0004 (risk=3.11%, email_sent=None, webhook_sent=None, rate_limit_ip=None, rate_limit_applied=None)
[Pipeline] FLOW-0005 risk=15.4% -> Tier 1 (LOG)

[Executor] Executing LOG for FLOW-0005...
  ✅ LOG: FLOW-0005 risk=15.45% | Normal operation - risk is low
[DatabaseLogger] ✅ Logged LOG for FLOW-0005 (risk=15.45%, email_sent=None, webhook_sent=None, rate_limit_ip=None, rate_limit_applied=None)
INFO:redis_state_manager:✅ Updated state: FLOW-0005 → LOG (risk=15.4%)
INFO:redis_state_manager:✅ Updated state: FLOW-0001 → LOG (risk=0.1%)
INFO:redis_state_manager:✅ Updated state: FLOW-0002 → LOG (risk=0.1%)
INFO:redis_state_manager:✅ Updated state: FLOW-0003 → FULL_ISOLATION (risk=100.0%)
INFO:redis_state_manager:🔒 Marked isolated: FLOW-0003
INFO:redis_state_manager:✅ Updated state: FLOW-0004 → LOG (risk=3.1%)
INFO:redis_state_manager:✅ Updated state: FLOW-0005 → LOG (risk=15.4%)
INFO:redis_state_manager:✅ Updated state: FLOW-0001 → LOG (risk=0.1%)
INFO:redis_state_manager:✅ Updated state: FLOW-0002 → LOG (risk=0.1%)
INFO:redis_state_manager:✅ Updated state: FLOW-0003 → FULL_ISOLATION (risk=100.0%)
INFO:redis_state_manager:🔒 Marked isolated: FLOW-0003
INFO:redis_state_manager:✅ Updated state: FLOW-0004 → LOG (risk=3.1%)
INFO:redis_state_manager:✅ Updated state: FLOW-0005 → LOG (risk=15.4%)
INFO:redis_state_manager:✅ Updated state: FLOW-0001 → LOG (risk=0.1%)
INFO:redis_state_manager:✅ Updated state: FLOW-0002 → LOG (risk=0.1%)
INFO:redis_state_manager:✅ Updated state: FLOW-0003 → FULL_ISOLATION (risk=100.0%)
INFO:redis_state_manager:🔒 Marked isolated: FLOW-0003
INFO:redis_state_manager:✅ Updated state: FLOW-0004 → LOG (risk=3.1%)
INFO:redis_state_manager:✅ Updated state: FLOW-0005 → LOG (risk=15.4%)
INFO:redis_state_manager:✅ Updated state: FLOW-0001 → LOG (risk=0.1%)
INFO:redis_state_manager:✅ Updated state: FLOW-0002 → LOG (risk=0.1%)
INFO:redis_state_manager:✅ Updated state: FLOW-0003 → FULL_ISOLATION (risk=100.0%)
INFO:redis_state_manager:🔒 Marked isolated: FLOW-0003
INFO:redis_state_manager:✅ Updated state: FLOW-0004 → LOG (risk=3.1%)
INFO:redis_state_manager:✅ Updated state: FLOW-0005 → LOG (risk=15.4%)
INFO:redis_state_manager:✅ Updated state: FLOW-0001 → LOG (risk=0.1%)
INFO:redis_state_manager:✅ Updated state: FLOW-0002 → LOG (risk=0.1%)
[Pipeline] FLOW-0001 risk=0.1% -> Tier 1 (LOG)

[Executor] Executing LOG for FLOW-0001...
  ✅ LOG: FLOW-0001 risk=0.05% | Normal operation - risk is low
[DatabaseLogger] ✅ Logged LOG for FLOW-0001 (risk=0.05%, email_sent=None, webhook_sent=None, rate_limit_ip=None, rate_limit_applied=None)
[Pipeline] FLOW-0002 risk=0.1% -> Tier 1 (LOG)

[Executor] Executing LOG for FLOW-0002...
  ✅ LOG: FLOW-0002 risk=0.06% | Normal operation - risk is low
[DatabaseLogger] ✅ Logged LOG for FLOW-0002 (risk=0.06%, email_sent=None, webhook_sent=None, rate_limit_ip=None, rate_limit_applied=None)
[Pipeline] FLOW-0003 risk=100.0% -> Tier 4 (FULL_ISOLATION)

[Executor] Executing FULL_ISOLATION for FLOW-0003...
  🔒 FULL_ISOLATION: Triggering Module 4 for FLOW-0003...
    (Would POST to Module 4 API to isolate FLOW-0003)
     ✅ Module 4 isolation triggered
[DatabaseLogger] ✅ Logged FULL_ISOLATION for FLOW-0003 (risk=100.0%, email_sent=None, webhook_sent=None, rate_limit_ip=None, rate_limit_applied=None)
[DatabaseLogger] ✅ Alert 2caa9198-f4d0-4ebe-aa3d-1054a0760c52 created for FLOW-0003 (tier 4)
[DatabaseLogger] ✅ Set FLOW-0003 state to QUARANTINE
[Pipeline] Marked FLOW-0003 as isolated
[Pipeline] FLOW-0004 risk=3.1% -> Tier 1 (LOG)

[Executor] Executing LOG for FLOW-0004...
  ✅ LOG: FLOW-0004 risk=3.11% | Normal operation - risk is low
[DatabaseLogger] ✅ Logged LOG for FLOW-0004 (risk=3.11%, email_sent=None, webhook_sent=None, rate_limit_ip=None, rate_limit_applied=None)
[Pipeline] FLOW-0005 risk=15.4% -> Tier 1 (LOG)

[Executor] Executing LOG for FLOW-0005...
  ✅ LOG: FLOW-0005 risk=15.45% | Normal operation - risk is low
[DatabaseLogger] ✅ Logged LOG for FLOW-0005 (risk=15.45%, email_sent=None, webhook_sent=None, rate_limit_ip=None, rate_limit_applied=None)
[Pipeline] FLOW-0001 risk=0.1% -> Tier 1 (LOG)

[Executor] Executing LOG for FLOW-0001...
  ✅ LOG: FLOW-0001 risk=0.05% | Normal operation - risk is low
[DatabaseLogger] ✅ Logged LOG for FLOW-0001 (risk=0.05%, email_sent=None, webhook_sent=None, rate_limit_ip=None, rate_limit_applied=None)
[Pipeline] FLOW-0002 risk=0.1% -> Tier 1 (LOG)

[Executor] Executing LOG for FLOW-0002...
  ✅ LOG: FLOW-0002 risk=0.06% | Normal operation - risk is low
[DatabaseLogger] ✅ Logged LOG for FLOW-0002 (risk=0.06%, email_sent=None, webhook_sent=None, rate_limit_ip=None, rate_limit_applied=None)
[Pipeline] FLOW-0003 risk=100.0% -> Tier 4 (FULL_ISOLATION)

[Executor] Executing FULL_ISOLATION for FLOW-0003...
  🔒 FULL_ISOLATION: Triggering Module 4 for FLOW-0003...
    (Would POST to Module 4 API to isolate FLOW-0003)
     ✅ Module 4 isolation triggered
[DatabaseLogger] ✅ Logged FULL_ISOLATION for FLOW-0003 (risk=100.0%, email_sent=None, webhook_sent=None, rate_limit_ip=None, rate_limit_applied=None)
[DatabaseLogger] ✅ Alert c5d44ac4-a3c6-4365-a1d8-255a88ba4ed6 created for FLOW-0003 (tier 4)
[DatabaseLogger] ✅ Set FLOW-0003 state to QUARANTINE
[Pipeline] Marked FLOW-0003 as isolated
[Pipeline] FLOW-0004 risk=3.1% -> Tier 1 (LOG)

[Executor] Executing LOG for FLOW-0004...
  ✅ LOG: FLOW-0004 risk=3.11% | Normal operation - risk is low
[DatabaseLogger] ✅ Logged LOG for FLOW-0004 (risk=3.11%, email_sent=None, webhook_sent=None, rate_limit_ip=None, rate_limit_applied=None)
[Pipeline] FLOW-0005 risk=15.4% -> Tier 1 (LOG)

[Executor] Executing LOG for FLOW-0005...
  ✅ LOG: FLOW-0005 risk=15.45% | Normal operation - risk is low
[DatabaseLogger] ✅ Logged LOG for FLOW-0005 (risk=15.45%, email_sent=None, webhook_sent=None, rate_limit_ip=None, rate_limit_applied=None)
[Pipeline] FLOW-0001 risk=0.1% -> Tier 1 (LOG)

[Executor] Executing LOG for FLOW-0001...
  ✅ LOG: FLOW-0001 risk=0.05% | Normal operation - risk is low
[DatabaseLogger] ✅ Logged LOG for FLOW-0001 (risk=0.05%, email_sent=None, webhook_sent=None, rate_limit_ip=None, rate_limit_applied=None)
[Pipeline] FLOW-0002 risk=0.1% -> Tier 1 (LOG)

[Executor] Executing LOG for FLOW-0002...
  ✅ LOG: FLOW-0002 risk=0.06% | Normal operation - risk is low
[DatabaseLogger] ✅ Logged LOG for FLOW-0002 (risk=0.06%, email_sent=None, webhook_sent=None, rate_limit_ip=None, rate_limit_applied=None)
[Pipeline] FLOW-0003 risk=100.0% -> Tier 4 (FULL_ISOLATION)

[Executor] Executing FULL_ISOLATION for FLOW-0003...
  🔒 FULL_ISOLATION: Triggering Module 4 for FLOW-0003...
    (Would POST to Module 4 API to isolate FLOW-0003)
     ✅ Module 4 isolation triggered
[DatabaseLogger] ✅ Logged FULL_ISOLATION for FLOW-0003 (risk=100.0%, email_sent=None, webhook_sent=None, rate_limit_ip=None, rate_limit_applied=None)
[DatabaseLogger] ✅ Alert 1400a41b-ab48-4cce-bd09-5c7deeab6fd1 created for FLOW-0003 (tier 4)
[DatabaseLogger] ✅ Set FLOW-0003 state to QUARANTINE
[Pipeline] Marked FLOW-0003 as isolated
[Pipeline] FLOW-0004 risk=3.1% -> Tier 1 (LOG)

[Executor] Executing LOG for FLOW-0004...
  ✅ LOG: FLOW-0004 risk=3.11% | Normal operation - risk is low
[DatabaseLogger] ✅ Logged LOG for FLOW-0004 (risk=3.11%, email_sent=None, webhook_sent=None, rate_limit_ip=None, rate_limit_applied=None)
[Pipeline] FLOW-0005 risk=15.4% -> Tier 1 (LOG)

[Executor] Executing LOG for FLOW-0005...
  ✅ LOG: FLOW-0005 risk=15.45% | Normal operation - risk is low
[DatabaseLogger] ✅ Logged LOG for FLOW-0005 (risk=15.45%, email_sent=None, webhook_sent=None, rate_limit_ip=None, rate_limit_applied=None)
[Pipeline] FLOW-0001 risk=0.1% -> Tier 1 (LOG)

[Executor] Executing LOG for FLOW-0001...
  ✅ LOG: FLOW-0001 risk=0.05% | Normal operation - risk is low
[DatabaseLogger] ✅ Logged LOG for FLOW-0001 (risk=0.05%, email_sent=None, webhook_sent=None, rate_limit_ip=None, rate_limit_applied=None)
[Pipeline] FLOW-0002 risk=0.1% -> Tier 1 (LOG)

[Executor] Executing LOG for FLOW-0002...
  ✅ LOG: FLOW-0002 risk=0.06% | Normal operation - risk is low
[DatabaseLogger] ✅ Logged LOG for FLOW-0002 (risk=0.06%, email_sent=None, webhook_sent=None, rate_limit_ip=None, rate_limit_applied=None)
[Pipeline] FLOW-0003 risk=100.0% -> Tier 4 (FULL_ISOLATION)

[Executor] Executing FULL_ISOLATION for FLOW-0003...
  🔒 FULL_ISOLATION: Triggering Module 4 for FLOW-0003...
    (Would POST to Module 4 API to isolate FLOW-0003)
     ✅ Module 4 isolation triggered
[DatabaseLogger] ✅ Logged FULL_ISOLATION for FLOW-0003 (risk=100.0%, email_sent=None, webhook_sent=None, rate_limit_ip=None, rate_limit_applied=None)
[DatabaseLogger] ✅ Alert 81c35b6f-a49b-4d68-ad45-21de4991c258 created for FLOW-0003 (tier 4)
[DatabaseLogger] ✅ Set FLOW-0003 state to QUARANTINE
[Pipeline] Marked FLOW-0003 as isolated
[Pipeline] FLOW-0004 risk=3.1% -> Tier 1 (LOG)

[Executor] Executing LOG for FLOW-0004...
  ✅ LOG: FLOW-0004 risk=3.11% | Normal operation - risk is low
[DatabaseLogger] ✅ Logged LOG for FLOW-0004 (risk=3.11%, email_sent=None, webhook_sent=None, rate_limit_ip=None, rate_limit_applied=None)
[Pipeline] FLOW-0005 risk=15.4% -> Tier 1 (LOG)

[Executor] Executing LOG for FLOW-0005...
  ✅ LOG: FLOW-0005 risk=15.45% | Normal operation - risk is low
[DatabaseLogger] ✅ Logged LOG for FLOW-0005 (risk=15.45%, email_sent=None, webhook_sent=None, rate_limit_ip=None, rate_limit_applied=None)
[Pipeline] FLOW-0001 risk=0.1% -> Tier 1 (LOG)

[Executor] Executing LOG for FLOW-0001...
  ✅ LOG: FLOW-0001 risk=0.05% | Normal operation - risk is low
[DatabaseLogger] ✅ Logged LOG for FLOW-0001 (risk=0.05%, email_sent=None, webhook_sent=None, rate_limit_ip=None, rate_limit_applied=None)
[Pipeline] FLOW-0002 risk=0.1% -> Tier 1 (LOG)

[Executor] Executing LOG for FLOW-0002...
  ✅ LOG: FLOW-0002 risk=0.06% | Normal operation - risk is low
[DatabaseLogger] ✅ Logged LOG for FLOW-0002 (risk=0.06%, email_sent=None, webhook_sent=None, rate_limit_ip=None, rate_limit_applied=None)
[Pipeline] FLOW-0003 risk=100.0% -> Tier 4 (FULL_ISOLATION)

[Executor] Executing FULL_ISOLATION for FLOW-0003...
  🔒 FULL_ISOLATION: Triggering Module 4 for FLOW-0003...
    (Would POST to Module 4 API to isolate FLOW-0003)
     ✅ Module 4 isolation triggered
[DatabaseLogger] ✅ Logged FULL_ISOLATION for FLOW-0003 (risk=100.0%, email_sent=None, webhook_sent=None, rate_limit_ip=None, rate_limit_applied=None)
[DatabaseLogger] ✅ Alert 07eb379c-145b-4434-ac48-736193cdcd30 created for FLOW-0003 (tier 4)INFO:redis_state_manager:✅ Updated state: FLOW-0003 → FULL_ISOLATION (risk=100.0%)
INFO:redis_state_manager:🔒 Marked isolated: FLOW-0003
INFO:redis_state_manager:✅ Updated state: FLOW-0004 → LOG (risk=3.1%)
INFO:redis_state_manager:✅ Updated state: FLOW-0005 → LOG (risk=15.4%)
INFO:redis_state_manager:✅ Updated state: FLOW-0001 → LOG (risk=0.1%)
INFO:redis_state_manager:✅ Updated state: FLOW-0002 → LOG (risk=0.1%)
INFO:redis_state_manager:✅ Updated state: FLOW-0003 → FULL_ISOLATION (risk=100.0%)
INFO:redis_state_manager:🔒 Marked isolated: FLOW-0003
INFO:redis_state_manager:✅ Updated state: FLOW-0004 → LOG (risk=3.1%)
INFO:redis_state_manager:✅ Updated state: FLOW-0005 → LOG (risk=15.4%)
INFO:redis_state_manager:✅ Updated state: FLOW-0001 → LOG (risk=0.1%)
INFO:redis_state_manager:✅ Updated state: FLOW-0002 → LOG (risk=0.1%)
INFO:redis_state_manager:✅ Updated state: FLOW-0003 → FULL_ISOLATION (risk=100.0%)
INFO:redis_state_manager:🔒 Marked isolated: FLOW-0003
INFO:redis_state_manager:✅ Updated state: FLOW-0004 → LOG (risk=3.1%)
INFO:redis_state_manager:✅ Updated state: FLOW-0005 → LOG (risk=15.4%)
INFO:redis_state_manager:✅ Updated state: FLOW-0001 → LOG (risk=0.1%)
INFO:redis_state_manager:✅ Updated state: FLOW-0002 → LOG (risk=0.1%)
INFO:redis_state_manager:✅ Updated state: FLOW-0003 → FULL_ISOLATION (risk=100.0%)
INFO:redis_state_manager:🔒 Marked isolated: FLOW-0003
INFO:redis_state_manager:✅ Updated state: FLOW-0004 → LOG (risk=3.1%)
INFO:redis_state_manager:✅ Updated state: FLOW-0005 → LOG (risk=15.4%)
INFO:redis_state_manager:✅ Updated state: FLOW-0001 → LOG (risk=0.1%)
INFO:redis_state_manager:✅ Updated state: FLOW-0002 → LOG (risk=0.1%)
INFO:redis_state_manager:✅ Updated state: FLOW-0003 → FULL_ISOLATION (risk=100.0%)
INFO:redis_state_manager:🔒 Marked isolated: FLOW-0003
INFO:redis_state_manager:✅ Updated state: FLOW-0004 → LOG (risk=3.1%)
INFO:redis_state_manager:✅ Updated state: FLOW-0005 → LOG (risk=15.4%)
INFO:redis_state_manager:✅ Updated state: FLOW-0001 → LOG (risk=0.1%)

[DatabaseLogger] ✅ Set FLOW-0003 state to QUARANTINE
[Pipeline] Marked FLOW-0003 as isolated
[Pipeline] FLOW-0004 risk=3.1% -> Tier 1 (LOG)

[Executor] Executing LOG for FLOW-0004...
  ✅ LOG: FLOW-0004 risk=3.11% | Normal operation - risk is low
[DatabaseLogger] ✅ Logged LOG for FLOW-0004 (risk=3.11%, email_sent=None, webhook_sent=None, rate_limit_ip=None, rate_limit_applied=None)
[Pipeline] FLOW-0005 risk=15.4% -> Tier 1 (LOG)

[Executor] Executing LOG for FLOW-0005...
  ✅ LOG: FLOW-0005 risk=15.45% | Normal operation - risk is low
[DatabaseLogger] ✅ Logged LOG for FLOW-0005 (risk=15.45%, email_sent=None, webhook_sent=None, rate_limit_ip=None, rate_limit_applied=None)
[Pipeline] FLOW-0001 risk=0.1% -> Tier 1 (LOG)

[Executor] Executing LOG for FLOW-0001...
  ✅ LOG: FLOW-0001 risk=0.05% | Normal operation - risk is low
[DatabaseLogger] ✅ Logged LOG for FLOW-0001 (risk=0.05%, email_sent=None, webhook_sent=None, rate_limit_ip=None, rate_limit_applied=None)
[Pipeline] FLOW-0002 risk=0.1% -> Tier 1 (LOG)

[Executor] Executing LOG for FLOW-0002...
  ✅ LOG: FLOW-0002 risk=0.06% | Normal operation - risk is low
[DatabaseLogger] ✅ Logged LOG for FLOW-0002 (risk=0.06%, email_sent=None, webhook_sent=None, rate_limit_ip=None, rate_limit_applied=None)
[Pipeline] FLOW-0003 risk=100.0% -> Tier 4 (FULL_ISOLATION)

[Executor] Executing FULL_ISOLATION for FLOW-0003...
  🔒 FULL_ISOLATION: Triggering Module 4 for FLOW-0003...
    (Would POST to Module 4 API to isolate FLOW-0003)
     ✅ Module 4 isolation triggered
[DatabaseLogger] ✅ Logged FULL_ISOLATION for FLOW-0003 (risk=100.0%, email_sent=None, webhook_sent=None, rate_limit_ip=None, rate_limit_applied=None)
[DatabaseLogger] ✅ Alert 5d41fda5-a51c-4774-9d4e-ac021950003e created for FLOW-0003 (tier 4)
[DatabaseLogger] ✅ Set FLOW-0003 state to QUARANTINE
[Pipeline] Marked FLOW-0003 as isolated
[Pipeline] FLOW-0004 risk=3.1% -> Tier 1 (LOG)

[Executor] Executing LOG for FLOW-0004...
  ✅ LOG: FLOW-0004 risk=3.11% | Normal operation - risk is low
[DatabaseLogger] ✅ Logged LOG for FLOW-0004 (risk=3.11%, email_sent=None, webhook_sent=None, rate_limit_ip=None, rate_limit_applied=None)
[Pipeline] FLOW-0005 risk=15.4% -> Tier 1 (LOG)

[Executor] Executing LOG for FLOW-0005...
  ✅ LOG: FLOW-0005 risk=15.45% | Normal operation - risk is low
[DatabaseLogger] ✅ Logged LOG for FLOW-0005 (risk=15.45%, email_sent=None, webhook_sent=None, rate_limit_ip=None, rate_limit_applied=None)
[Pipeline] FLOW-0001 risk=0.1% -> Tier 1 (LOG)

[Executor] Executing LOG for FLOW-0001...
  ✅ LOG: FLOW-0001 risk=0.05% | Normal operation - risk is low
[DatabaseLogger] ✅ Logged LOG for FLOW-0001 (risk=0.05%, email_sent=None, webhook_sent=None, rate_limit_ip=None, rate_limit_applied=None)
[Pipeline] FLOW-0002 risk=0.1% -> Tier 1 (LOG)

[Executor] Executing LOG for FLOW-0002...
  ✅ LOG: FLOW-0002 risk=0.06% | Normal operation - risk is low
[DatabaseLogger] ✅ Logged LOG for FLOW-0002 (risk=0.06%, email_sent=None, webhook_sent=None, rate_limit_ip=None, rate_limit_applied=None)
[Pipeline] FLOW-0003 risk=100.0% -> Tier 4 (FULL_ISOLATION)

[Executor] Executing FULL_ISOLATION for FLOW-0003...
  🔒 FULL_ISOLATION: Triggering Module 4 for FLOW-0003...
    (Would POST to Module 4 API to isolate FLOW-0003)
     ✅ Module 4 isolation triggered
[DatabaseLogger] ✅ Logged FULL_ISOLATION for FLOW-0003 (risk=100.0%, email_sent=None, webhook_sent=None, rate_limit_ip=None, rate_limit_applied=None)
[DatabaseLogger] ✅ Alert d89067eb-ed99-4bf9-a9ea-d4e4e8ed773e created for FLOW-0003 (tier 4)
[DatabaseLogger] ✅ Set FLOW-0003 state to QUARANTINE
[Pipeline] Marked FLOW-0003 as isolated
[Pipeline] FLOW-0004 risk=3.1% -> Tier 1 (LOG)

[Executor] Executing LOG for FLOW-0004...
  ✅ LOG: FLOW-0004 risk=3.11% | Normal operation - risk is low
[DatabaseLogger] ✅ Logged LOG for FLOW-0004 (risk=3.11%, email_sent=None, webhook_sent=None, rate_limit_ip=None, rate_limit_applied=None)
[Pipeline] FLOW-0005 risk=15.4% -> Tier 1 (LOG)

[Executor] Executing LOG for FLOW-0005...
  ✅ LOG: FLOW-0005 risk=15.45% | Normal operation - risk is low
[DatabaseLogger] ✅ Logged LOG for FLOW-0005 (risk=15.45%, email_sent=None, webhook_sent=None, rate_limit_ip=None, rate_limit_applied=None)
[Pipeline] FLOW-0001 risk=0.1% -> Tier 1 (LOG)

[Executor] Executing LOG for FLOW-0001...
  ✅ LOG: FLOW-0001 risk=0.05% | Normal operation - risk is low
[DatabaseLogger] ✅ Logged LOG for FLOW-0001 (risk=0.05%, email_sent=None, webhook_sent=None, rate_limit_ip=None, rate_limit_applied=None)
[Pipeline] FLOW-0002 risk=0.1% -> Tier 1 (LOG)

[Executor] Executing LOG for FLOW-0002...
  ✅ LOG: FLOW-0002 risk=0.06% | Normal operation - risk is low
[DatabaseLogger] ✅ Logged LOG for FLOW-0002 (risk=0.06%, email_sent=None, webhook_sent=None, rate_limit_ip=None, rate_limit_applied=None)
[Pipeline] FLOW-0003 risk=100.0% -> Tier 4 (FULL_ISOLATION)

[Executor] Executing FULL_ISOLATION for FLOW-0003...
  🔒 FULL_ISOLATION: Triggering Module 4 for FLOW-0003...
    (Would POST to Module 4 API to isolate FLOW-0003)
     ✅ Module 4 isolation triggered
[DatabaseLogger] ✅ Logged FULL_ISOLATION for FLOW-0003 (risk=100.0%, email_sent=None, webhook_sent=None, rate_limit_ip=None, rate_limit_applied=None)
[DatabaseLogger] ✅ Alert 5dbb036a-8ce9-4f5c-b80f-15f91688e682 created for FLOW-0003 (tier 4)
[DatabaseLogger] ✅ Set FLOW-0003 state to QUARANTINE
[Pipeline] Marked FLOW-0003 as isolated
[Pipeline] FLOW-0004 risk=3.1% -> Tier 1 (LOG)

[Executor] Executing LOG for FLOW-0004...
  ✅ LOG: FLOW-0004 risk=3.11% | Normal operation - risk is low
[DatabaseLogger] ✅ Logged LOG for FLOW-0004 (risk=3.11%, email_sent=None, webhook_sent=None, rate_limit_ip=None, rate_limit_applied=None)
[Pipeline] FLOW-0005 risk=15.4% -> Tier 1 (LOG)

[Executor] Executing LOG for FLOW-0005...
  ✅ LOG: FLOW-0005 risk=15.45% | Normal operation - risk is low
[DatabaseLogger] ✅ Logged LOG for FLOW-0005 (risk=15.45%, email_sent=None, webhook_sent=None, rate_limit_ip=None, rate_limit_applied=None)
[Pipeline] FLOW-0001 risk=0.1% -> Tier 1 (LOG)

[Executor] Executing LOG for FLOW-0001...
  ✅ LOG: FLOW-0001 risk=0.05% | Normal operation - risk is low
[DatabaseLogger] ✅ Logged LOG for FLOW-0001 (risk=0.05%, email_sent=None, webhook_sent=None, rate_limit_ip=None, rate_limit_applied=None)
[Pipeline] FLOW-0002 risk=0.1% -> Tier 1 (LOG)

[Executor] Executing LOG for FLOW-0002...
  ✅ LOG: FLOW-0002 risk=0.06% | Normal operation - risk is low
[DatabaseLogger] ✅ Logged LOG for FLOW-0002 (risk=0.06%, email_sent=None, webhook_sent=None, rate_limit_ip=None, rate_limit_applied=None)
[Pipeline] FLOW-0003 risk=100.0% -> Tier 4 (FULL_ISOLATION)

[Executor] Executing FULL_ISOLATION for FLOW-0003...
  🔒 FULL_ISOLATION: Triggering Module 4 for FLOW-0003...
    (Would POST to Module 4 API to isolate FLOW-0003)
     ✅ Module 4 isolation triggered
[DatabaseLogger] ✅ Logged FULL_ISOLATION for FLOW-0003 (risk=100.0%, email_sent=None, webhook_sent=None, rate_limit_ip=None, rate_limit_applied=None)
[DatabaseLogger] ✅ Alert cd595eb8-72f8-4082-acd7-05213d2881f9 created for FLOW-0003 (tier 4)
[DatabaseLogger] ✅ Set FLOW-0003 state to QUARANTINE
[Pipeline] Marked FLOW-0003 as isolated
[Pipeline] FLOW-0004 risk=3.1% -> Tier 1 (LOG)

[Executor] Executing LOG for FLOW-0004...
  ✅ LOG: FLOW-0004 risk=3.11% | Normal operation - risk is low
[DatabaseLogger] ✅ Logged LOG for FLOW-0004 (risk=3.11%, email_sent=None, webhook_sent=None, rate_limit_ip=None, rate_limit_applied=None)
[Pipeline] FLOW-0005 risk=15.4% -> Tier 1 (LOG)

[Executor] Executing LOG for FLOW-0005...
  ✅ LOG: FLOW-0005 risk=15.45% | Normal operation - risk is low
[DatabaseLogger] ✅ Logged LOG for FLOW-0005 (risk=15.45%, email_sent=None, webhook_sent=None, rate_limit_ip=None, rate_limit_applied=None)
[Pipeline] FLOW-0001 risk=0.1% -> Tier 1 (LOG)

[Executor] Executing LOG for FLOW-0001...
  ✅ LOG: FLOW-0001 risk=0.05% | Normal operation - risk is low
[DatabaseLogger] ✅ Logged LOG for FLOW-0001 (risk=0.05%, email_sent=None, webhook_sent=None, rate_limit_ip=None, rate_limit_applied=None)
[Pipeline] FLOW-0002 risk=0.1% -> Tier 1 (LOG)INFO:redis_state_manager:✅ Updated state: FLOW-0002 → LOG (risk=0.1%)
INFO:redis_state_manager:✅ Updated state: FLOW-0003 → FULL_ISOLATION (risk=100.0%)
INFO:redis_state_manager:🔒 Marked isolated: FLOW-0003
INFO:redis_state_manager:✅ Updated state: FLOW-0004 → LOG (risk=3.1%)
INFO:redis_state_manager:✅ Updated state: FLOW-0005 → LOG (risk=15.4%)
INFO:redis_state_manager:✅ Updated state: FLOW-0001 → LOG (risk=0.1%)
INFO:redis_state_manager:✅ Updated state: FLOW-0002 → LOG (risk=0.1%)
INFO:redis_state_manager:✅ Updated state: FLOW-0003 → FULL_ISOLATION (risk=100.0%)
INFO:redis_state_manager:🔒 Marked isolated: FLOW-0003
INFO:redis_state_manager:✅ Updated state: FLOW-0004 → LOG (risk=3.1%)
INFO:redis_state_manager:✅ Updated state: FLOW-0005 → LOG (risk=15.4%)
INFO:redis_state_manager:✅ Updated state: FLOW-0001 → LOG (risk=0.1%)
INFO:redis_state_manager:✅ Updated state: FLOW-0002 → LOG (risk=0.1%)
INFO:redis_state_manager:✅ Updated state: FLOW-0003 → FULL_ISOLATION (risk=100.0%)
INFO:redis_state_manager:🔒 Marked isolated: FLOW-0003
INFO:redis_state_manager:✅ Updated state: FLOW-0004 → LOG (risk=3.1%)
INFO:redis_state_manager:✅ Updated state: FLOW-0005 → LOG (risk=15.4%)
INFO:redis_state_manager:✅ Updated state: FLOW-0001 → LOG (risk=0.1%)
INFO:redis_state_manager:✅ Updated state: FLOW-0002 → LOG (risk=0.1%)
INFO:redis_state_manager:✅ Updated state: FLOW-0003 → FULL_ISOLATION (risk=100.0%)
INFO:redis_state_manager:🔒 Marked isolated: FLOW-0003
INFO:redis_state_manager:✅ Updated state: FLOW-0004 → LOG (risk=3.1%)
INFO:redis_state_manager:✅ Updated state: FLOW-0005 → LOG (risk=15.4%)
INFO:redis_state_manager:✅ Updated state: FLOW-0001 → LOG (risk=0.1%)
INFO:redis_state_manager:✅ Updated state: FLOW-0002 → LOG (risk=0.1%)
INFO:redis_state_manager:✅ Updated state: FLOW-0003 → FULL_ISOLATION (risk=100.0%)
INFO:redis_state_manager:🔒 Marked isolated: FLOW-0003


[Executor] Executing LOG for FLOW-0002...
  ✅ LOG: FLOW-0002 risk=0.06% | Normal operation - risk is low
[DatabaseLogger] ✅ Logged LOG for FLOW-0002 (risk=0.06%, email_sent=None, webhook_sent=None, rate_limit_ip=None, rate_limit_applied=None)
[Pipeline] FLOW-0003 risk=100.0% -> Tier 4 (FULL_ISOLATION)

[Executor] Executing FULL_ISOLATION for FLOW-0003...
  🔒 FULL_ISOLATION: Triggering Module 4 for FLOW-0003...
    (Would POST to Module 4 API to isolate FLOW-0003)
     ✅ Module 4 isolation triggered
[DatabaseLogger] ✅ Logged FULL_ISOLATION for FLOW-0003 (risk=100.0%, email_sent=None, webhook_sent=None, rate_limit_ip=None, rate_limit_applied=None)
[DatabaseLogger] ✅ Alert df9326bc-e859-4cf8-93b8-cdd235a63d66 created for FLOW-0003 (tier 4)
[DatabaseLogger] ✅ Set FLOW-0003 state to QUARANTINE
[Pipeline] Marked FLOW-0003 as isolated
[Pipeline] FLOW-0004 risk=3.1% -> Tier 1 (LOG)

[Executor] Executing LOG for FLOW-0004...
  ✅ LOG: FLOW-0004 risk=3.11% | Normal operation - risk is low
[DatabaseLogger] ✅ Logged LOG for FLOW-0004 (risk=3.11%, email_sent=None, webhook_sent=None, rate_limit_ip=None, rate_limit_applied=None)
[Pipeline] FLOW-0005 risk=15.4% -> Tier 1 (LOG)

[Executor] Executing LOG for FLOW-0005...
  ✅ LOG: FLOW-0005 risk=15.45% | Normal operation - risk is low
[DatabaseLogger] ✅ Logged LOG for FLOW-0005 (risk=15.45%, email_sent=None, webhook_sent=None, rate_limit_ip=None, rate_limit_applied=None)
[Pipeline] FLOW-0001 risk=0.1% -> Tier 1 (LOG)

[Executor] Executing LOG for FLOW-0001...
  ✅ LOG: FLOW-0001 risk=0.05% | Normal operation - risk is low
[DatabaseLogger] ✅ Logged LOG for FLOW-0001 (risk=0.05%, email_sent=None, webhook_sent=None, rate_limit_ip=None, rate_limit_applied=None)
[Pipeline] FLOW-0002 risk=0.1% -> Tier 1 (LOG)

[Executor] Executing LOG for FLOW-0002...
  ✅ LOG: FLOW-0002 risk=0.06% | Normal operation - risk is low
[DatabaseLogger] ✅ Logged LOG for FLOW-0002 (risk=0.06%, email_sent=None, webhook_sent=None, rate_limit_ip=None, rate_limit_applied=None)
[Pipeline] FLOW-0003 risk=100.0% -> Tier 4 (FULL_ISOLATION)

[Executor] Executing FULL_ISOLATION for FLOW-0003...
  🔒 FULL_ISOLATION: Triggering Module 4 for FLOW-0003...
    (Would POST to Module 4 API to isolate FLOW-0003)
     ✅ Module 4 isolation triggered
[DatabaseLogger] ✅ Logged FULL_ISOLATION for FLOW-0003 (risk=100.0%, email_sent=None, webhook_sent=None, rate_limit_ip=None, rate_limit_applied=None)
[DatabaseLogger] ✅ Alert 57afbc0d-b24a-46e6-9987-f1263fb5f1bb created for FLOW-0003 (tier 4)
[DatabaseLogger] ✅ Set FLOW-0003 state to QUARANTINE
[Pipeline] Marked FLOW-0003 as isolated
[Pipeline] FLOW-0004 risk=3.1% -> Tier 1 (LOG)

[Executor] Executing LOG for FLOW-0004...
  ✅ LOG: FLOW-0004 risk=3.11% | Normal operation - risk is low
[DatabaseLogger] ✅ Logged LOG for FLOW-0004 (risk=3.11%, email_sent=None, webhook_sent=None, rate_limit_ip=None, rate_limit_applied=None)
[Pipeline] FLOW-0005 risk=15.4% -> Tier 1 (LOG)

[Executor] Executing LOG for FLOW-0005...
  ✅ LOG: FLOW-0005 risk=15.45% | Normal operation - risk is low
[DatabaseLogger] ✅ Logged LOG for FLOW-0005 (risk=15.45%, email_sent=None, webhook_sent=None, rate_limit_ip=None, rate_limit_applied=None)
[Pipeline] FLOW-0001 risk=0.1% -> Tier 1 (LOG)

[Executor] Executing LOG for FLOW-0001...
  ✅ LOG: FLOW-0001 risk=0.05% | Normal operation - risk is low
[DatabaseLogger] ✅ Logged LOG for FLOW-0001 (risk=0.05%, email_sent=None, webhook_sent=None, rate_limit_ip=None, rate_limit_applied=None)
[Pipeline] FLOW-0002 risk=0.1% -> Tier 1 (LOG)

[Executor] Executing LOG for FLOW-0002...
  ✅ LOG: FLOW-0002 risk=0.06% | Normal operation - risk is low
[DatabaseLogger] ✅ Logged LOG for FLOW-0002 (risk=0.06%, email_sent=None, webhook_sent=None, rate_limit_ip=None, rate_limit_applied=None)
[Pipeline] FLOW-0003 risk=100.0% -> Tier 4 (FULL_ISOLATION)

[Executor] Executing FULL_ISOLATION for FLOW-0003...
  🔒 FULL_ISOLATION: Triggering Module 4 for FLOW-0003...
    (Would POST to Module 4 API to isolate FLOW-0003)
     ✅ Module 4 isolation triggered
[DatabaseLogger] ✅ Logged FULL_ISOLATION for FLOW-0003 (risk=100.0%, email_sent=None, webhook_sent=None, rate_limit_ip=None, rate_limit_applied=None)
[DatabaseLogger] ✅ Alert cc741bab-4b23-4bca-9af5-a3b1353e716e created for FLOW-0003 (tier 4)
[DatabaseLogger] ✅ Set FLOW-0003 state to QUARANTINE
[Pipeline] Marked FLOW-0003 as isolated
[Pipeline] FLOW-0004 risk=3.1% -> Tier 1 (LOG)

[Executor] Executing LOG for FLOW-0004...
  ✅ LOG: FLOW-0004 risk=3.11% | Normal operation - risk is low
[DatabaseLogger] ✅ Logged LOG for FLOW-0004 (risk=3.11%, email_sent=None, webhook_sent=None, rate_limit_ip=None, rate_limit_applied=None)
[Pipeline] FLOW-0005 risk=15.4% -> Tier 1 (LOG)

[Executor] Executing LOG for FLOW-0005...
  ✅ LOG: FLOW-0005 risk=15.45% | Normal operation - risk is low
[DatabaseLogger] ✅ Logged LOG for FLOW-0005 (risk=15.45%, email_sent=None, webhook_sent=None, rate_limit_ip=None, rate_limit_applied=None)
[Pipeline] FLOW-0001 risk=0.1% -> Tier 1 (LOG)

[Executor] Executing LOG for FLOW-0001...
  ✅ LOG: FLOW-0001 risk=0.05% | Normal operation - risk is low
[DatabaseLogger] ✅ Logged LOG for FLOW-0001 (risk=0.05%, email_sent=None, webhook_sent=None, rate_limit_ip=None, rate_limit_applied=None)
[Pipeline] FLOW-0002 risk=0.1% -> Tier 1 (LOG)

[Executor] Executing LOG for FLOW-0002...
  ✅ LOG: FLOW-0002 risk=0.06% | Normal operation - risk is low
[DatabaseLogger] ✅ Logged LOG for FLOW-0002 (risk=0.06%, email_sent=None, webhook_sent=None, rate_limit_ip=None, rate_limit_applied=None)
[Pipeline] FLOW-0003 risk=100.0% -> Tier 4 (FULL_ISOLATION)

[Executor] Executing FULL_ISOLATION for FLOW-0003...
  🔒 FULL_ISOLATION: Triggering Module 4 for FLOW-0003...
    (Would POST to Module 4 API to isolate FLOW-0003)
     ✅ Module 4 isolation triggered
[DatabaseLogger] ✅ Logged FULL_ISOLATION for FLOW-0003 (risk=100.0%, email_sent=None, webhook_sent=None, rate_limit_ip=None, rate_limit_applied=None)
[DatabaseLogger] ✅ Alert 955705bf-bb95-4244-a249-8c326a6fac37 created for FLOW-0003 (tier 4)
[DatabaseLogger] ✅ Set FLOW-0003 state to QUARANTINE
[Pipeline] Marked FLOW-0003 as isolated
[Pipeline] FLOW-0004 risk=3.1% -> Tier 1 (LOG)

[Executor] Executing LOG for FLOW-0004...
  ✅ LOG: FLOW-0004 risk=3.11% | Normal operation - risk is low
[DatabaseLogger] ✅ Logged LOG for FLOW-0004 (risk=3.11%, email_sent=None, webhook_sent=None, rate_limit_ip=None, rate_limit_applied=None)
[Pipeline] FLOW-0005 risk=15.4% -> Tier 1 (LOG)

[Executor] Executing LOG for FLOW-0005...
  ✅ LOG: FLOW-0005 risk=15.45% | Normal operation - risk is low
[DatabaseLogger] ✅ Logged LOG for FLOW-0005 (risk=15.45%, email_sent=None, webhook_sent=None, rate_limit_ip=None, rate_limit_applied=None)
[Pipeline] FLOW-0001 risk=0.1% -> Tier 1 (LOG)

[Executor] Executing LOG for FLOW-0001...
  ✅ LOG: FLOW-0001 risk=0.05% | Normal operation - risk is low
[DatabaseLogger] ✅ Logged LOG for FLOW-0001 (risk=0.05%, email_sent=None, webhook_sent=None, rate_limit_ip=None, rate_limit_applied=None)
[Pipeline] FLOW-0002 risk=0.1% -> Tier 1 (LOG)

[Executor] Executing LOG for FLOW-0002...
  ✅ LOG: FLOW-0002 risk=0.06% | Normal operation - risk is low
[DatabaseLogger] ✅ Logged LOG for FLOW-0002 (risk=0.06%, email_sent=None, webhook_sent=None, rate_limit_ip=None, rate_limit_applied=None)
[Pipeline] FLOW-0003 risk=100.0% -> Tier 4 (FULL_ISOLATION)

[Executor] Executing FULL_ISOLATION for FLOW-0003...
  🔒 FULL_ISOLATION: Triggering Module 4 for FLOW-0003...
    (Would POST to Module 4 API to isolate FLOW-0003)
     ✅ Module 4 isolation triggered
[DatabaseLogger] ✅ Logged FULL_ISOLATION for FLOW-0003 (risk=100.0%, email_sent=None, webhook_sent=None, rate_limit_ip=None, rate_limit_applied=None)
[DatabaseLogger] ✅ Alert 8e69e757-dc99-4a4c-89d1-b932f285ebee created for FLOW-0003 (tier 4)
[DatabaseLogger] ✅ Set FLOW-0003 state to QUARANTINE
[Pipeline] Marked FLOW-0003 as isolated
[Pipeline] FLOW-0004 risk=3.1% -> Tier 1 (LOG)

[Executor] Executing LOG for FLOW-0004...
  ✅ LOG: FLOW-0004 risk=3.11% | Normal operation - risk is low
[DatabaseLogger] ✅ Logged LOG for FLOW-0004 (risk=3.11%, email_sent=None, webhook_sent=None, rate_limit_ip=None, rate_limit_applied=None)INFO:redis_state_manager:✅ Updated state: FLOW-0004 → LOG (risk=3.1%)
INFO:redis_state_manager:✅ Updated state: FLOW-0005 → LOG (risk=15.4%)
INFO:redis_state_manager:✅ Updated state: FLOW-0001 → LOG (risk=0.1%)
INFO:redis_state_manager:✅ Updated state: FLOW-0002 → LOG (risk=0.1%)
INFO:redis_state_manager:✅ Updated state: FLOW-0003 → FULL_ISOLATION (risk=100.0%)
INFO:redis_state_manager:🔒 Marked isolated: FLOW-0003
INFO:redis_state_manager:✅ Updated state: FLOW-0004 → LOG (risk=3.1%)
INFO:redis_state_manager:✅ Updated state: FLOW-0005 → LOG (risk=15.4%)
INFO:redis_state_manager:✅ Updated state: FLOW-0001 → LOG (risk=0.1%)
INFO:redis_state_manager:✅ Updated state: FLOW-0002 → LOG (risk=0.1%)
INFO:redis_state_manager:✅ Updated state: FLOW-0003 → FULL_ISOLATION (risk=100.0%)
INFO:redis_state_manager:🔒 Marked isolated: FLOW-0003
INFO:redis_state_manager:✅ Updated state: FLOW-0004 → LOG (risk=3.1%)
INFO:redis_state_manager:✅ Updated state: FLOW-0005 → LOG (risk=15.4%)
INFO:redis_state_manager:✅ Updated state: FLOW-0001 → LOG (risk=0.1%)
INFO:redis_state_manager:✅ Updated state: FLOW-0002 → LOG (risk=0.1%)
INFO:redis_state_manager:✅ Updated state: FLOW-0003 → FULL_ISOLATION (risk=100.0%)
INFO:redis_state_manager:🔒 Marked isolated: FLOW-0003
INFO:redis_state_manager:✅ Updated state: FLOW-0004 → LOG (risk=3.1%)
INFO:redis_state_manager:✅ Updated state: FLOW-0005 → LOG (risk=15.4%)
INFO:redis_state_manager:✅ Updated state: FLOW-0001 → LOG (risk=0.1%)
INFO:redis_state_manager:✅ Updated state: FLOW-0002 → LOG (risk=0.1%)
INFO:redis_state_manager:✅ Updated state: FLOW-0003 → FULL_ISOLATION (risk=100.0%)
INFO:redis_state_manager:🔒 Marked isolated: FLOW-0003
INFO:redis_state_manager:✅ Updated state: FLOW-0004 → LOG (risk=3.1%)
INFO:redis_state_manager:✅ Updated state: FLOW-0005 → LOG (risk=15.4%)
INFO:redis_state_manager:✅ Updated state: FLOW-0001 → LOG (risk=0.1%)
INFO:redis_state_manager:✅ Updated state: FLOW-0002 → LOG (risk=0.1%)

[Pipeline] FLOW-0005 risk=15.4% -> Tier 1 (LOG)

[Executor] Executing LOG for FLOW-0005...
  ✅ LOG: FLOW-0005 risk=15.45% | Normal operation - risk is low
[DatabaseLogger] ✅ Logged LOG for FLOW-0005 (risk=15.45%, email_sent=None, webhook_sent=None, rate_limit_ip=None, rate_limit_applied=None)
[Pipeline] FLOW-0001 risk=0.1% -> Tier 1 (LOG)

[Executor] Executing LOG for FLOW-0001...
  ✅ LOG: FLOW-0001 risk=0.05% | Normal operation - risk is low
[DatabaseLogger] ✅ Logged LOG for FLOW-0001 (risk=0.05%, email_sent=None, webhook_sent=None, rate_limit_ip=None, rate_limit_applied=None)
[Pipeline] FLOW-0002 risk=0.1% -> Tier 1 (LOG)

[Executor] Executing LOG for FLOW-0002...
  ✅ LOG: FLOW-0002 risk=0.06% | Normal operation - risk is low
[DatabaseLogger] ✅ Logged LOG for FLOW-0002 (risk=0.06%, email_sent=None, webhook_sent=None, rate_limit_ip=None, rate_limit_applied=None)
[Pipeline] FLOW-0003 risk=100.0% -> Tier 4 (FULL_ISOLATION)

[Executor] Executing FULL_ISOLATION for FLOW-0003...
  🔒 FULL_ISOLATION: Triggering Module 4 for FLOW-0003...
    (Would POST to Module 4 API to isolate FLOW-0003)
     ✅ Module 4 isolation triggered
[DatabaseLogger] ✅ Logged FULL_ISOLATION for FLOW-0003 (risk=100.0%, email_sent=None, webhook_sent=None, rate_limit_ip=None, rate_limit_applied=None)
[DatabaseLogger] ✅ Alert 44d48915-d010-4478-ae00-86af5c010036 created for FLOW-0003 (tier 4)
[DatabaseLogger] ✅ Set FLOW-0003 state to QUARANTINE
[Pipeline] Marked FLOW-0003 as isolated
[Pipeline] FLOW-0004 risk=3.1% -> Tier 1 (LOG)

[Executor] Executing LOG for FLOW-0004...
  ✅ LOG: FLOW-0004 risk=3.11% | Normal operation - risk is low
[DatabaseLogger] ✅ Logged LOG for FLOW-0004 (risk=3.11%, email_sent=None, webhook_sent=None, rate_limit_ip=None, rate_limit_applied=None)
[Pipeline] FLOW-0005 risk=15.4% -> Tier 1 (LOG)

[Executor] Executing LOG for FLOW-0005...
  ✅ LOG: FLOW-0005 risk=15.45% | Normal operation - risk is low
[DatabaseLogger] ✅ Logged LOG for FLOW-0005 (risk=15.45%, email_sent=None, webhook_sent=None, rate_limit_ip=None, rate_limit_applied=None)
[Pipeline] FLOW-0001 risk=0.1% -> Tier 1 (LOG)

[Executor] Executing LOG for FLOW-0001...
  ✅ LOG: FLOW-0001 risk=0.05% | Normal operation - risk is low
[DatabaseLogger] ✅ Logged LOG for FLOW-0001 (risk=0.05%, email_sent=None, webhook_sent=None, rate_limit_ip=None, rate_limit_applied=None)
[Pipeline] FLOW-0002 risk=0.1% -> Tier 1 (LOG)

[Executor] Executing LOG for FLOW-0002...
  ✅ LOG: FLOW-0002 risk=0.06% | Normal operation - risk is low
[DatabaseLogger] ✅ Logged LOG for FLOW-0002 (risk=0.06%, email_sent=None, webhook_sent=None, rate_limit_ip=None, rate_limit_applied=None)
[Pipeline] FLOW-0003 risk=100.0% -> Tier 4 (FULL_ISOLATION)

[Executor] Executing FULL_ISOLATION for FLOW-0003...
  🔒 FULL_ISOLATION: Triggering Module 4 for FLOW-0003...
    (Would POST to Module 4 API to isolate FLOW-0003)
     ✅ Module 4 isolation triggered
[DatabaseLogger] ✅ Logged FULL_ISOLATION for FLOW-0003 (risk=100.0%, email_sent=None, webhook_sent=None, rate_limit_ip=None, rate_limit_applied=None)
[DatabaseLogger] ✅ Alert 3b518828-31f5-4fd2-8aa6-b027b1cdf63d created for FLOW-0003 (tier 4)
[DatabaseLogger] ✅ Set FLOW-0003 state to QUARANTINE
[Pipeline] Marked FLOW-0003 as isolated
[Pipeline] FLOW-0004 risk=3.1% -> Tier 1 (LOG)

[Executor] Executing LOG for FLOW-0004...
  ✅ LOG: FLOW-0004 risk=3.11% | Normal operation - risk is low
[DatabaseLogger] ✅ Logged LOG for FLOW-0004 (risk=3.11%, email_sent=None, webhook_sent=None, rate_limit_ip=None, rate_limit_applied=None)
[Pipeline] FLOW-0005 risk=15.4% -> Tier 1 (LOG)

[Executor] Executing LOG for FLOW-0005...
  ✅ LOG: FLOW-0005 risk=15.45% | Normal operation - risk is low
[DatabaseLogger] ✅ Logged LOG for FLOW-0005 (risk=15.45%, email_sent=None, webhook_sent=None, rate_limit_ip=None, rate_limit_applied=None)
[Pipeline] FLOW-0001 risk=0.1% -> Tier 1 (LOG)

[Executor] Executing LOG for FLOW-0001...
  ✅ LOG: FLOW-0001 risk=0.05% | Normal operation - risk is low
[DatabaseLogger] ✅ Logged LOG for FLOW-0001 (risk=0.05%, email_sent=None, webhook_sent=None, rate_limit_ip=None, rate_limit_applied=None)
[Pipeline] FLOW-0002 risk=0.1% -> Tier 1 (LOG)

[Executor] Executing LOG for FLOW-0002...
  ✅ LOG: FLOW-0002 risk=0.06% | Normal operation - risk is low
[DatabaseLogger] ✅ Logged LOG for FLOW-0002 (risk=0.06%, email_sent=None, webhook_sent=None, rate_limit_ip=None, rate_limit_applied=None)
[Pipeline] FLOW-0003 risk=100.0% -> Tier 4 (FULL_ISOLATION)

[Executor] Executing FULL_ISOLATION for FLOW-0003...
  🔒 FULL_ISOLATION: Triggering Module 4 for FLOW-0003...
    (Would POST to Module 4 API to isolate FLOW-0003)
     ✅ Module 4 isolation triggered
[DatabaseLogger] ✅ Logged FULL_ISOLATION for FLOW-0003 (risk=100.0%, email_sent=None, webhook_sent=None, rate_limit_ip=None, rate_limit_applied=None)
[DatabaseLogger] ✅ Alert 6d28d118-e1f6-46f7-b9eb-a53814e1d361 created for FLOW-0003 (tier 4)
[DatabaseLogger] ✅ Set FLOW-0003 state to QUARANTINE
[Pipeline] Marked FLOW-0003 as isolated
[Pipeline] FLOW-0004 risk=3.1% -> Tier 1 (LOG)

[Executor] Executing LOG for FLOW-0004...
  ✅ LOG: FLOW-0004 risk=3.11% | Normal operation - risk is low
[DatabaseLogger] ✅ Logged LOG for FLOW-0004 (risk=3.11%, email_sent=None, webhook_sent=None, rate_limit_ip=None, rate_limit_applied=None)
[Pipeline] FLOW-0005 risk=15.4% -> Tier 1 (LOG)

[Executor] Executing LOG for FLOW-0005...
  ✅ LOG: FLOW-0005 risk=15.45% | Normal operation - risk is low
[DatabaseLogger] ✅ Logged LOG for FLOW-0005 (risk=15.45%, email_sent=None, webhook_sent=None, rate_limit_ip=None, rate_limit_applied=None)
[Pipeline] FLOW-0001 risk=0.1% -> Tier 1 (LOG)

[Executor] Executing LOG for FLOW-0001...
  ✅ LOG: FLOW-0001 risk=0.05% | Normal operation - risk is low
[DatabaseLogger] ✅ Logged LOG for FLOW-0001 (risk=0.05%, email_sent=None, webhook_sent=None, rate_limit_ip=None, rate_limit_applied=None)
[Pipeline] FLOW-0002 risk=0.1% -> Tier 1 (LOG)

[Executor] Executing LOG for FLOW-0002...
  ✅ LOG: FLOW-0002 risk=0.06% | Normal operation - risk is low
[DatabaseLogger] ✅ Logged LOG for FLOW-0002 (risk=0.06%, email_sent=None, webhook_sent=None, rate_limit_ip=None, rate_limit_applied=None)
[Pipeline] FLOW-0003 risk=100.0% -> Tier 4 (FULL_ISOLATION)

[Executor] Executing FULL_ISOLATION for FLOW-0003...
  🔒 FULL_ISOLATION: Triggering Module 4 for FLOW-0003...
    (Would POST to Module 4 API to isolate FLOW-0003)
     ✅ Module 4 isolation triggered
[DatabaseLogger] ✅ Logged FULL_ISOLATION for FLOW-0003 (risk=100.0%, email_sent=None, webhook_sent=None, rate_limit_ip=None, rate_limit_applied=None)
[DatabaseLogger] ✅ Alert c9fe2eaa-848a-4733-9a8e-af39a8ceb23b created for FLOW-0003 (tier 4)
[DatabaseLogger] ✅ Set FLOW-0003 state to QUARANTINE
[Pipeline] Marked FLOW-0003 as isolated
[Pipeline] FLOW-0004 risk=3.1% -> Tier 1 (LOG)

[Executor] Executing LOG for FLOW-0004...
  ✅ LOG: FLOW-0004 risk=3.11% | Normal operation - risk is low
[DatabaseLogger] ✅ Logged LOG for FLOW-0004 (risk=3.11%, email_sent=None, webhook_sent=None, rate_limit_ip=None, rate_limit_applied=None)
[Pipeline] FLOW-0005 risk=15.4% -> Tier 1 (LOG)

[Executor] Executing LOG for FLOW-0005...
  ✅ LOG: FLOW-0005 risk=15.45% | Normal operation - risk is low
[DatabaseLogger] ✅ Logged LOG for FLOW-0005 (risk=15.45%, email_sent=None, webhook_sent=None, rate_limit_ip=None, rate_limit_applied=None)
[Pipeline] FLOW-0001 risk=0.1% -> Tier 1 (LOG)

[Executor] Executing LOG for FLOW-0001...
  ✅ LOG: FLOW-0001 risk=0.05% | Normal operation - risk is low
[DatabaseLogger] ✅ Logged LOG for FLOW-0001 (risk=0.05%, email_sent=None, webhook_sent=None, rate_limit_ip=None, rate_limit_applied=None)
[Pipeline] FLOW-0002 risk=0.1% -> Tier 1 (LOG)

[Executor] Executing LOG for FLOW-0002...
  ✅ LOG: FLOW-0002 risk=0.06% | Normal operation - risk is low
[DatabaseLogger] ✅ Logged LOG for FLOW-0002 (risk=0.06%, email_sent=None, webhook_sent=None, rate_limit_ip=None, rate_limit_applied=None)
[Pipeline] FLOW-0003 risk=100.0% -> Tier 4 (FULL_ISOLATION)

[Executor] Executing FULL_ISOLATION for FLOW-0003...
  🔒 FULL_ISOLATION: Triggering Module 4 for FLOW-0003...INFO:redis_state_manager:✅ Updated state: FLOW-0003 → FULL_ISOLATION (risk=100.0%)
INFO:redis_state_manager:🔒 Marked isolated: FLOW-0003
INFO:redis_state_manager:✅ Updated state: FLOW-0004 → LOG (risk=3.1%)
INFO:redis_state_manager:✅ Updated state: FLOW-0005 → LOG (risk=15.4%)
INFO:redis_state_manager:✅ Updated state: FLOW-0001 → LOG (risk=0.1%)
INFO:redis_state_manager:✅ Updated state: FLOW-0002 → LOG (risk=0.1%)
INFO:redis_state_manager:✅ Updated state: FLOW-0003 → FULL_ISOLATION (risk=100.0%)
INFO:redis_state_manager:🔒 Marked isolated: FLOW-0003
INFO:redis_state_manager:✅ Updated state: FLOW-0004 → LOG (risk=3.1%)
INFO:redis_state_manager:✅ Updated state: FLOW-0005 → LOG (risk=15.4%)
INFO:redis_state_manager:✅ Updated state: FLOW-0001 → LOG (risk=0.1%)
INFO:redis_state_manager:✅ Updated state: FLOW-0002 → LOG (risk=0.1%)
INFO:redis_state_manager:✅ Updated state: FLOW-0003 → FULL_ISOLATION (risk=100.0%)
INFO:redis_state_manager:🔒 Marked isolated: FLOW-0003
INFO:redis_state_manager:✅ Updated state: FLOW-0004 → LOG (risk=3.1%)
INFO:redis_state_manager:✅ Updated state: FLOW-0005 → LOG (risk=15.4%)
INFO:redis_state_manager:✅ Updated state: FLOW-0001 → LOG (risk=0.1%)
INFO:redis_state_manager:✅ Updated state: FLOW-0002 → LOG (risk=0.1%)
INFO:redis_state_manager:✅ Updated state: FLOW-0003 → FULL_ISOLATION (risk=100.0%)
INFO:redis_state_manager:🔒 Marked isolated: FLOW-0003
INFO:redis_state_manager:✅ Updated state: FLOW-0004 → LOG (risk=3.1%)
INFO:redis_state_manager:✅ Updated state: FLOW-0005 → LOG (risk=15.4%)
INFO:redis_state_manager:✅ Updated state: FLOW-0001 → LOG (risk=0.1%)
INFO:redis_state_manager:✅ Updated state: FLOW-0002 → LOG (risk=0.1%)
INFO:redis_state_manager:✅ Updated state: FLOW-0003 → FULL_ISOLATION (risk=100.0%)
INFO:redis_state_manager:🔒 Marked isolated: FLOW-0003
INFO:redis_state_manager:✅ Updated state: FLOW-0004 → LOG (risk=3.1%)

    (Would POST to Module 4 API to isolate FLOW-0003)
     ✅ Module 4 isolation triggered
[DatabaseLogger] ✅ Logged FULL_ISOLATION for FLOW-0003 (risk=100.0%, email_sent=None, webhook_sent=None, rate_limit_ip=None, rate_limit_applied=None)
[DatabaseLogger] ✅ Alert 1e51c2be-accd-4ebf-9c1f-3b3600745f6a created for FLOW-0003 (tier 4)
[DatabaseLogger] ✅ Set FLOW-0003 state to QUARANTINE
[Pipeline] Marked FLOW-0003 as isolated
[Pipeline] FLOW-0004 risk=3.1% -> Tier 1 (LOG)

[Executor] Executing LOG for FLOW-0004...
  ✅ LOG: FLOW-0004 risk=3.11% | Normal operation - risk is low
[DatabaseLogger] ✅ Logged LOG for FLOW-0004 (risk=3.11%, email_sent=None, webhook_sent=None, rate_limit_ip=None, rate_limit_applied=None)
[Pipeline] FLOW-0005 risk=15.4% -> Tier 1 (LOG)

[Executor] Executing LOG for FLOW-0005...
  ✅ LOG: FLOW-0005 risk=15.45% | Normal operation - risk is low
[DatabaseLogger] ✅ Logged LOG for FLOW-0005 (risk=15.45%, email_sent=None, webhook_sent=None, rate_limit_ip=None, rate_limit_applied=None)
[Pipeline] FLOW-0001 risk=0.1% -> Tier 1 (LOG)

[Executor] Executing LOG for FLOW-0001...
  ✅ LOG: FLOW-0001 risk=0.05% | Normal operation - risk is low
[DatabaseLogger] ✅ Logged LOG for FLOW-0001 (risk=0.05%, email_sent=None, webhook_sent=None, rate_limit_ip=None, rate_limit_applied=None)
[Pipeline] FLOW-0002 risk=0.1% -> Tier 1 (LOG)

[Executor] Executing LOG for FLOW-0002...
  ✅ LOG: FLOW-0002 risk=0.06% | Normal operation - risk is low
[DatabaseLogger] ✅ Logged LOG for FLOW-0002 (risk=0.06%, email_sent=None, webhook_sent=None, rate_limit_ip=None, rate_limit_applied=None)
[Pipeline] FLOW-0003 risk=100.0% -> Tier 4 (FULL_ISOLATION)

[Executor] Executing FULL_ISOLATION for FLOW-0003...
  🔒 FULL_ISOLATION: Triggering Module 4 for FLOW-0003...
    (Would POST to Module 4 API to isolate FLOW-0003)
     ✅ Module 4 isolation triggered
[DatabaseLogger] ✅ Logged FULL_ISOLATION for FLOW-0003 (risk=100.0%, email_sent=None, webhook_sent=None, rate_limit_ip=None, rate_limit_applied=None)
[DatabaseLogger] ✅ Alert b5724124-f064-40dc-b823-9db8fa0e5d20 created for FLOW-0003 (tier 4)
[DatabaseLogger] ✅ Set FLOW-0003 state to QUARANTINE
[Pipeline] Marked FLOW-0003 as isolated
[Pipeline] FLOW-0004 risk=3.1% -> Tier 1 (LOG)

[Executor] Executing LOG for FLOW-0004...
  ✅ LOG: FLOW-0004 risk=3.11% | Normal operation - risk is low
[DatabaseLogger] ✅ Logged LOG for FLOW-0004 (risk=3.11%, email_sent=None, webhook_sent=None, rate_limit_ip=None, rate_limit_applied=None)
[Pipeline] FLOW-0005 risk=15.4% -> Tier 1 (LOG)

[Executor] Executing LOG for FLOW-0005...
  ✅ LOG: FLOW-0005 risk=15.45% | Normal operation - risk is low
[DatabaseLogger] ✅ Logged LOG for FLOW-0005 (risk=15.45%, email_sent=None, webhook_sent=None, rate_limit_ip=None, rate_limit_applied=None)
[Pipeline] FLOW-0001 risk=0.1% -> Tier 1 (LOG)

[Executor] Executing LOG for FLOW-0001...
  ✅ LOG: FLOW-0001 risk=0.05% | Normal operation - risk is low
[DatabaseLogger] ✅ Logged LOG for FLOW-0001 (risk=0.05%, email_sent=None, webhook_sent=None, rate_limit_ip=None, rate_limit_applied=None)
[Pipeline] FLOW-0002 risk=0.1% -> Tier 1 (LOG)

[Executor] Executing LOG for FLOW-0002...
  ✅ LOG: FLOW-0002 risk=0.06% | Normal operation - risk is low
[DatabaseLogger] ✅ Logged LOG for FLOW-0002 (risk=0.06%, email_sent=None, webhook_sent=None, rate_limit_ip=None, rate_limit_applied=None)
[Pipeline] FLOW-0003 risk=100.0% -> Tier 4 (FULL_ISOLATION)

[Executor] Executing FULL_ISOLATION for FLOW-0003...
  🔒 FULL_ISOLATION: Triggering Module 4 for FLOW-0003...
    (Would POST to Module 4 API to isolate FLOW-0003)
     ✅ Module 4 isolation triggered
[DatabaseLogger] ✅ Logged FULL_ISOLATION for FLOW-0003 (risk=100.0%, email_sent=None, webhook_sent=None, rate_limit_ip=None, rate_limit_applied=None)
[DatabaseLogger] ✅ Alert de32461f-1e87-47f8-bd75-27c3f7b2b995 created for FLOW-0003 (tier 4)
[DatabaseLogger] ✅ Set FLOW-0003 state to QUARANTINE
[Pipeline] Marked FLOW-0003 as isolated
[Pipeline] FLOW-0004 risk=3.1% -> Tier 1 (LOG)

[Executor] Executing LOG for FLOW-0004...
  ✅ LOG: FLOW-0004 risk=3.11% | Normal operation - risk is low
[DatabaseLogger] ✅ Logged LOG for FLOW-0004 (risk=3.11%, email_sent=None, webhook_sent=None, rate_limit_ip=None, rate_limit_applied=None)
[Pipeline] FLOW-0005 risk=15.4% -> Tier 1 (LOG)

[Executor] Executing LOG for FLOW-0005...
  ✅ LOG: FLOW-0005 risk=15.45% | Normal operation - risk is low
[DatabaseLogger] ✅ Logged LOG for FLOW-0005 (risk=15.45%, email_sent=None, webhook_sent=None, rate_limit_ip=None, rate_limit_applied=None)
[Pipeline] FLOW-0001 risk=0.1% -> Tier 1 (LOG)

[Executor] Executing LOG for FLOW-0001...
  ✅ LOG: FLOW-0001 risk=0.05% | Normal operation - risk is low
[DatabaseLogger] ✅ Logged LOG for FLOW-0001 (risk=0.05%, email_sent=None, webhook_sent=None, rate_limit_ip=None, rate_limit_applied=None)
[Pipeline] FLOW-0002 risk=0.1% -> Tier 1 (LOG)

[Executor] Executing LOG for FLOW-0002...
  ✅ LOG: FLOW-0002 risk=0.06% | Normal operation - risk is low
[DatabaseLogger] ✅ Logged LOG for FLOW-0002 (risk=0.06%, email_sent=None, webhook_sent=None, rate_limit_ip=None, rate_limit_applied=None)
[Pipeline] FLOW-0003 risk=100.0% -> Tier 4 (FULL_ISOLATION)

[Executor] Executing FULL_ISOLATION for FLOW-0003...
  🔒 FULL_ISOLATION: Triggering Module 4 for FLOW-0003...
    (Would POST to Module 4 API to isolate FLOW-0003)
     ✅ Module 4 isolation triggered
[DatabaseLogger] ✅ Logged FULL_ISOLATION for FLOW-0003 (risk=100.0%, email_sent=None, webhook_sent=None, rate_limit_ip=None, rate_limit_applied=None)
[DatabaseLogger] ✅ Alert ee4c3eaa-7efb-4b06-a0dc-584d3848a514 created for FLOW-0003 (tier 4)
[DatabaseLogger] ✅ Set FLOW-0003 state to QUARANTINE
[Pipeline] Marked FLOW-0003 as isolated
[Pipeline] FLOW-0004 risk=3.1% -> Tier 1 (LOG)

[Executor] Executing LOG for FLOW-0004...
  ✅ LOG: FLOW-0004 risk=3.11% | Normal operation - risk is low
[DatabaseLogger] ✅ Logged LOG for FLOW-0004 (risk=3.11%, email_sent=None, webhook_sent=None, rate_limit_ip=None, rate_limit_applied=None)
[Pipeline] FLOW-0005 risk=15.4% -> Tier 1 (LOG)

[Executor] Executing LOG for FLOW-0005...
  ✅ LOG: FLOW-0005 risk=15.45% | Normal operation - risk is low
[DatabaseLogger] ✅ Logged LOG for FLOW-0005 (risk=15.45%, email_sent=None, webhook_sent=None, rate_limit_ip=None, rate_limit_applied=None)
[Pipeline] FLOW-0001 risk=0.1% -> Tier 1 (LOG)

[Executor] Executing LOG for FLOW-0001...
  ✅ LOG: FLOW-0001 risk=0.05% | Normal operation - risk is low
[DatabaseLogger] ✅ Logged LOG for FLOW-0001 (risk=0.05%, email_sent=None, webhook_sent=None, rate_limit_ip=None, rate_limit_applied=None)
[Pipeline] FLOW-0002 risk=0.1% -> Tier 1 (LOG)

[Executor] Executing LOG for FLOW-0002...
  ✅ LOG: FLOW-0002 risk=0.06% | Normal operation - risk is low
[DatabaseLogger] ✅ Logged LOG for FLOW-0002 (risk=0.06%, email_sent=None, webhook_sent=None, rate_limit_ip=None, rate_limit_applied=None)
[Pipeline] FLOW-0003 risk=100.0% -> Tier 4 (FULL_ISOLATION)

[Executor] Executing FULL_ISOLATION for FLOW-0003...
  🔒 FULL_ISOLATION: Triggering Module 4 for FLOW-0003...
    (Would POST to Module 4 API to isolate FLOW-0003)
     ✅ Module 4 isolation triggered
[DatabaseLogger] ✅ Logged FULL_ISOLATION for FLOW-0003 (risk=100.0%, email_sent=None, webhook_sent=None, rate_limit_ip=None, rate_limit_applied=None)
[DatabaseLogger] ✅ Alert dbcf8d50-9eb2-45a3-96d0-b1bd63f2e282 created for FLOW-0003 (tier 4)
[DatabaseLogger] ✅ Set FLOW-0003 state to QUARANTINE
[Pipeline] Marked FLOW-0003 as isolated
[Pipeline] FLOW-0004 risk=3.1% -> Tier 1 (LOG)

[Executor] Executing LOG for FLOW-0004...
  ✅ LOG: FLOW-0004 risk=3.11% | Normal operation - risk is low
[DatabaseLogger] ✅ Logged LOG for FLOW-0004 (risk=3.11%, email_sent=None, webhook_sent=None, rate_limit_ip=None, rate_limit_applied=None)
[Pipeline] FLOW-0005 risk=15.4% -> Tier 1 (LOG)

[Executor] Executing LOG for FLOW-0005...
  ✅ LOG: FLOW-0005 risk=15.45% | Normal operation - risk is low
[DatabaseLogger] ✅ Logged LOG for FLOW-0005 (risk=15.45%, email_sent=None, webhook_sent=None, rate_limit_ip=None, rate_limit_applied=None)
INFO:redis_state_manager:✅ Updated state: FLOW-0005 → LOG (risk=15.4%)
INFO:redis_state_manager:✅ Updated state: FLOW-0001 → LOG (risk=0.1%)
INFO:redis_state_manager:✅ Updated state: FLOW-0002 → LOG (risk=0.1%)
INFO:redis_state_manager:✅ Updated state: FLOW-0003 → FULL_ISOLATION (risk=100.0%)
INFO:redis_state_manager:🔒 Marked isolated: FLOW-0003
INFO:redis_state_manager:✅ Updated state: FLOW-0004 → LOG (risk=3.1%)
INFO:redis_state_manager:✅ Updated state: FLOW-0005 → LOG (risk=15.4%)
INFO:redis_state_manager:✅ Updated state: FLOW-0001 → LOG (risk=0.1%)
INFO:redis_state_manager:✅ Updated state: FLOW-0002 → LOG (risk=0.1%)
INFO:redis_state_manager:✅ Updated state: FLOW-0003 → FULL_ISOLATION (risk=100.0%)
INFO:redis_state_manager:🔒 Marked isolated: FLOW-0003
INFO:redis_state_manager:✅ Updated state: FLOW-0004 → LOG (risk=3.1%)
INFO:redis_state_manager:✅ Updated state: FLOW-0005 → LOG (risk=15.4%)
INFO:redis_state_manager:✅ Updated state: FLOW-0001 → LOG (risk=0.1%)
INFO:redis_state_manager:✅ Updated state: FLOW-0002 → LOG (risk=0.1%)
INFO:redis_state_manager:✅ Updated state: FLOW-0003 → FULL_ISOLATION (risk=100.0%)
INFO:redis_state_manager:🔒 Marked isolated: FLOW-0003
INFO:redis_state_manager:✅ Updated state: FLOW-0004 → LOG (risk=3.1%)
INFO:redis_state_manager:✅ Updated state: FLOW-0005 → LOG (risk=15.4%)
INFO:redis_state_manager:✅ Updated state: FLOW-0001 → LOG (risk=0.1%)
INFO:redis_state_manager:✅ Updated state: FLOW-0002 → LOG (risk=0.1%)
INFO:redis_state_manager:✅ Updated state: FLOW-0003 → FULL_ISOLATION (risk=100.0%)
INFO:redis_state_manager:🔒 Marked isolated: FLOW-0003
INFO:redis_state_manager:✅ Updated state: FLOW-0004 → LOG (risk=3.1%)
INFO:redis_state_manager:✅ Updated state: FLOW-0005 → LOG (risk=15.4%)
INFO:redis_state_manager:✅ Updated state: FLOW-0001 → LOG (risk=0.1%)
INFO:redis_state_manager:✅ Updated state: FLOW-0002 → LOG (risk=0.1%)
[Pipeline] FLOW-0001 risk=0.1% -> Tier 1 (LOG)

[Executor] Executing LOG for FLOW-0001...
  ✅ LOG: FLOW-0001 risk=0.05% | Normal operation - risk is low
[DatabaseLogger] ✅ Logged LOG for FLOW-0001 (risk=0.05%, email_sent=None, webhook_sent=None, rate_limit_ip=None, rate_limit_applied=None)
[Pipeline] FLOW-0002 risk=0.1% -> Tier 1 (LOG)

[Executor] Executing LOG for FLOW-0002...
  ✅ LOG: FLOW-0002 risk=0.06% | Normal operation - risk is low
[DatabaseLogger] ✅ Logged LOG for FLOW-0002 (risk=0.06%, email_sent=None, webhook_sent=None, rate_limit_ip=None, rate_limit_applied=None)
[Pipeline] FLOW-0003 risk=100.0% -> Tier 4 (FULL_ISOLATION)

[Executor] Executing FULL_ISOLATION for FLOW-0003...
  🔒 FULL_ISOLATION: Triggering Module 4 for FLOW-0003...
    (Would POST to Module 4 API to isolate FLOW-0003)
     ✅ Module 4 isolation triggered
[DatabaseLogger] ✅ Logged FULL_ISOLATION for FLOW-0003 (risk=100.0%, email_sent=None, webhook_sent=None, rate_limit_ip=None, rate_limit_applied=None)
[DatabaseLogger] ✅ Alert 32fc2a13-e5d7-4483-8966-3f21689c9d66 created for FLOW-0003 (tier 4)
[DatabaseLogger] ✅ Set FLOW-0003 state to QUARANTINE
[Pipeline] Marked FLOW-0003 as isolated
[Pipeline] FLOW-0004 risk=3.1% -> Tier 1 (LOG)

[Executor] Executing LOG for FLOW-0004...
  ✅ LOG: FLOW-0004 risk=3.11% | Normal operation - risk is low
[DatabaseLogger] ✅ Logged LOG for FLOW-0004 (risk=3.11%, email_sent=None, webhook_sent=None, rate_limit_ip=None, rate_limit_applied=None)
[Pipeline] FLOW-0005 risk=15.4% -> Tier 1 (LOG)

[Executor] Executing LOG for FLOW-0005...
  ✅ LOG: FLOW-0005 risk=15.45% | Normal operation - risk is low
[DatabaseLogger] ✅ Logged LOG for FLOW-0005 (risk=15.45%, email_sent=None, webhook_sent=None, rate_limit_ip=None, rate_limit_applied=None)
[Pipeline] FLOW-0001 risk=0.1% -> Tier 1 (LOG)

[Executor] Executing LOG for FLOW-0001...
  ✅ LOG: FLOW-0001 risk=0.05% | Normal operation - risk is low
[DatabaseLogger] ✅ Logged LOG for FLOW-0001 (risk=0.05%, email_sent=None, webhook_sent=None, rate_limit_ip=None, rate_limit_applied=None)
[Pipeline] FLOW-0002 risk=0.1% -> Tier 1 (LOG)

[Executor] Executing LOG for FLOW-0002...
  ✅ LOG: FLOW-0002 risk=0.06% | Normal operation - risk is low
[DatabaseLogger] ✅ Logged LOG for FLOW-0002 (risk=0.06%, email_sent=None, webhook_sent=None, rate_limit_ip=None, rate_limit_applied=None)
[Pipeline] FLOW-0003 risk=100.0% -> Tier 4 (FULL_ISOLATION)

[Executor] Executing FULL_ISOLATION for FLOW-0003...
  🔒 FULL_ISOLATION: Triggering Module 4 for FLOW-0003...
    (Would POST to Module 4 API to isolate FLOW-0003)
     ✅ Module 4 isolation triggered
[DatabaseLogger] ✅ Logged FULL_ISOLATION for FLOW-0003 (risk=100.0%, email_sent=None, webhook_sent=None, rate_limit_ip=None, rate_limit_applied=None)
[DatabaseLogger] ✅ Alert 7fdabb28-c9e1-405a-a857-f74ef42daaee created for FLOW-0003 (tier 4)
[DatabaseLogger] ✅ Set FLOW-0003 state to QUARANTINE
[Pipeline] Marked FLOW-0003 as isolated
[Pipeline] FLOW-0004 risk=3.1% -> Tier 1 (LOG)

[Executor] Executing LOG for FLOW-0004...
  ✅ LOG: FLOW-0004 risk=3.11% | Normal operation - risk is low
[DatabaseLogger] ✅ Logged LOG for FLOW-0004 (risk=3.11%, email_sent=None, webhook_sent=None, rate_limit_ip=None, rate_limit_applied=None)
[Pipeline] FLOW-0005 risk=15.4% -> Tier 1 (LOG)

[Executor] Executing LOG for FLOW-0005...
  ✅ LOG: FLOW-0005 risk=15.45% | Normal operation - risk is low
[DatabaseLogger] ✅ Logged LOG for FLOW-0005 (risk=15.45%, email_sent=None, webhook_sent=None, rate_limit_ip=None, rate_limit_applied=None)
[Pipeline] FLOW-0001 risk=0.1% -> Tier 1 (LOG)

[Executor] Executing LOG for FLOW-0001...
  ✅ LOG: FLOW-0001 risk=0.05% | Normal operation - risk is low
[DatabaseLogger] ✅ Logged LOG for FLOW-0001 (risk=0.05%, email_sent=None, webhook_sent=None, rate_limit_ip=None, rate_limit_applied=None)
[Pipeline] FLOW-0002 risk=0.1% -> Tier 1 (LOG)

[Executor] Executing LOG for FLOW-0002...
  ✅ LOG: FLOW-0002 risk=0.06% | Normal operation - risk is low
[DatabaseLogger] ✅ Logged LOG for FLOW-0002 (risk=0.06%, email_sent=None, webhook_sent=None, rate_limit_ip=None, rate_limit_applied=None)
[Pipeline] FLOW-0003 risk=100.0% -> Tier 4 (FULL_ISOLATION)

[Executor] Executing FULL_ISOLATION for FLOW-0003...
  🔒 FULL_ISOLATION: Triggering Module 4 for FLOW-0003...
    (Would POST to Module 4 API to isolate FLOW-0003)
     ✅ Module 4 isolation triggered
[DatabaseLogger] ✅ Logged FULL_ISOLATION for FLOW-0003 (risk=100.0%, email_sent=None, webhook_sent=None, rate_limit_ip=None, rate_limit_applied=None)
[DatabaseLogger] ✅ Alert 0ffa7cd5-cf13-4e1f-aaa0-7924809ef561 created for FLOW-0003 (tier 4)
[DatabaseLogger] ✅ Set FLOW-0003 state to QUARANTINE
[Pipeline] Marked FLOW-0003 as isolated
[Pipeline] FLOW-0004 risk=3.1% -> Tier 1 (LOG)

[Executor] Executing LOG for FLOW-0004...
  ✅ LOG: FLOW-0004 risk=3.11% | Normal operation - risk is low
[DatabaseLogger] ✅ Logged LOG for FLOW-0004 (risk=3.11%, email_sent=None, webhook_sent=None, rate_limit_ip=None, rate_limit_applied=None)
[Pipeline] FLOW-0005 risk=15.4% -> Tier 1 (LOG)

[Executor] Executing LOG for FLOW-0005...
  ✅ LOG: FLOW-0005 risk=15.45% | Normal operation - risk is low
[DatabaseLogger] ✅ Logged LOG for FLOW-0005 (risk=15.45%, email_sent=None, webhook_sent=None, rate_limit_ip=None, rate_limit_applied=None)
[Pipeline] FLOW-0001 risk=0.1% -> Tier 1 (LOG)

[Executor] Executing LOG for FLOW-0001...
  ✅ LOG: FLOW-0001 risk=0.05% | Normal operation - risk is low
[DatabaseLogger] ✅ Logged LOG for FLOW-0001 (risk=0.05%, email_sent=None, webhook_sent=None, rate_limit_ip=None, rate_limit_applied=None)
[Pipeline] FLOW-0002 risk=0.1% -> Tier 1 (LOG)

[Executor] Executing LOG for FLOW-0002...
  ✅ LOG: FLOW-0002 risk=0.06% | Normal operation - risk is low
[DatabaseLogger] ✅ Logged LOG for FLOW-0002 (risk=0.06%, email_sent=None, webhook_sent=None, rate_limit_ip=None, rate_limit_applied=None)
[Pipeline] FLOW-0003 risk=100.0% -> Tier 4 (FULL_ISOLATION)

[Executor] Executing FULL_ISOLATION for FLOW-0003...
  🔒 FULL_ISOLATION: Triggering Module 4 for FLOW-0003...
    (Would POST to Module 4 API to isolate FLOW-0003)
     ✅ Module 4 isolation triggered
[DatabaseLogger] ✅ Logged FULL_ISOLATION for FLOW-0003 (risk=100.0%, email_sent=None, webhook_sent=None, rate_limit_ip=None, rate_limit_applied=None)
[DatabaseLogger] ✅ Alert b86f5b59-989f-42ec-96d9-a0103b4c44a8 created for FLOW-0003 (tier 4)
[DatabaseLogger] ✅ Set FLOW-0003 state to QUARANTINE
[Pipeline] Marked FLOW-0003 as isolated
[Pipeline] FLOW-0004 risk=3.1% -> Tier 1 (LOG)

[Executor] Executing LOG for FLOW-0004...
  ✅ LOG: FLOW-0004 risk=3.11% | Normal operation - risk is low
[DatabaseLogger] ✅ Logged LOG for FLOW-0004 (risk=3.11%, email_sent=None, webhook_sent=None, rate_limit_ip=None, rate_limit_applied=None)
[Pipeline] FLOW-0005 risk=15.4% -> Tier 1 (LOG)

[Executor] Executing LOG for FLOW-0005...
  ✅ LOG: FLOW-0005 risk=15.45% | Normal operation - risk is low
[DatabaseLogger] ✅ Logged LOG for FLOW-0005 (risk=15.45%, email_sent=None, webhook_sent=None, rate_limit_ip=None, rate_limit_applied=None)
[Pipeline] FLOW-0001 risk=0.1% -> Tier 1 (LOG)

[Executor] Executing LOG for FLOW-0001...
  ✅ LOG: FLOW-0001 risk=0.05% | Normal operation - risk is low
[DatabaseLogger] ✅ Logged LOG for FLOW-0001 (risk=0.05%, email_sent=None, webhook_sent=None, rate_limit_ip=None, rate_limit_applied=None)
[Pipeline] FLOW-0002 risk=0.1% -> Tier 1 (LOG)

[Executor] Executing LOG for FLOW-0002...
  ✅ LOG: FLOW-0002 risk=0.06% | Normal operation - risk is low
[DatabaseLogger] ✅ Logged LOG for FLOW-0002 (risk=0.06%, email_sent=None, webhook_sent=None, rate_limit_ip=None, rate_limit_applied=None)
[Pipeline] FLOW-0003 risk=100.0% -> Tier 4 (FULL_ISOLATION)

[Executor] Executing FULL_ISOLATION for FLOW-0003...
  🔒 FULL_ISOLATION: Triggering Module 4 for FLOW-0003...
    (Would POST to Module 4 API to isolate FLOW-0003)
     ✅ Module 4 isolation triggered
[DatabaseLogger] ✅ Logged FULL_ISOLATION for FLOW-0003 (risk=100.0%, email_sent=None, webhook_sent=None, rate_limit_ip=None, rate_limit_applied=None)
[DatabaseLogger] ✅ Alert eaa2442e-a048-4d80-a681-da40471d706c created for FLOW-0003 (tier 4)INFO:redis_state_manager:✅ Updated state: FLOW-0003 → FULL_ISOLATION (risk=100.0%)
INFO:redis_state_manager:🔒 Marked isolated: FLOW-0003
INFO:redis_state_manager:✅ Updated state: FLOW-0004 → LOG (risk=3.1%)
INFO:redis_state_manager:✅ Updated state: FLOW-0005 → LOG (risk=15.4%)
INFO:redis_state_manager:✅ Updated state: FLOW-0001 → LOG (risk=0.1%)
INFO:redis_state_manager:✅ Updated state: FLOW-0002 → LOG (risk=0.1%)
INFO:redis_state_manager:✅ Updated state: FLOW-0003 → FULL_ISOLATION (risk=100.0%)
INFO:redis_state_manager:🔒 Marked isolated: FLOW-0003
INFO:redis_state_manager:✅ Updated state: FLOW-0004 → LOG (risk=3.1%)
INFO:redis_state_manager:✅ Updated state: FLOW-0005 → LOG (risk=15.4%)
INFO:redis_state_manager:✅ Updated state: FLOW-0001 → LOG (risk=0.1%)
INFO:redis_state_manager:✅ Updated state: FLOW-0002 → LOG (risk=0.1%)
INFO:redis_state_manager:✅ Updated state: FLOW-0003 → FULL_ISOLATION (risk=100.0%)
INFO:redis_state_manager:🔒 Marked isolated: FLOW-0003
INFO:redis_state_manager:✅ Updated state: FLOW-0004 → LOG (risk=3.1%)
INFO:redis_state_manager:✅ Updated state: FLOW-0005 → LOG (risk=15.4%)
INFO:redis_state_manager:✅ Updated state: FLOW-0001 → LOG (risk=0.1%)
INFO:redis_state_manager:✅ Updated state: FLOW-0002 → LOG (risk=0.1%)
INFO:redis_state_manager:✅ Updated state: FLOW-0003 → FULL_ISOLATION (risk=100.0%)
INFO:redis_state_manager:🔒 Marked isolated: FLOW-0003
INFO:redis_state_manager:✅ Updated state: FLOW-0004 → LOG (risk=3.1%)
INFO:redis_state_manager:✅ Updated state: FLOW-0005 → LOG (risk=15.4%)
INFO:redis_state_manager:✅ Updated state: FLOW-0001 → LOG (risk=0.1%)
INFO:redis_state_manager:✅ Updated state: FLOW-0002 → LOG (risk=0.1%)
INFO:redis_state_manager:✅ Updated state: FLOW-0003 → FULL_ISOLATION (risk=100.0%)
INFO:redis_state_manager:🔒 Marked isolated: FLOW-0003
INFO:redis_state_manager:✅ Updated state: FLOW-0004 → LOG (risk=3.1%)
INFO:redis_state_manager:✅ Updated state: FLOW-0005 → LOG (risk=15.4%)
INFO:redis_state_manager:✅ Updated state: FLOW-0001 → LOG (risk=0.1%)

[DatabaseLogger] ✅ Set FLOW-0003 state to QUARANTINE
[Pipeline] Marked FLOW-0003 as isolated
[Pipeline] FLOW-0004 risk=3.1% -> Tier 1 (LOG)

[Executor] Executing LOG for FLOW-0004...
  ✅ LOG: FLOW-0004 risk=3.11% | Normal operation - risk is low
[DatabaseLogger] ✅ Logged LOG for FLOW-0004 (risk=3.11%, email_sent=None, webhook_sent=None, rate_limit_ip=None, rate_limit_applied=None)
[Pipeline] FLOW-0005 risk=15.4% -> Tier 1 (LOG)

[Executor] Executing LOG for FLOW-0005...
  ✅ LOG: FLOW-0005 risk=15.45% | Normal operation - risk is low
[DatabaseLogger] ✅ Logged LOG for FLOW-0005 (risk=15.45%, email_sent=None, webhook_sent=None, rate_limit_ip=None, rate_limit_applied=None)
[Pipeline] FLOW-0001 risk=0.1% -> Tier 1 (LOG)

[Executor] Executing LOG for FLOW-0001...
  ✅ LOG: FLOW-0001 risk=0.05% | Normal operation - risk is low
[DatabaseLogger] ✅ Logged LOG for FLOW-0001 (risk=0.05%, email_sent=None, webhook_sent=None, rate_limit_ip=None, rate_limit_applied=None)
[Pipeline] FLOW-0002 risk=0.1% -> Tier 1 (LOG)

[Executor] Executing LOG for FLOW-0002...
  ✅ LOG: FLOW-0002 risk=0.06% | Normal operation - risk is low
[DatabaseLogger] ✅ Logged LOG for FLOW-0002 (risk=0.06%, email_sent=None, webhook_sent=None, rate_limit_ip=None, rate_limit_applied=None)
[Pipeline] FLOW-0003 risk=100.0% -> Tier 4 (FULL_ISOLATION)

[Executor] Executing FULL_ISOLATION for FLOW-0003...
  🔒 FULL_ISOLATION: Triggering Module 4 for FLOW-0003...
    (Would POST to Module 4 API to isolate FLOW-0003)
     ✅ Module 4 isolation triggered
[DatabaseLogger] ✅ Logged FULL_ISOLATION for FLOW-0003 (risk=100.0%, email_sent=None, webhook_sent=None, rate_limit_ip=None, rate_limit_applied=None)
[DatabaseLogger] ✅ Alert 69ccb170-8eb8-4cdc-922e-f03c9f13c11a created for FLOW-0003 (tier 4)
[DatabaseLogger] ✅ Set FLOW-0003 state to QUARANTINE
[Pipeline] Marked FLOW-0003 as isolated
[Pipeline] FLOW-0004 risk=3.1% -> Tier 1 (LOG)

[Executor] Executing LOG for FLOW-0004...
  ✅ LOG: FLOW-0004 risk=3.11% | Normal operation - risk is low
[DatabaseLogger] ✅ Logged LOG for FLOW-0004 (risk=3.11%, email_sent=None, webhook_sent=None, rate_limit_ip=None, rate_limit_applied=None)
[Pipeline] FLOW-0005 risk=15.4% -> Tier 1 (LOG)

[Executor] Executing LOG for FLOW-0005...
  ✅ LOG: FLOW-0005 risk=15.45% | Normal operation - risk is low
[DatabaseLogger] ✅ Logged LOG for FLOW-0005 (risk=15.45%, email_sent=None, webhook_sent=None, rate_limit_ip=None, rate_limit_applied=None)
[Pipeline] FLOW-0001 risk=0.1% -> Tier 1 (LOG)

[Executor] Executing LOG for FLOW-0001...
  ✅ LOG: FLOW-0001 risk=0.05% | Normal operation - risk is low
[DatabaseLogger] ✅ Logged LOG for FLOW-0001 (risk=0.05%, email_sent=None, webhook_sent=None, rate_limit_ip=None, rate_limit_applied=None)
[Pipeline] FLOW-0002 risk=0.1% -> Tier 1 (LOG)

[Executor] Executing LOG for FLOW-0002...
  ✅ LOG: FLOW-0002 risk=0.06% | Normal operation - risk is low
[DatabaseLogger] ✅ Logged LOG for FLOW-0002 (risk=0.06%, email_sent=None, webhook_sent=None, rate_limit_ip=None, rate_limit_applied=None)
[Pipeline] FLOW-0003 risk=100.0% -> Tier 4 (FULL_ISOLATION)

[Executor] Executing FULL_ISOLATION for FLOW-0003...
  🔒 FULL_ISOLATION: Triggering Module 4 for FLOW-0003...
    (Would POST to Module 4 API to isolate FLOW-0003)
     ✅ Module 4 isolation triggered
[DatabaseLogger] ✅ Logged FULL_ISOLATION for FLOW-0003 (risk=100.0%, email_sent=None, webhook_sent=None, rate_limit_ip=None, rate_limit_applied=None)
[DatabaseLogger] ✅ Alert 4b93917e-2c5d-4017-829a-ad1fa159548d created for FLOW-0003 (tier 4)
[DatabaseLogger] ✅ Set FLOW-0003 state to QUARANTINE
[Pipeline] Marked FLOW-0003 as isolated
[Pipeline] FLOW-0004 risk=3.1% -> Tier 1 (LOG)

[Executor] Executing LOG for FLOW-0004...
  ✅ LOG: FLOW-0004 risk=3.11% | Normal operation - risk is low
[DatabaseLogger] ✅ Logged LOG for FLOW-0004 (risk=3.11%, email_sent=None, webhook_sent=None, rate_limit_ip=None, rate_limit_applied=None)
[Pipeline] FLOW-0005 risk=15.4% -> Tier 1 (LOG)

[Executor] Executing LOG for FLOW-0005...
  ✅ LOG: FLOW-0005 risk=15.45% | Normal operation - risk is low
[DatabaseLogger] ✅ Logged LOG for FLOW-0005 (risk=15.45%, email_sent=None, webhook_sent=None, rate_limit_ip=None, rate_limit_applied=None)
[Pipeline] FLOW-0001 risk=0.1% -> Tier 1 (LOG)

[Executor] Executing LOG for FLOW-0001...
  ✅ LOG: FLOW-0001 risk=0.05% | Normal operation - risk is low
[DatabaseLogger] ✅ Logged LOG for FLOW-0001 (risk=0.05%, email_sent=None, webhook_sent=None, rate_limit_ip=None, rate_limit_applied=None)
[Pipeline] FLOW-0002 risk=0.1% -> Tier 1 (LOG)

[Executor] Executing LOG for FLOW-0002...
  ✅ LOG: FLOW-0002 risk=0.06% | Normal operation - risk is low
[DatabaseLogger] ✅ Logged LOG for FLOW-0002 (risk=0.06%, email_sent=None, webhook_sent=None, rate_limit_ip=None, rate_limit_applied=None)
[Pipeline] FLOW-0003 risk=100.0% -> Tier 4 (FULL_ISOLATION)

[Executor] Executing FULL_ISOLATION for FLOW-0003...
  🔒 FULL_ISOLATION: Triggering Module 4 for FLOW-0003...
    (Would POST to Module 4 API to isolate FLOW-0003)
     ✅ Module 4 isolation triggered
[DatabaseLogger] ✅ Logged FULL_ISOLATION for FLOW-0003 (risk=100.0%, email_sent=None, webhook_sent=None, rate_limit_ip=None, rate_limit_applied=None)
[DatabaseLogger] ✅ Alert 9fd991f5-d0df-4c84-88df-e253b7210135 created for FLOW-0003 (tier 4)
[DatabaseLogger] ✅ Set FLOW-0003 state to QUARANTINE
[Pipeline] Marked FLOW-0003 as isolated
[Pipeline] FLOW-0004 risk=3.1% -> Tier 1 (LOG)

[Executor] Executing LOG for FLOW-0004...
  ✅ LOG: FLOW-0004 risk=3.11% | Normal operation - risk is low
[DatabaseLogger] ✅ Logged LOG for FLOW-0004 (risk=3.11%, email_sent=None, webhook_sent=None, rate_limit_ip=None, rate_limit_applied=None)
[Pipeline] FLOW-0005 risk=15.4% -> Tier 1 (LOG)

[Executor] Executing LOG for FLOW-0005...
  ✅ LOG: FLOW-0005 risk=15.45% | Normal operation - risk is low
[DatabaseLogger] ✅ Logged LOG for FLOW-0005 (risk=15.45%, email_sent=None, webhook_sent=None, rate_limit_ip=None, rate_limit_applied=None)
[Pipeline] FLOW-0001 risk=0.1% -> Tier 1 (LOG)

[Executor] Executing LOG for FLOW-0001...
  ✅ LOG: FLOW-0001 risk=0.05% | Normal operation - risk is low
[DatabaseLogger] ✅ Logged LOG for FLOW-0001 (risk=0.05%, email_sent=None, webhook_sent=None, rate_limit_ip=None, rate_limit_applied=None)
[Pipeline] FLOW-0002 risk=0.1% -> Tier 1 (LOG)

[Executor] Executing LOG for FLOW-0002...
  ✅ LOG: FLOW-0002 risk=0.06% | Normal operation - risk is low
[DatabaseLogger] ✅ Logged LOG for FLOW-0002 (risk=0.06%, email_sent=None, webhook_sent=None, rate_limit_ip=None, rate_limit_applied=None)
[Pipeline] FLOW-0003 risk=100.0% -> Tier 4 (FULL_ISOLATION)

[Executor] Executing FULL_ISOLATION for FLOW-0003...
  🔒 FULL_ISOLATION: Triggering Module 4 for FLOW-0003...
    (Would POST to Module 4 API to isolate FLOW-0003)
     ✅ Module 4 isolation triggered
[DatabaseLogger] ✅ Logged FULL_ISOLATION for FLOW-0003 (risk=100.0%, email_sent=None, webhook_sent=None, rate_limit_ip=None, rate_limit_applied=None)
[DatabaseLogger] ✅ Alert 2d8da9c7-66bd-4bb6-a519-8df18307e480 created for FLOW-0003 (tier 4)
[DatabaseLogger] ✅ Set FLOW-0003 state to QUARANTINE
[Pipeline] Marked FLOW-0003 as isolated
[Pipeline] FLOW-0004 risk=3.1% -> Tier 1 (LOG)

[Executor] Executing LOG for FLOW-0004...
  ✅ LOG: FLOW-0004 risk=3.11% | Normal operation - risk is low
[DatabaseLogger] ✅ Logged LOG for FLOW-0004 (risk=3.11%, email_sent=None, webhook_sent=None, rate_limit_ip=None, rate_limit_applied=None)
[Pipeline] FLOW-0005 risk=15.4% -> Tier 1 (LOG)

[Executor] Executing LOG for FLOW-0005...
  ✅ LOG: FLOW-0005 risk=15.45% | Normal operation - risk is low
[DatabaseLogger] ✅ Logged LOG for FLOW-0005 (risk=15.45%, email_sent=None, webhook_sent=None, rate_limit_ip=None, rate_limit_applied=None)
[Pipeline] FLOW-0001 risk=0.1% -> Tier 1 (LOG)

[Executor] Executing LOG for FLOW-0001...
  ✅ LOG: FLOW-0001 risk=0.05% | Normal operation - risk is low
[DatabaseLogger] ✅ Logged LOG for FLOW-0001 (risk=0.05%, email_sent=None, webhook_sent=None, rate_limit_ip=None, rate_limit_applied=None)
[Pipeline] FLOW-0002 risk=0.1% -> Tier 1 (LOG)INFO:redis_state_manager:✅ Updated state: FLOW-0002 → LOG (risk=0.1%)
INFO:redis_state_manager:✅ Updated state: FLOW-0003 → FULL_ISOLATION (risk=100.0%)
INFO:redis_state_manager:🔒 Marked isolated: FLOW-0003
INFO:redis_state_manager:✅ Updated state: FLOW-0004 → LOG (risk=3.1%)
INFO:redis_state_manager:✅ Updated state: FLOW-0005 → LOG (risk=15.4%)
INFO:redis_state_manager:✅ Updated state: FLOW-0001 → LOG (risk=0.1%)
INFO:redis_state_manager:✅ Updated state: FLOW-0002 → LOG (risk=0.1%)
INFO:redis_state_manager:✅ Updated state: FLOW-0003 → FULL_ISOLATION (risk=100.0%)
INFO:redis_state_manager:🔒 Marked isolated: FLOW-0003
INFO:redis_state_manager:✅ Updated state: FLOW-0004 → LOG (risk=3.1%)
INFO:redis_state_manager:✅ Updated state: FLOW-0005 → LOG (risk=15.4%)
INFO:redis_state_manager:✅ Updated state: FLOW-0001 → LOG (risk=0.1%)
INFO:redis_state_manager:✅ Updated state: FLOW-0002 → LOG (risk=0.1%)
INFO:redis_state_manager:✅ Updated state: FLOW-0003 → FULL_ISOLATION (risk=100.0%)
INFO:redis_state_manager:🔒 Marked isolated: FLOW-0003
INFO:redis_state_manager:✅ Updated state: FLOW-0004 → LOG (risk=3.1%)
INFO:redis_state_manager:✅ Updated state: FLOW-0005 → LOG (risk=15.4%)
INFO:redis_state_manager:✅ Updated state: FLOW-0001 → LOG (risk=0.1%)
INFO:redis_state_manager:✅ Updated state: FLOW-0002 → LOG (risk=0.1%)
INFO:redis_state_manager:✅ Updated state: FLOW-0003 → FULL_ISOLATION (risk=100.0%)
INFO:redis_state_manager:🔒 Marked isolated: FLOW-0003
INFO:redis_state_manager:✅ Updated state: FLOW-0004 → LOG (risk=3.1%)
INFO:redis_state_manager:✅ Updated state: FLOW-0005 → LOG (risk=15.4%)
INFO:redis_state_manager:✅ Updated state: FLOW-0001 → LOG (risk=0.1%)
INFO:redis_state_manager:✅ Updated state: FLOW-0002 → LOG (risk=0.1%)
INFO:redis_state_manager:✅ Updated state: FLOW-0003 → FULL_ISOLATION (risk=100.0%)
INFO:redis_state_manager:🔒 Marked isolated: FLOW-0003


[Executor] Executing LOG for FLOW-0002...
  ✅ LOG: FLOW-0002 risk=0.06% | Normal operation - risk is low
[DatabaseLogger] ✅ Logged LOG for FLOW-0002 (risk=0.06%, email_sent=None, webhook_sent=None, rate_limit_ip=None, rate_limit_applied=None)
[Pipeline] FLOW-0003 risk=100.0% -> Tier 4 (FULL_ISOLATION)

[Executor] Executing FULL_ISOLATION for FLOW-0003...
  🔒 FULL_ISOLATION: Triggering Module 4 for FLOW-0003...
    (Would POST to Module 4 API to isolate FLOW-0003)
     ✅ Module 4 isolation triggered
[DatabaseLogger] ✅ Logged FULL_ISOLATION for FLOW-0003 (risk=100.0%, email_sent=None, webhook_sent=None, rate_limit_ip=None, rate_limit_applied=None)
[DatabaseLogger] ✅ Alert 24d901db-fec4-40a2-a05a-04709c901983 created for FLOW-0003 (tier 4)
[DatabaseLogger] ✅ Set FLOW-0003 state to QUARANTINE
[Pipeline] Marked FLOW-0003 as isolated
[Pipeline] FLOW-0004 risk=3.1% -> Tier 1 (LOG)

[Executor] Executing LOG for FLOW-0004...
  ✅ LOG: FLOW-0004 risk=3.11% | Normal operation - risk is low
[DatabaseLogger] ✅ Logged LOG for FLOW-0004 (risk=3.11%, email_sent=None, webhook_sent=None, rate_limit_ip=None, rate_limit_applied=None)
[Pipeline] FLOW-0005 risk=15.4% -> Tier 1 (LOG)

[Executor] Executing LOG for FLOW-0005...
  ✅ LOG: FLOW-0005 risk=15.45% | Normal operation - risk is low
[DatabaseLogger] ✅ Logged LOG for FLOW-0005 (risk=15.45%, email_sent=None, webhook_sent=None, rate_limit_ip=None, rate_limit_applied=None)
[Pipeline] FLOW-0001 risk=0.1% -> Tier 1 (LOG)

[Executor] Executing LOG for FLOW-0001...
  ✅ LOG: FLOW-0001 risk=0.05% | Normal operation - risk is low
[DatabaseLogger] ✅ Logged LOG for FLOW-0001 (risk=0.05%, email_sent=None, webhook_sent=None, rate_limit_ip=None, rate_limit_applied=None)
[Pipeline] FLOW-0002 risk=0.1% -> Tier 1 (LOG)

[Executor] Executing LOG for FLOW-0002...
  ✅ LOG: FLOW-0002 risk=0.06% | Normal operation - risk is low
[DatabaseLogger] ✅ Logged LOG for FLOW-0002 (risk=0.06%, email_sent=None, webhook_sent=None, rate_limit_ip=None, rate_limit_applied=None)
[Pipeline] FLOW-0003 risk=100.0% -> Tier 4 (FULL_ISOLATION)

[Executor] Executing FULL_ISOLATION for FLOW-0003...
  🔒 FULL_ISOLATION: Triggering Module 4 for FLOW-0003...
    (Would POST to Module 4 API to isolate FLOW-0003)
     ✅ Module 4 isolation triggered
[DatabaseLogger] ✅ Logged FULL_ISOLATION for FLOW-0003 (risk=100.0%, email_sent=None, webhook_sent=None, rate_limit_ip=None, rate_limit_applied=None)
[DatabaseLogger] ✅ Alert b940a948-0126-4d53-8dec-6ff478bf5c96 created for FLOW-0003 (tier 4)
[DatabaseLogger] ✅ Set FLOW-0003 state to QUARANTINE
[Pipeline] Marked FLOW-0003 as isolated
[Pipeline] FLOW-0004 risk=3.1% -> Tier 1 (LOG)

[Executor] Executing LOG for FLOW-0004...
  ✅ LOG: FLOW-0004 risk=3.11% | Normal operation - risk is low
[DatabaseLogger] ✅ Logged LOG for FLOW-0004 (risk=3.11%, email_sent=None, webhook_sent=None, rate_limit_ip=None, rate_limit_applied=None)
[Pipeline] FLOW-0005 risk=15.4% -> Tier 1 (LOG)

[Executor] Executing LOG for FLOW-0005...
  ✅ LOG: FLOW-0005 risk=15.45% | Normal operation - risk is low
[DatabaseLogger] ✅ Logged LOG for FLOW-0005 (risk=15.45%, email_sent=None, webhook_sent=None, rate_limit_ip=None, rate_limit_applied=None)
[Pipeline] FLOW-0001 risk=0.1% -> Tier 1 (LOG)

[Executor] Executing LOG for FLOW-0001...
  ✅ LOG: FLOW-0001 risk=0.05% | Normal operation - risk is low
[DatabaseLogger] ✅ Logged LOG for FLOW-0001 (risk=0.05%, email_sent=None, webhook_sent=None, rate_limit_ip=None, rate_limit_applied=None)
[Pipeline] FLOW-0002 risk=0.1% -> Tier 1 (LOG)

[Executor] Executing LOG for FLOW-0002...
  ✅ LOG: FLOW-0002 risk=0.06% | Normal operation - risk is low
[DatabaseLogger] ✅ Logged LOG for FLOW-0002 (risk=0.06%, email_sent=None, webhook_sent=None, rate_limit_ip=None, rate_limit_applied=None)
[Pipeline] FLOW-0003 risk=100.0% -> Tier 4 (FULL_ISOLATION)

[Executor] Executing FULL_ISOLATION for FLOW-0003...
  🔒 FULL_ISOLATION: Triggering Module 4 for FLOW-0003...
    (Would POST to Module 4 API to isolate FLOW-0003)
     ✅ Module 4 isolation triggered
[DatabaseLogger] ✅ Logged FULL_ISOLATION for FLOW-0003 (risk=100.0%, email_sent=None, webhook_sent=None, rate_limit_ip=None, rate_limit_applied=None)
[DatabaseLogger] ✅ Alert fd6d7c80-48e1-4379-a735-dbe1f5b5bc83 created for FLOW-0003 (tier 4)
[DatabaseLogger] ✅ Set FLOW-0003 state to QUARANTINE
[Pipeline] Marked FLOW-0003 as isolated
[Pipeline] FLOW-0004 risk=3.1% -> Tier 1 (LOG)

[Executor] Executing LOG for FLOW-0004...
  ✅ LOG: FLOW-0004 risk=3.11% | Normal operation - risk is low
[DatabaseLogger] ✅ Logged LOG for FLOW-0004 (risk=3.11%, email_sent=None, webhook_sent=None, rate_limit_ip=None, rate_limit_applied=None)
[Pipeline] FLOW-0005 risk=15.4% -> Tier 1 (LOG)

[Executor] Executing LOG for FLOW-0005...
  ✅ LOG: FLOW-0005 risk=15.45% | Normal operation - risk is low
[DatabaseLogger] ✅ Logged LOG for FLOW-0005 (risk=15.45%, email_sent=None, webhook_sent=None, rate_limit_ip=None, rate_limit_applied=None)
[Pipeline] FLOW-0001 risk=0.1% -> Tier 1 (LOG)

[Executor] Executing LOG for FLOW-0001...
  ✅ LOG: FLOW-0001 risk=0.05% | Normal operation - risk is low
[DatabaseLogger] ✅ Logged LOG for FLOW-0001 (risk=0.05%, email_sent=None, webhook_sent=None, rate_limit_ip=None, rate_limit_applied=None)
[Pipeline] FLOW-0002 risk=0.1% -> Tier 1 (LOG)

[Executor] Executing LOG for FLOW-0002...
  ✅ LOG: FLOW-0002 risk=0.06% | Normal operation - risk is low
[DatabaseLogger] ✅ Logged LOG for FLOW-0002 (risk=0.06%, email_sent=None, webhook_sent=None, rate_limit_ip=None, rate_limit_applied=None)
[Pipeline] FLOW-0003 risk=100.0% -> Tier 4 (FULL_ISOLATION)

[Executor] Executing FULL_ISOLATION for FLOW-0003...
  🔒 FULL_ISOLATION: Triggering Module 4 for FLOW-0003...
    (Would POST to Module 4 API to isolate FLOW-0003)
     ✅ Module 4 isolation triggered
[DatabaseLogger] ✅ Logged FULL_ISOLATION for FLOW-0003 (risk=100.0%, email_sent=None, webhook_sent=None, rate_limit_ip=None, rate_limit_applied=None)
[DatabaseLogger] ✅ Alert 1ffdf39a-bfda-4ba7-8e4c-03f21c70e1e2 created for FLOW-0003 (tier 4)
[DatabaseLogger] ✅ Set FLOW-0003 state to QUARANTINE
[Pipeline] Marked FLOW-0003 as isolated
[Pipeline] FLOW-0004 risk=3.1% -> Tier 1 (LOG)

[Executor] Executing LOG for FLOW-0004...
  ✅ LOG: FLOW-0004 risk=3.11% | Normal operation - risk is low
[DatabaseLogger] ✅ Logged LOG for FLOW-0004 (risk=3.11%, email_sent=None, webhook_sent=None, rate_limit_ip=None, rate_limit_applied=None)
[Pipeline] FLOW-0005 risk=15.4% -> Tier 1 (LOG)

[Executor] Executing LOG for FLOW-0005...
  ✅ LOG: FLOW-0005 risk=15.45% | Normal operation - risk is low
[DatabaseLogger] ✅ Logged LOG for FLOW-0005 (risk=15.45%, email_sent=None, webhook_sent=None, rate_limit_ip=None, rate_limit_applied=None)
[Pipeline] FLOW-0001 risk=0.1% -> Tier 1 (LOG)

[Executor] Executing LOG for FLOW-0001...
  ✅ LOG: FLOW-0001 risk=0.05% | Normal operation - risk is low
[DatabaseLogger] ✅ Logged LOG for FLOW-0001 (risk=0.05%, email_sent=None, webhook_sent=None, rate_limit_ip=None, rate_limit_applied=None)
[Pipeline] FLOW-0002 risk=0.1% -> Tier 1 (LOG)

[Executor] Executing LOG for FLOW-0002...
  ✅ LOG: FLOW-0002 risk=0.06% | Normal operation - risk is low
[DatabaseLogger] ✅ Logged LOG for FLOW-0002 (risk=0.06%, email_sent=None, webhook_sent=None, rate_limit_ip=None, rate_limit_applied=None)
[Pipeline] FLOW-0003 risk=100.0% -> Tier 4 (FULL_ISOLATION)

[Executor] Executing FULL_ISOLATION for FLOW-0003...
  🔒 FULL_ISOLATION: Triggering Module 4 for FLOW-0003...
    (Would POST to Module 4 API to isolate FLOW-0003)
     ✅ Module 4 isolation triggered
[DatabaseLogger] ✅ Logged FULL_ISOLATION for FLOW-0003 (risk=100.0%, email_sent=None, webhook_sent=None, rate_limit_ip=None, rate_limit_applied=None)
[DatabaseLogger] ✅ Alert d2e3ca94-d306-4df3-ab46-730db5d88470 created for FLOW-0003 (tier 4)
[DatabaseLogger] ✅ Set FLOW-0003 state to QUARANTINE
[Pipeline] Marked FLOW-0003 as isolated
[Pipeline] FLOW-0004 risk=3.1% -> Tier 1 (LOG)

[Executor] Executing LOG for FLOW-0004...
  ✅ LOG: FLOW-0004 risk=3.11% | Normal operation - risk is low
[DatabaseLogger] ✅ Logged LOG for FLOW-0004 (risk=3.11%, email_sent=None, webhook_sent=None, rate_limit_ip=None, rate_limit_applied=None)INFO:redis_state_manager:✅ Updated state: FLOW-0004 → LOG (risk=3.1%)
INFO:redis_state_manager:✅ Updated state: FLOW-0005 → LOG (risk=15.4%)
INFO:redis_state_manager:✅ Updated state: FLOW-0001 → LOG (risk=0.1%)
INFO:redis_state_manager:✅ Updated state: FLOW-0002 → LOG (risk=0.1%)
INFO:redis_state_manager:✅ Updated state: FLOW-0003 → FULL_ISOLATION (risk=100.0%)
INFO:redis_state_manager:🔒 Marked isolated: FLOW-0003
INFO:redis_state_manager:✅ Updated state: FLOW-0004 → LOG (risk=3.1%)
INFO:redis_state_manager:✅ Updated state: FLOW-0005 → LOG (risk=15.4%)
INFO:redis_state_manager:✅ Updated state: FLOW-0001 → LOG (risk=0.1%)
INFO:redis_state_manager:✅ Updated state: FLOW-0002 → LOG (risk=0.1%)
INFO:redis_state_manager:✅ Updated state: FLOW-0003 → FULL_ISOLATION (risk=100.0%)
INFO:redis_state_manager:🔒 Marked isolated: FLOW-0003
INFO:redis_state_manager:✅ Updated state: FLOW-0004 → LOG (risk=3.1%)
INFO:redis_state_manager:✅ Updated state: FLOW-0005 → LOG (risk=15.4%)
INFO:redis_state_manager:✅ Updated state: FLOW-0001 → LOG (risk=0.1%)
INFO:redis_state_manager:✅ Updated state: FLOW-0002 → LOG (risk=0.1%)
INFO:redis_state_manager:✅ Updated state: FLOW-0003 → FULL_ISOLATION (risk=100.0%)
INFO:redis_state_manager:🔒 Marked isolated: FLOW-0003
INFO:redis_state_manager:✅ Updated state: FLOW-0004 → LOG (risk=3.1%)
INFO:redis_state_manager:✅ Updated state: FLOW-0005 → LOG (risk=15.4%)
INFO:redis_state_manager:✅ Updated state: FLOW-0001 → LOG (risk=0.1%)
INFO:redis_state_manager:✅ Updated state: FLOW-0002 → LOG (risk=0.1%)
INFO:redis_state_manager:✅ Updated state: FLOW-0003 → FULL_ISOLATION (risk=100.0%)
INFO:redis_state_manager:🔒 Marked isolated: FLOW-0003
INFO:redis_state_manager:✅ Updated state: FLOW-0004 → LOG (risk=3.1%)
INFO:redis_state_manager:✅ Updated state: FLOW-0005 → LOG (risk=15.4%)
INFO:redis_state_manager:✅ Updated state: FLOW-0001 → LOG (risk=0.1%)
INFO:redis_state_manager:✅ Updated state: FLOW-0002 → LOG (risk=0.1%)

[Pipeline] FLOW-0005 risk=15.4% -> Tier 1 (LOG)

[Executor] Executing LOG for FLOW-0005...
  ✅ LOG: FLOW-0005 risk=15.45% | Normal operation - risk is low
[DatabaseLogger] ✅ Logged LOG for FLOW-0005 (risk=15.45%, email_sent=None, webhook_sent=None, rate_limit_ip=None, rate_limit_applied=None)
[Pipeline] FLOW-0001 risk=0.1% -> Tier 1 (LOG)

[Executor] Executing LOG for FLOW-0001...
  ✅ LOG: FLOW-0001 risk=0.05% | Normal operation - risk is low
[DatabaseLogger] ✅ Logged LOG for FLOW-0001 (risk=0.05%, email_sent=None, webhook_sent=None, rate_limit_ip=None, rate_limit_applied=None)
[Pipeline] FLOW-0002 risk=0.1% -> Tier 1 (LOG)

[Executor] Executing LOG for FLOW-0002...
  ✅ LOG: FLOW-0002 risk=0.06% | Normal operation - risk is low
[DatabaseLogger] ✅ Logged LOG for FLOW-0002 (risk=0.06%, email_sent=None, webhook_sent=None, rate_limit_ip=None, rate_limit_applied=None)
[Pipeline] FLOW-0003 risk=100.0% -> Tier 4 (FULL_ISOLATION)

[Executor] Executing FULL_ISOLATION for FLOW-0003...
  🔒 FULL_ISOLATION: Triggering Module 4 for FLOW-0003...
    (Would POST to Module 4 API to isolate FLOW-0003)
     ✅ Module 4 isolation triggered
[DatabaseLogger] ✅ Logged FULL_ISOLATION for FLOW-0003 (risk=100.0%, email_sent=None, webhook_sent=None, rate_limit_ip=None, rate_limit_applied=None)
[DatabaseLogger] ✅ Alert 14f68c43-aa61-4b4e-a499-453e8a80da39 created for FLOW-0003 (tier 4)
[DatabaseLogger] ✅ Set FLOW-0003 state to QUARANTINE
[Pipeline] Marked FLOW-0003 as isolated
[Pipeline] FLOW-0004 risk=3.1% -> Tier 1 (LOG)

[Executor] Executing LOG for FLOW-0004...
  ✅ LOG: FLOW-0004 risk=3.11% | Normal operation - risk is low
[DatabaseLogger] ✅ Logged LOG for FLOW-0004 (risk=3.11%, email_sent=None, webhook_sent=None, rate_limit_ip=None, rate_limit_applied=None)
[Pipeline] FLOW-0005 risk=15.4% -> Tier 1 (LOG)

[Executor] Executing LOG for FLOW-0005...
  ✅ LOG: FLOW-0005 risk=15.45% | Normal operation - risk is low
[DatabaseLogger] ✅ Logged LOG for FLOW-0005 (risk=15.45%, email_sent=None, webhook_sent=None, rate_limit_ip=None, rate_limit_applied=None)
[Pipeline] FLOW-0001 risk=0.1% -> Tier 1 (LOG)

[Executor] Executing LOG for FLOW-0001...
  ✅ LOG: FLOW-0001 risk=0.05% | Normal operation - risk is low
[DatabaseLogger] ✅ Logged LOG for FLOW-0001 (risk=0.05%, email_sent=None, webhook_sent=None, rate_limit_ip=None, rate_limit_applied=None)
[Pipeline] FLOW-0002 risk=0.1% -> Tier 1 (LOG)

[Executor] Executing LOG for FLOW-0002...
  ✅ LOG: FLOW-0002 risk=0.06% | Normal operation - risk is low
[DatabaseLogger] ✅ Logged LOG for FLOW-0002 (risk=0.06%, email_sent=None, webhook_sent=None, rate_limit_ip=None, rate_limit_applied=None)
[Pipeline] FLOW-0003 risk=100.0% -> Tier 4 (FULL_ISOLATION)

[Executor] Executing FULL_ISOLATION for FLOW-0003...
  🔒 FULL_ISOLATION: Triggering Module 4 for FLOW-0003...
    (Would POST to Module 4 API to isolate FLOW-0003)
     ✅ Module 4 isolation triggered
[DatabaseLogger] ✅ Logged FULL_ISOLATION for FLOW-0003 (risk=100.0%, email_sent=None, webhook_sent=None, rate_limit_ip=None, rate_limit_applied=None)
[DatabaseLogger] ✅ Alert 85643805-6b16-4848-9f7a-897a9f65ef40 created for FLOW-0003 (tier 4)
[DatabaseLogger] ✅ Set FLOW-0003 state to QUARANTINE
[Pipeline] Marked FLOW-0003 as isolated
[Pipeline] FLOW-0004 risk=3.1% -> Tier 1 (LOG)

[Executor] Executing LOG for FLOW-0004...
  ✅ LOG: FLOW-0004 risk=3.11% | Normal operation - risk is low
[DatabaseLogger] ✅ Logged LOG for FLOW-0004 (risk=3.11%, email_sent=None, webhook_sent=None, rate_limit_ip=None, rate_limit_applied=None)
[Pipeline] FLOW-0005 risk=15.4% -> Tier 1 (LOG)

[Executor] Executing LOG for FLOW-0005...
  ✅ LOG: FLOW-0005 risk=15.45% | Normal operation - risk is low
[DatabaseLogger] ✅ Logged LOG for FLOW-0005 (risk=15.45%, email_sent=None, webhook_sent=None, rate_limit_ip=None, rate_limit_applied=None)
[Pipeline] FLOW-0001 risk=0.1% -> Tier 1 (LOG)

[Executor] Executing LOG for FLOW-0001...
  ✅ LOG: FLOW-0001 risk=0.05% | Normal operation - risk is low
[DatabaseLogger] ✅ Logged LOG for FLOW-0001 (risk=0.05%, email_sent=None, webhook_sent=None, rate_limit_ip=None, rate_limit_applied=None)
[Pipeline] FLOW-0002 risk=0.1% -> Tier 1 (LOG)

[Executor] Executing LOG for FLOW-0002...
  ✅ LOG: FLOW-0002 risk=0.06% | Normal operation - risk is low
[DatabaseLogger] ✅ Logged LOG for FLOW-0002 (risk=0.06%, email_sent=None, webhook_sent=None, rate_limit_ip=None, rate_limit_applied=None)
[Pipeline] FLOW-0003 risk=100.0% -> Tier 4 (FULL_ISOLATION)

[Executor] Executing FULL_ISOLATION for FLOW-0003...
  🔒 FULL_ISOLATION: Triggering Module 4 for FLOW-0003...
    (Would POST to Module 4 API to isolate FLOW-0003)
     ✅ Module 4 isolation triggered
[DatabaseLogger] ✅ Logged FULL_ISOLATION for FLOW-0003 (risk=100.0%, email_sent=None, webhook_sent=None, rate_limit_ip=None, rate_limit_applied=None)
[DatabaseLogger] ✅ Alert a49ac572-93cb-41fa-8ae3-522cfc9c9b60 created for FLOW-0003 (tier 4)
[DatabaseLogger] ✅ Set FLOW-0003 state to QUARANTINE
[Pipeline] Marked FLOW-0003 as isolated
[Pipeline] FLOW-0004 risk=3.1% -> Tier 1 (LOG)

[Executor] Executing LOG for FLOW-0004...
  ✅ LOG: FLOW-0004 risk=3.11% | Normal operation - risk is low
[DatabaseLogger] ✅ Logged LOG for FLOW-0004 (risk=3.11%, email_sent=None, webhook_sent=None, rate_limit_ip=None, rate_limit_applied=None)
[Pipeline] FLOW-0005 risk=15.4% -> Tier 1 (LOG)

[Executor] Executing LOG for FLOW-0005...
  ✅ LOG: FLOW-0005 risk=15.45% | Normal operation - risk is low
[DatabaseLogger] ✅ Logged LOG for FLOW-0005 (risk=15.45%, email_sent=None, webhook_sent=None, rate_limit_ip=None, rate_limit_applied=None)
[Pipeline] FLOW-0001 risk=0.1% -> Tier 1 (LOG)

[Executor] Executing LOG for FLOW-0001...
  ✅ LOG: FLOW-0001 risk=0.05% | Normal operation - risk is low
[DatabaseLogger] ✅ Logged LOG for FLOW-0001 (risk=0.05%, email_sent=None, webhook_sent=None, rate_limit_ip=None, rate_limit_applied=None)
[Pipeline] FLOW-0002 risk=0.1% -> Tier 1 (LOG)

[Executor] Executing LOG for FLOW-0002...
  ✅ LOG: FLOW-0002 risk=0.06% | Normal operation - risk is low
[DatabaseLogger] ✅ Logged LOG for FLOW-0002 (risk=0.06%, email_sent=None, webhook_sent=None, rate_limit_ip=None, rate_limit_applied=None)
[Pipeline] FLOW-0003 risk=100.0% -> Tier 4 (FULL_ISOLATION)

[Executor] Executing FULL_ISOLATION for FLOW-0003...
  🔒 FULL_ISOLATION: Triggering Module 4 for FLOW-0003...
    (Would POST to Module 4 API to isolate FLOW-0003)
     ✅ Module 4 isolation triggered
[DatabaseLogger] ✅ Logged FULL_ISOLATION for FLOW-0003 (risk=100.0%, email_sent=None, webhook_sent=None, rate_limit_ip=None, rate_limit_applied=None)
[DatabaseLogger] ✅ Alert 2e93579a-6fdf-4ef2-b480-05bbe06eb1d3 created for FLOW-0003 (tier 4)
[DatabaseLogger] ✅ Set FLOW-0003 state to QUARANTINE
[Pipeline] Marked FLOW-0003 as isolated
[Pipeline] FLOW-0004 risk=3.1% -> Tier 1 (LOG)

[Executor] Executing LOG for FLOW-0004...
  ✅ LOG: FLOW-0004 risk=3.11% | Normal operation - risk is low
[DatabaseLogger] ✅ Logged LOG for FLOW-0004 (risk=3.11%, email_sent=None, webhook_sent=None, rate_limit_ip=None, rate_limit_applied=None)
[Pipeline] FLOW-0005 risk=15.4% -> Tier 1 (LOG)

[Executor] Executing LOG for FLOW-0005...
  ✅ LOG: FLOW-0005 risk=15.45% | Normal operation - risk is low
[DatabaseLogger] ✅ Logged LOG for FLOW-0005 (risk=15.45%, email_sent=None, webhook_sent=None, rate_limit_ip=None, rate_limit_applied=None)
[Pipeline] FLOW-0001 risk=0.1% -> Tier 1 (LOG)

[Executor] Executing LOG for FLOW-0001...
  ✅ LOG: FLOW-0001 risk=0.05% | Normal operation - risk is low
[DatabaseLogger] ✅ Logged LOG for FLOW-0001 (risk=0.05%, email_sent=None, webhook_sent=None, rate_limit_ip=None, rate_limit_applied=None)
[Pipeline] FLOW-0002 risk=0.1% -> Tier 1 (LOG)

[Executor] Executing LOG for FLOW-0002...
  ✅ LOG: FLOW-0002 risk=0.06% | Normal operation - risk is low
[DatabaseLogger] ✅ Logged LOG for FLOW-0002 (risk=0.06%, email_sent=None, webhook_sent=None, rate_limit_ip=None, rate_limit_applied=None)
[Pipeline] FLOW-0003 risk=100.0% -> Tier 4 (FULL_ISOLATION)

[Executor] Executing FULL_ISOLATION for FLOW-0003...
  🔒 FULL_ISOLATION: Triggering Module 4 for FLOW-0003...INFO:redis_state_manager:✅ Updated state: FLOW-0003 → FULL_ISOLATION (risk=100.0%)
INFO:redis_state_manager:🔒 Marked isolated: FLOW-0003
INFO:redis_state_manager:✅ Updated state: FLOW-0004 → LOG (risk=3.1%)
INFO:redis_state_manager:✅ Updated state: FLOW-0005 → LOG (risk=15.4%)
INFO:redis_state_manager:✅ Updated state: FLOW-0001 → LOG (risk=0.1%)
INFO:redis_state_manager:✅ Updated state: FLOW-0002 → LOG (risk=0.1%)
INFO:redis_state_manager:✅ Updated state: FLOW-0003 → FULL_ISOLATION (risk=100.0%)
INFO:redis_state_manager:🔒 Marked isolated: FLOW-0003
INFO:redis_state_manager:✅ Updated state: FLOW-0004 → LOG (risk=3.1%)
INFO:redis_state_manager:✅ Updated state: FLOW-0005 → LOG (risk=15.4%)
INFO:redis_state_manager:✅ Updated state: FLOW-0001 → LOG (risk=0.1%)
INFO:redis_state_manager:✅ Updated state: FLOW-0002 → LOG (risk=0.1%)
INFO:redis_state_manager:✅ Updated state: FLOW-0003 → FULL_ISOLATION (risk=100.0%)
INFO:redis_state_manager:🔒 Marked isolated: FLOW-0003
INFO:redis_state_manager:✅ Updated state: FLOW-0004 → LOG (risk=3.1%)
INFO:redis_state_manager:✅ Updated state: FLOW-0005 → LOG (risk=15.4%)
INFO:redis_state_manager:✅ Updated state: FLOW-0001 → LOG (risk=0.1%)
INFO:redis_state_manager:✅ Updated state: FLOW-0002 → LOG (risk=0.1%)
INFO:redis_state_manager:✅ Updated state: FLOW-0003 → FULL_ISOLATION (risk=100.0%)
INFO:redis_state_manager:🔒 Marked isolated: FLOW-0003
INFO:redis_state_manager:✅ Updated state: FLOW-0004 → LOG (risk=3.1%)
INFO:redis_state_manager:✅ Updated state: FLOW-0005 → LOG (risk=15.4%)
INFO:redis_state_manager:✅ Updated state: FLOW-0001 → LOG (risk=0.1%)
INFO:redis_state_manager:✅ Updated state: FLOW-0002 → LOG (risk=0.1%)
INFO:redis_state_manager:✅ Updated state: FLOW-0003 → FULL_ISOLATION (risk=100.0%)
INFO:redis_state_manager:🔒 Marked isolated: FLOW-0003
INFO:redis_state_manager:✅ Updated state: FLOW-0004 → LOG (risk=3.1%)

    (Would POST to Module 4 API to isolate FLOW-0003)
     ✅ Module 4 isolation triggered
[DatabaseLogger] ✅ Logged FULL_ISOLATION for FLOW-0003 (risk=100.0%, email_sent=None, webhook_sent=None, rate_limit_ip=None, rate_limit_applied=None)
[DatabaseLogger] ✅ Alert 57a3920f-6ee8-4cff-8ed2-187b4e0e30d6 created for FLOW-0003 (tier 4)
[DatabaseLogger] ✅ Set FLOW-0003 state to QUARANTINE
[Pipeline] Marked FLOW-0003 as isolated
[Pipeline] FLOW-0004 risk=3.1% -> Tier 1 (LOG)

[Executor] Executing LOG for FLOW-0004...
  ✅ LOG: FLOW-0004 risk=3.11% | Normal operation - risk is low
[DatabaseLogger] ✅ Logged LOG for FLOW-0004 (risk=3.11%, email_sent=None, webhook_sent=None, rate_limit_ip=None, rate_limit_applied=None)
[Pipeline] FLOW-0005 risk=15.4% -> Tier 1 (LOG)

[Executor] Executing LOG for FLOW-0005...
  ✅ LOG: FLOW-0005 risk=15.45% | Normal operation - risk is low
[DatabaseLogger] ✅ Logged LOG for FLOW-0005 (risk=15.45%, email_sent=None, webhook_sent=None, rate_limit_ip=None, rate_limit_applied=None)
[Pipeline] FLOW-0001 risk=0.1% -> Tier 1 (LOG)

[Executor] Executing LOG for FLOW-0001...
  ✅ LOG: FLOW-0001 risk=0.05% | Normal operation - risk is low
[DatabaseLogger] ✅ Logged LOG for FLOW-0001 (risk=0.05%, email_sent=None, webhook_sent=None, rate_limit_ip=None, rate_limit_applied=None)
[Pipeline] FLOW-0002 risk=0.1% -> Tier 1 (LOG)

[Executor] Executing LOG for FLOW-0002...
  ✅ LOG: FLOW-0002 risk=0.06% | Normal operation - risk is low
[DatabaseLogger] ✅ Logged LOG for FLOW-0002 (risk=0.06%, email_sent=None, webhook_sent=None, rate_limit_ip=None, rate_limit_applied=None)
[Pipeline] FLOW-0003 risk=100.0% -> Tier 4 (FULL_ISOLATION)

[Executor] Executing FULL_ISOLATION for FLOW-0003...
  🔒 FULL_ISOLATION: Triggering Module 4 for FLOW-0003...
    (Would POST to Module 4 API to isolate FLOW-0003)
     ✅ Module 4 isolation triggered
[DatabaseLogger] ✅ Logged FULL_ISOLATION for FLOW-0003 (risk=100.0%, email_sent=None, webhook_sent=None, rate_limit_ip=None, rate_limit_applied=None)
[DatabaseLogger] ✅ Alert db305b38-36bb-4926-a0a5-758663015b9d created for FLOW-0003 (tier 4)
[DatabaseLogger] ✅ Set FLOW-0003 state to QUARANTINE
[Pipeline] Marked FLOW-0003 as isolated
[Pipeline] FLOW-0004 risk=3.1% -> Tier 1 (LOG)

[Executor] Executing LOG for FLOW-0004...
  ✅ LOG: FLOW-0004 risk=3.11% | Normal operation - risk is low
[DatabaseLogger] ✅ Logged LOG for FLOW-0004 (risk=3.11%, email_sent=None, webhook_sent=None, rate_limit_ip=None, rate_limit_applied=None)
[Pipeline] FLOW-0005 risk=15.4% -> Tier 1 (LOG)

[Executor] Executing LOG for FLOW-0005...
  ✅ LOG: FLOW-0005 risk=15.45% | Normal operation - risk is low
[DatabaseLogger] ✅ Logged LOG for FLOW-0005 (risk=15.45%, email_sent=None, webhook_sent=None, rate_limit_ip=None, rate_limit_applied=None)
[Pipeline] FLOW-0001 risk=0.1% -> Tier 1 (LOG)

[Executor] Executing LOG for FLOW-0001...
  ✅ LOG: FLOW-0001 risk=0.05% | Normal operation - risk is low
[DatabaseLogger] ✅ Logged LOG for FLOW-0001 (risk=0.05%, email_sent=None, webhook_sent=None, rate_limit_ip=None, rate_limit_applied=None)
[Pipeline] FLOW-0002 risk=0.1% -> Tier 1 (LOG)

[Executor] Executing LOG for FLOW-0002...
  ✅ LOG: FLOW-0002 risk=0.06% | Normal operation - risk is low
[DatabaseLogger] ✅ Logged LOG for FLOW-0002 (risk=0.06%, email_sent=None, webhook_sent=None, rate_limit_ip=None, rate_limit_applied=None)
[Pipeline] FLOW-0003 risk=100.0% -> Tier 4 (FULL_ISOLATION)

[Executor] Executing FULL_ISOLATION for FLOW-0003...
  🔒 FULL_ISOLATION: Triggering Module 4 for FLOW-0003...
    (Would POST to Module 4 API to isolate FLOW-0003)
     ✅ Module 4 isolation triggered
[DatabaseLogger] ✅ Logged FULL_ISOLATION for FLOW-0003 (risk=100.0%, email_sent=None, webhook_sent=None, rate_limit_ip=None, rate_limit_applied=None)
[DatabaseLogger] ✅ Alert 4c1a05ac-1fca-45d4-8bfd-6f2d1e2cb26d created for FLOW-0003 (tier 4)
[DatabaseLogger] ✅ Set FLOW-0003 state to QUARANTINE
[Pipeline] Marked FLOW-0003 as isolated
[Pipeline] FLOW-0004 risk=3.1% -> Tier 1 (LOG)

[Executor] Executing LOG for FLOW-0004...
  ✅ LOG: FLOW-0004 risk=3.11% | Normal operation - risk is low
[DatabaseLogger] ✅ Logged LOG for FLOW-0004 (risk=3.11%, email_sent=None, webhook_sent=None, rate_limit_ip=None, rate_limit_applied=None)
[Pipeline] FLOW-0005 risk=15.4% -> Tier 1 (LOG)

[Executor] Executing LOG for FLOW-0005...
  ✅ LOG: FLOW-0005 risk=15.45% | Normal operation - risk is low
[DatabaseLogger] ✅ Logged LOG for FLOW-0005 (risk=15.45%, email_sent=None, webhook_sent=None, rate_limit_ip=None, rate_limit_applied=None)
[Pipeline] FLOW-0001 risk=0.1% -> Tier 1 (LOG)

[Executor] Executing LOG for FLOW-0001...
  ✅ LOG: FLOW-0001 risk=0.05% | Normal operation - risk is low
[DatabaseLogger] ✅ Logged LOG for FLOW-0001 (risk=0.05%, email_sent=None, webhook_sent=None, rate_limit_ip=None, rate_limit_applied=None)
[Pipeline] FLOW-0002 risk=0.1% -> Tier 1 (LOG)

[Executor] Executing LOG for FLOW-0002...
  ✅ LOG: FLOW-0002 risk=0.06% | Normal operation - risk is low
[DatabaseLogger] ✅ Logged LOG for FLOW-0002 (risk=0.06%, email_sent=None, webhook_sent=None, rate_limit_ip=None, rate_limit_applied=None)
[Pipeline] FLOW-0003 risk=100.0% -> Tier 4 (FULL_ISOLATION)

[Executor] Executing FULL_ISOLATION for FLOW-0003...
  🔒 FULL_ISOLATION: Triggering Module 4 for FLOW-0003...
    (Would POST to Module 4 API to isolate FLOW-0003)
     ✅ Module 4 isolation triggered
[DatabaseLogger] ✅ Logged FULL_ISOLATION for FLOW-0003 (risk=100.0%, email_sent=None, webhook_sent=None, rate_limit_ip=None, rate_limit_applied=None)
[DatabaseLogger] ✅ Alert feff5392-f530-40f2-9139-67d75cb05229 created for FLOW-0003 (tier 4)
[DatabaseLogger] ✅ Set FLOW-0003 state to QUARANTINE
[Pipeline] Marked FLOW-0003 as isolated
[Pipeline] FLOW-0004 risk=3.1% -> Tier 1 (LOG)

[Executor] Executing LOG for FLOW-0004...
  ✅ LOG: FLOW-0004 risk=3.11% | Normal operation - risk is low
[DatabaseLogger] ✅ Logged LOG for FLOW-0004 (risk=3.11%, email_sent=None, webhook_sent=None, rate_limit_ip=None, rate_limit_applied=None)
[Pipeline] FLOW-0005 risk=15.4% -> Tier 1 (LOG)

[Executor] Executing LOG for FLOW-0005...
  ✅ LOG: FLOW-0005 risk=15.45% | Normal operation - risk is low
[DatabaseLogger] ✅ Logged LOG for FLOW-0005 (risk=15.45%, email_sent=None, webhook_sent=None, rate_limit_ip=None, rate_limit_applied=None)
[Pipeline] FLOW-0001 risk=0.1% -> Tier 1 (LOG)

[Executor] Executing LOG for FLOW-0001...
  ✅ LOG: FLOW-0001 risk=0.05% | Normal operation - risk is low
[DatabaseLogger] ✅ Logged LOG for FLOW-0001 (risk=0.05%, email_sent=None, webhook_sent=None, rate_limit_ip=None, rate_limit_applied=None)
[Pipeline] FLOW-0002 risk=0.1% -> Tier 1 (LOG)

[Executor] Executing LOG for FLOW-0002...
  ✅ LOG: FLOW-0002 risk=0.06% | Normal operation - risk is low
[DatabaseLogger] ✅ Logged LOG for FLOW-0002 (risk=0.06%, email_sent=None, webhook_sent=None, rate_limit_ip=None, rate_limit_applied=None)
[Pipeline] FLOW-0003 risk=100.0% -> Tier 4 (FULL_ISOLATION)

[Executor] Executing FULL_ISOLATION for FLOW-0003...
  🔒 FULL_ISOLATION: Triggering Module 4 for FLOW-0003...
    (Would POST to Module 4 API to isolate FLOW-0003)
     ✅ Module 4 isolation triggered
[DatabaseLogger] ✅ Logged FULL_ISOLATION for FLOW-0003 (risk=100.0%, email_sent=None, webhook_sent=None, rate_limit_ip=None, rate_limit_applied=None)
[DatabaseLogger] ✅ Alert 1d17a682-c49e-48c1-a1ba-ae1d9032be40 created for FLOW-0003 (tier 4)
[DatabaseLogger] ✅ Set FLOW-0003 state to QUARANTINE
[Pipeline] Marked FLOW-0003 as isolated
[Pipeline] FLOW-0004 risk=3.1% -> Tier 1 (LOG)

[Executor] Executing LOG for FLOW-0004...
  ✅ LOG: FLOW-0004 risk=3.11% | Normal operation - risk is low
[DatabaseLogger] ✅ Logged LOG for FLOW-0004 (risk=3.11%, email_sent=None, webhook_sent=None, rate_limit_ip=None, rate_limit_applied=None)
[Pipeline] FLOW-0005 risk=15.4% -> Tier 1 (LOG)

[Executor] Executing LOG for FLOW-0005...
  ✅ LOG: FLOW-0005 risk=15.45% | Normal operation - risk is low
[DatabaseLogger] ✅ Logged LOG for FLOW-0005 (risk=15.45%, email_sent=None, webhook_sent=None, rate_limit_ip=None, rate_limit_applied=None)
INFO:redis_state_manager:✅ Updated state: FLOW-0005 → LOG (risk=15.4%)
INFO:redis_state_manager:✅ Updated state: FLOW-0001 → LOG (risk=0.1%)
INFO:redis_state_manager:✅ Updated state: FLOW-0002 → LOG (risk=0.1%)
INFO:redis_state_manager:✅ Updated state: FLOW-0003 → FULL_ISOLATION (risk=100.0%)
INFO:redis_state_manager:🔒 Marked isolated: FLOW-0003
INFO:redis_state_manager:✅ Updated state: FLOW-0004 → LOG (risk=3.1%)
INFO:redis_state_manager:✅ Updated state: FLOW-0005 → LOG (risk=15.4%)
INFO:redis_state_manager:✅ Updated state: FLOW-0001 → LOG (risk=0.1%)
INFO:redis_state_manager:✅ Updated state: FLOW-0002 → LOG (risk=0.1%)
INFO:redis_state_manager:✅ Updated state: FLOW-0003 → FULL_ISOLATION (risk=100.0%)
INFO:redis_state_manager:🔒 Marked isolated: FLOW-0003
INFO:redis_state_manager:✅ Updated state: FLOW-0004 → LOG (risk=3.1%)
INFO:redis_state_manager:✅ Updated state: FLOW-0005 → LOG (risk=15.4%)
INFO:redis_state_manager:✅ Updated state: FLOW-0001 → LOG (risk=0.1%)
INFO:redis_state_manager:✅ Updated state: FLOW-0002 → LOG (risk=0.1%)
INFO:redis_state_manager:✅ Updated state: FLOW-0003 → FULL_ISOLATION (risk=100.0%)
INFO:redis_state_manager:🔒 Marked isolated: FLOW-0003
INFO:redis_state_manager:✅ Updated state: FLOW-0004 → LOG (risk=3.1%)
INFO:redis_state_manager:✅ Updated state: FLOW-0005 → LOG (risk=15.4%)
INFO:redis_state_manager:✅ Updated state: FLOW-0001 → LOG (risk=0.1%)
INFO:redis_state_manager:✅ Updated state: FLOW-0002 → LOG (risk=0.1%)
INFO:redis_state_manager:✅ Updated state: FLOW-0003 → FULL_ISOLATION (risk=100.0%)
INFO:redis_state_manager:🔒 Marked isolated: FLOW-0003
INFO:redis_state_manager:✅ Updated state: FLOW-0004 → LOG (risk=3.1%)
INFO:redis_state_manager:✅ Updated state: FLOW-0005 → LOG (risk=15.4%)
INFO:redis_state_manager:✅ Updated state: FLOW-0001 → LOG (risk=0.1%)
INFO:redis_state_manager:✅ Updated state: FLOW-0002 → LOG (risk=0.1%)
[Pipeline] FLOW-0001 risk=0.1% -> Tier 1 (LOG)

[Executor] Executing LOG for FLOW-0001...
  ✅ LOG: FLOW-0001 risk=0.05% | Normal operation - risk is low
[DatabaseLogger] ✅ Logged LOG for FLOW-0001 (risk=0.05%, email_sent=None, webhook_sent=None, rate_limit_ip=None, rate_limit_applied=None)
[Pipeline] FLOW-0002 risk=0.1% -> Tier 1 (LOG)

[Executor] Executing LOG for FLOW-0002...
  ✅ LOG: FLOW-0002 risk=0.06% | Normal operation - risk is low
[DatabaseLogger] ✅ Logged LOG for FLOW-0002 (risk=0.06%, email_sent=None, webhook_sent=None, rate_limit_ip=None, rate_limit_applied=None)
[Pipeline] FLOW-0003 risk=100.0% -> Tier 4 (FULL_ISOLATION)

[Executor] Executing FULL_ISOLATION for FLOW-0003...
  🔒 FULL_ISOLATION: Triggering Module 4 for FLOW-0003...
    (Would POST to Module 4 API to isolate FLOW-0003)
     ✅ Module 4 isolation triggered
[DatabaseLogger] ✅ Logged FULL_ISOLATION for FLOW-0003 (risk=100.0%, email_sent=None, webhook_sent=None, rate_limit_ip=None, rate_limit_applied=None)
[DatabaseLogger] ✅ Alert 215f3ef1-99e5-438f-97ad-69396ebc1e15 created for FLOW-0003 (tier 4)
[DatabaseLogger] ✅ Set FLOW-0003 state to QUARANTINE
[Pipeline] Marked FLOW-0003 as isolated
[Pipeline] FLOW-0004 risk=3.1% -> Tier 1 (LOG)

[Executor] Executing LOG for FLOW-0004...
  ✅ LOG: FLOW-0004 risk=3.11% | Normal operation - risk is low
[DatabaseLogger] ✅ Logged LOG for FLOW-0004 (risk=3.11%, email_sent=None, webhook_sent=None, rate_limit_ip=None, rate_limit_applied=None)
[Pipeline] FLOW-0005 risk=15.4% -> Tier 1 (LOG)

[Executor] Executing LOG for FLOW-0005...
  ✅ LOG: FLOW-0005 risk=15.45% | Normal operation - risk is low
[DatabaseLogger] ✅ Logged LOG for FLOW-0005 (risk=15.45%, email_sent=None, webhook_sent=None, rate_limit_ip=None, rate_limit_applied=None)
[Pipeline] FLOW-0001 risk=0.1% -> Tier 1 (LOG)

[Executor] Executing LOG for FLOW-0001...
  ✅ LOG: FLOW-0001 risk=0.05% | Normal operation - risk is low
[DatabaseLogger] ✅ Logged LOG for FLOW-0001 (risk=0.05%, email_sent=None, webhook_sent=None, rate_limit_ip=None, rate_limit_applied=None)
[Pipeline] FLOW-0002 risk=0.1% -> Tier 1 (LOG)

[Executor] Executing LOG for FLOW-0002...
  ✅ LOG: FLOW-0002 risk=0.06% | Normal operation - risk is low
[DatabaseLogger] ✅ Logged LOG for FLOW-0002 (risk=0.06%, email_sent=None, webhook_sent=None, rate_limit_ip=None, rate_limit_applied=None)
[Pipeline] FLOW-0003 risk=100.0% -> Tier 4 (FULL_ISOLATION)

[Executor] Executing FULL_ISOLATION for FLOW-0003...
  🔒 FULL_ISOLATION: Triggering Module 4 for FLOW-0003...
    (Would POST to Module 4 API to isolate FLOW-0003)
     ✅ Module 4 isolation triggered
[DatabaseLogger] ✅ Logged FULL_ISOLATION for FLOW-0003 (risk=100.0%, email_sent=None, webhook_sent=None, rate_limit_ip=None, rate_limit_applied=None)
[DatabaseLogger] ✅ Alert 4ac3bc7a-770a-446d-bbeb-0fe408aff897 created for FLOW-0003 (tier 4)
[DatabaseLogger] ✅ Set FLOW-0003 state to QUARANTINE
[Pipeline] Marked FLOW-0003 as isolated
[Pipeline] FLOW-0004 risk=3.1% -> Tier 1 (LOG)

[Executor] Executing LOG for FLOW-0004...
  ✅ LOG: FLOW-0004 risk=3.11% | Normal operation - risk is low
[DatabaseLogger] ✅ Logged LOG for FLOW-0004 (risk=3.11%, email_sent=None, webhook_sent=None, rate_limit_ip=None, rate_limit_applied=None)
[Pipeline] FLOW-0005 risk=15.4% -> Tier 1 (LOG)

[Executor] Executing LOG for FLOW-0005...
  ✅ LOG: FLOW-0005 risk=15.45% | Normal operation - risk is low
[DatabaseLogger] ✅ Logged LOG for FLOW-0005 (risk=15.45%, email_sent=None, webhook_sent=None, rate_limit_ip=None, rate_limit_applied=None)
[Pipeline] FLOW-0001 risk=0.1% -> Tier 1 (LOG)

[Executor] Executing LOG for FLOW-0001...
  ✅ LOG: FLOW-0001 risk=0.05% | Normal operation - risk is low
[DatabaseLogger] ✅ Logged LOG for FLOW-0001 (risk=0.05%, email_sent=None, webhook_sent=None, rate_limit_ip=None, rate_limit_applied=None)
[Pipeline] FLOW-0002 risk=0.1% -> Tier 1 (LOG)

[Executor] Executing LOG for FLOW-0002...
  ✅ LOG: FLOW-0002 risk=0.06% | Normal operation - risk is low
[DatabaseLogger] ✅ Logged LOG for FLOW-0002 (risk=0.06%, email_sent=None, webhook_sent=None, rate_limit_ip=None, rate_limit_applied=None)
[Pipeline] FLOW-0003 risk=100.0% -> Tier 4 (FULL_ISOLATION)

[Executor] Executing FULL_ISOLATION for FLOW-0003...
  🔒 FULL_ISOLATION: Triggering Module 4 for FLOW-0003...
    (Would POST to Module 4 API to isolate FLOW-0003)
     ✅ Module 4 isolation triggered
[DatabaseLogger] ✅ Logged FULL_ISOLATION for FLOW-0003 (risk=100.0%, email_sent=None, webhook_sent=None, rate_limit_ip=None, rate_limit_applied=None)
[DatabaseLogger] ✅ Alert 7913c613-fcf1-4ca1-98f5-e870ca1cb086 created for FLOW-0003 (tier 4)
[DatabaseLogger] ✅ Set FLOW-0003 state to QUARANTINE
[Pipeline] Marked FLOW-0003 as isolated
[Pipeline] FLOW-0004 risk=3.1% -> Tier 1 (LOG)

[Executor] Executing LOG for FLOW-0004...
  ✅ LOG: FLOW-0004 risk=3.11% | Normal operation - risk is low
[DatabaseLogger] ✅ Logged LOG for FLOW-0004 (risk=3.11%, email_sent=None, webhook_sent=None, rate_limit_ip=None, rate_limit_applied=None)
[Pipeline] FLOW-0005 risk=15.4% -> Tier 1 (LOG)

[Executor] Executing LOG for FLOW-0005...
  ✅ LOG: FLOW-0005 risk=15.45% | Normal operation - risk is low
[DatabaseLogger] ✅ Logged LOG for FLOW-0005 (risk=15.45%, email_sent=None, webhook_sent=None, rate_limit_ip=None, rate_limit_applied=None)
[Pipeline] FLOW-0001 risk=0.1% -> Tier 1 (LOG)

[Executor] Executing LOG for FLOW-0001...
  ✅ LOG: FLOW-0001 risk=0.05% | Normal operation - risk is low
[DatabaseLogger] ✅ Logged LOG for FLOW-0001 (risk=0.05%, email_sent=None, webhook_sent=None, rate_limit_ip=None, rate_limit_applied=None)
[Pipeline] FLOW-0002 risk=0.1% -> Tier 1 (LOG)

[Executor] Executing LOG for FLOW-0002...
  ✅ LOG: FLOW-0002 risk=0.06% | Normal operation - risk is low
[DatabaseLogger] ✅ Logged LOG for FLOW-0002 (risk=0.06%, email_sent=None, webhook_sent=None, rate_limit_ip=None, rate_limit_applied=None)
[Pipeline] FLOW-0003 risk=100.0% -> Tier 4 (FULL_ISOLATION)

[Executor] Executing FULL_ISOLATION for FLOW-0003...
  🔒 FULL_ISOLATION: Triggering Module 4 for FLOW-0003...
    (Would POST to Module 4 API to isolate FLOW-0003)
     ✅ Module 4 isolation triggered
[DatabaseLogger] ✅ Logged FULL_ISOLATION for FLOW-0003 (risk=100.0%, email_sent=None, webhook_sent=None, rate_limit_ip=None, rate_limit_applied=None)
[DatabaseLogger] ✅ Alert 0a67adc3-97f6-47cd-8687-58afa6ad93c8 created for FLOW-0003 (tier 4)
[DatabaseLogger] ✅ Set FLOW-0003 state to QUARANTINE
[Pipeline] Marked FLOW-0003 as isolated
[Pipeline] FLOW-0004 risk=3.1% -> Tier 1 (LOG)

[Executor] Executing LOG for FLOW-0004...
  ✅ LOG: FLOW-0004 risk=3.11% | Normal operation - risk is low
[DatabaseLogger] ✅ Logged LOG for FLOW-0004 (risk=3.11%, email_sent=None, webhook_sent=None, rate_limit_ip=None, rate_limit_applied=None)
[Pipeline] FLOW-0005 risk=15.4% -> Tier 1 (LOG)

[Executor] Executing LOG for FLOW-0005...
  ✅ LOG: FLOW-0005 risk=15.45% | Normal operation - risk is low
[DatabaseLogger] ✅ Logged LOG for FLOW-0005 (risk=15.45%, email_sent=None, webhook_sent=None, rate_limit_ip=None, rate_limit_applied=None)
[Pipeline] FLOW-0001 risk=0.1% -> Tier 1 (LOG)

[Executor] Executing LOG for FLOW-0001...
  ✅ LOG: FLOW-0001 risk=0.05% | Normal operation - risk is low
[DatabaseLogger] ✅ Logged LOG for FLOW-0001 (risk=0.05%, email_sent=None, webhook_sent=None, rate_limit_ip=None, rate_limit_applied=None)
[Pipeline] FLOW-0002 risk=0.1% -> Tier 1 (LOG)

[Executor] Executing LOG for FLOW-0002...
  ✅ LOG: FLOW-0002 risk=0.06% | Normal operation - risk is low
[DatabaseLogger] ✅ Logged LOG for FLOW-0002 (risk=0.06%, email_sent=None, webhook_sent=None, rate_limit_ip=None, rate_limit_applied=None)
[Pipeline] FLOW-0003 risk=100.0% -> Tier 4 (FULL_ISOLATION)

[Executor] Executing FULL_ISOLATION for FLOW-0003...
  🔒 FULL_ISOLATION: Triggering Module 4 for FLOW-0003...
    (Would POST to Module 4 API to isolate FLOW-0003)
     ✅ Module 4 isolation triggered
[DatabaseLogger] ✅ Logged FULL_ISOLATION for FLOW-0003 (risk=100.0%, email_sent=None, webhook_sent=None, rate_limit_ip=None, rate_limit_applied=None)
[DatabaseLogger] ✅ Alert 561b686a-84c8-47e6-a27d-ffe5d541af8d created for FLOW-0003 (tier 4)INFO:redis_state_manager:✅ Updated state: FLOW-0003 → FULL_ISOLATION (risk=100.0%)
INFO:redis_state_manager:🔒 Marked isolated: FLOW-0003
INFO:redis_state_manager:✅ Updated state: FLOW-0004 → LOG (risk=3.1%)
INFO:redis_state_manager:✅ Updated state: FLOW-0005 → LOG (risk=15.4%)
INFO:redis_state_manager:✅ Updated state: FLOW-0001 → LOG (risk=0.1%)
INFO:redis_state_manager:✅ Updated state: FLOW-0002 → LOG (risk=0.1%)
INFO:redis_state_manager:✅ Updated state: FLOW-0003 → FULL_ISOLATION (risk=100.0%)
INFO:redis_state_manager:🔒 Marked isolated: FLOW-0003
INFO:redis_state_manager:✅ Updated state: FLOW-0004 → LOG (risk=3.1%)
INFO:redis_state_manager:✅ Updated state: FLOW-0005 → LOG (risk=15.4%)
INFO:redis_state_manager:✅ Updated state: FLOW-0001 → LOG (risk=0.1%)
INFO:redis_state_manager:✅ Updated state: FLOW-0002 → LOG (risk=0.1%)
INFO:redis_state_manager:✅ Updated state: FLOW-0003 → FULL_ISOLATION (risk=100.0%)
INFO:redis_state_manager:🔒 Marked isolated: FLOW-0003
INFO:redis_state_manager:✅ Updated state: FLOW-0004 → LOG (risk=3.1%)
INFO:redis_state_manager:✅ Updated state: FLOW-0005 → LOG (risk=15.4%)
INFO:redis_state_manager:✅ Updated state: FLOW-0001 → LOG (risk=0.1%)
INFO:redis_state_manager:✅ Updated state: FLOW-0002 → LOG (risk=0.1%)
INFO:redis_state_manager:✅ Updated state: FLOW-0003 → FULL_ISOLATION (risk=100.0%)
INFO:redis_state_manager:🔒 Marked isolated: FLOW-0003
INFO:redis_state_manager:✅ Updated state: FLOW-0004 → LOG (risk=3.1%)
INFO:redis_state_manager:✅ Updated state: FLOW-0005 → LOG (risk=15.4%)
INFO:redis_state_manager:✅ Updated state: FLOW-0001 → LOG (risk=0.1%)
INFO:redis_state_manager:✅ Updated state: FLOW-0002 → LOG (risk=0.1%)
INFO:redis_state_manager:✅ Updated state: FLOW-0003 → FULL_ISOLATION (risk=100.0%)
INFO:redis_state_manager:🔒 Marked isolated: FLOW-0003
INFO:redis_state_manager:✅ Updated state: FLOW-0004 → LOG (risk=3.1%)
INFO:redis_state_manager:✅ Updated state: FLOW-0005 → LOG (risk=15.4%)
INFO:redis_state_manager:✅ Updated state: FLOW-0001 → LOG (risk=0.1%)

[DatabaseLogger] ✅ Set FLOW-0003 state to QUARANTINE
[Pipeline] Marked FLOW-0003 as isolated
[Pipeline] FLOW-0004 risk=3.1% -> Tier 1 (LOG)

[Executor] Executing LOG for FLOW-0004...
  ✅ LOG: FLOW-0004 risk=3.11% | Normal operation - risk is low
[DatabaseLogger] ✅ Logged LOG for FLOW-0004 (risk=3.11%, email_sent=None, webhook_sent=None, rate_limit_ip=None, rate_limit_applied=None)
[Pipeline] FLOW-0005 risk=15.4% -> Tier 1 (LOG)

[Executor] Executing LOG for FLOW-0005...
  ✅ LOG: FLOW-0005 risk=15.45% | Normal operation - risk is low
[DatabaseLogger] ✅ Logged LOG for FLOW-0005 (risk=15.45%, email_sent=None, webhook_sent=None, rate_limit_ip=None, rate_limit_applied=None)
[Pipeline] FLOW-0001 risk=0.1% -> Tier 1 (LOG)

[Executor] Executing LOG for FLOW-0001...
  ✅ LOG: FLOW-0001 risk=0.05% | Normal operation - risk is low
[DatabaseLogger] ✅ Logged LOG for FLOW-0001 (risk=0.05%, email_sent=None, webhook_sent=None, rate_limit_ip=None, rate_limit_applied=None)
[Pipeline] FLOW-0002 risk=0.1% -> Tier 1 (LOG)

[Executor] Executing LOG for FLOW-0002...
  ✅ LOG: FLOW-0002 risk=0.06% | Normal operation - risk is low
[DatabaseLogger] ✅ Logged LOG for FLOW-0002 (risk=0.06%, email_sent=None, webhook_sent=None, rate_limit_ip=None, rate_limit_applied=None)
[Pipeline] FLOW-0003 risk=100.0% -> Tier 4 (FULL_ISOLATION)

[Executor] Executing FULL_ISOLATION for FLOW-0003...
  🔒 FULL_ISOLATION: Triggering Module 4 for FLOW-0003...
    (Would POST to Module 4 API to isolate FLOW-0003)
     ✅ Module 4 isolation triggered
[DatabaseLogger] ✅ Logged FULL_ISOLATION for FLOW-0003 (risk=100.0%, email_sent=None, webhook_sent=None, rate_limit_ip=None, rate_limit_applied=None)
[DatabaseLogger] ✅ Alert ad6d55fd-bfff-4dcd-ba37-6dee540306a0 created for FLOW-0003 (tier 4)
[DatabaseLogger] ✅ Set FLOW-0003 state to QUARANTINE
[Pipeline] Marked FLOW-0003 as isolated
[Pipeline] FLOW-0004 risk=3.1% -> Tier 1 (LOG)

[Executor] Executing LOG for FLOW-0004...
  ✅ LOG: FLOW-0004 risk=3.11% | Normal operation - risk is low
[DatabaseLogger] ✅ Logged LOG for FLOW-0004 (risk=3.11%, email_sent=None, webhook_sent=None, rate_limit_ip=None, rate_limit_applied=None)
[Pipeline] FLOW-0005 risk=15.4% -> Tier 1 (LOG)

[Executor] Executing LOG for FLOW-0005...
  ✅ LOG: FLOW-0005 risk=15.45% | Normal operation - risk is low
[DatabaseLogger] ✅ Logged LOG for FLOW-0005 (risk=15.45%, email_sent=None, webhook_sent=None, rate_limit_ip=None, rate_limit_applied=None)
[Pipeline] FLOW-0001 risk=0.1% -> Tier 1 (LOG)

[Executor] Executing LOG for FLOW-0001...
  ✅ LOG: FLOW-0001 risk=0.05% | Normal operation - risk is low
[DatabaseLogger] ✅ Logged LOG for FLOW-0001 (risk=0.05%, email_sent=None, webhook_sent=None, rate_limit_ip=None, rate_limit_applied=None)
[Pipeline] FLOW-0002 risk=0.1% -> Tier 1 (LOG)

[Executor] Executing LOG for FLOW-0002...
  ✅ LOG: FLOW-0002 risk=0.06% | Normal operation - risk is low
[DatabaseLogger] ✅ Logged LOG for FLOW-0002 (risk=0.06%, email_sent=None, webhook_sent=None, rate_limit_ip=None, rate_limit_applied=None)
[Pipeline] FLOW-0003 risk=100.0% -> Tier 4 (FULL_ISOLATION)

[Executor] Executing FULL_ISOLATION for FLOW-0003...
  🔒 FULL_ISOLATION: Triggering Module 4 for FLOW-0003...
    (Would POST to Module 4 API to isolate FLOW-0003)
     ✅ Module 4 isolation triggered
[DatabaseLogger] ✅ Logged FULL_ISOLATION for FLOW-0003 (risk=100.0%, email_sent=None, webhook_sent=None, rate_limit_ip=None, rate_limit_applied=None)
[DatabaseLogger] ✅ Alert 3e97588b-19f5-404e-80d0-3eead6b4f4a5 created for FLOW-0003 (tier 4)
[DatabaseLogger] ✅ Set FLOW-0003 state to QUARANTINE
[Pipeline] Marked FLOW-0003 as isolated
[Pipeline] FLOW-0004 risk=3.1% -> Tier 1 (LOG)

[Executor] Executing LOG for FLOW-0004...
  ✅ LOG: FLOW-0004 risk=3.11% | Normal operation - risk is low
[DatabaseLogger] ✅ Logged LOG for FLOW-0004 (risk=3.11%, email_sent=None, webhook_sent=None, rate_limit_ip=None, rate_limit_applied=None)
[Pipeline] FLOW-0005 risk=15.4% -> Tier 1 (LOG)

[Executor] Executing LOG for FLOW-0005...
  ✅ LOG: FLOW-0005 risk=15.45% | Normal operation - risk is low
[DatabaseLogger] ✅ Logged LOG for FLOW-0005 (risk=15.45%, email_sent=None, webhook_sent=None, rate_limit_ip=None, rate_limit_applied=None)
[Pipeline] FLOW-0001 risk=0.1% -> Tier 1 (LOG)

[Executor] Executing LOG for FLOW-0001...
  ✅ LOG: FLOW-0001 risk=0.05% | Normal operation - risk is low
[DatabaseLogger] ✅ Logged LOG for FLOW-0001 (risk=0.05%, email_sent=None, webhook_sent=None, rate_limit_ip=None, rate_limit_applied=None)
[Pipeline] FLOW-0002 risk=0.1% -> Tier 1 (LOG)

[Executor] Executing LOG for FLOW-0002...
  ✅ LOG: FLOW-0002 risk=0.06% | Normal operation - risk is low
[DatabaseLogger] ✅ Logged LOG for FLOW-0002 (risk=0.06%, email_sent=None, webhook_sent=None, rate_limit_ip=None, rate_limit_applied=None)
[Pipeline] FLOW-0003 risk=100.0% -> Tier 4 (FULL_ISOLATION)

[Executor] Executing FULL_ISOLATION for FLOW-0003...
  🔒 FULL_ISOLATION: Triggering Module 4 for FLOW-0003...
    (Would POST to Module 4 API to isolate FLOW-0003)
     ✅ Module 4 isolation triggered
[DatabaseLogger] ✅ Logged FULL_ISOLATION for FLOW-0003 (risk=100.0%, email_sent=None, webhook_sent=None, rate_limit_ip=None, rate_limit_applied=None)
[DatabaseLogger] ✅ Alert 21cd363b-b954-4201-8b00-dec7e4b4e03e created for FLOW-0003 (tier 4)
[DatabaseLogger] ✅ Set FLOW-0003 state to QUARANTINE
[Pipeline] Marked FLOW-0003 as isolated
[Pipeline] FLOW-0004 risk=3.1% -> Tier 1 (LOG)

[Executor] Executing LOG for FLOW-0004...
  ✅ LOG: FLOW-0004 risk=3.11% | Normal operation - risk is low
[DatabaseLogger] ✅ Logged LOG for FLOW-0004 (risk=3.11%, email_sent=None, webhook_sent=None, rate_limit_ip=None, rate_limit_applied=None)
[Pipeline] FLOW-0005 risk=15.4% -> Tier 1 (LOG)

[Executor] Executing LOG for FLOW-0005...
  ✅ LOG: FLOW-0005 risk=15.45% | Normal operation - risk is low
[DatabaseLogger] ✅ Logged LOG for FLOW-0005 (risk=15.45%, email_sent=None, webhook_sent=None, rate_limit_ip=None, rate_limit_applied=None)
[Pipeline] FLOW-0001 risk=0.1% -> Tier 1 (LOG)

[Executor] Executing LOG for FLOW-0001...
  ✅ LOG: FLOW-0001 risk=0.05% | Normal operation - risk is low
[DatabaseLogger] ✅ Logged LOG for FLOW-0001 (risk=0.05%, email_sent=None, webhook_sent=None, rate_limit_ip=None, rate_limit_applied=None)
[Pipeline] FLOW-0002 risk=0.1% -> Tier 1 (LOG)

[Executor] Executing LOG for FLOW-0002...
  ✅ LOG: FLOW-0002 risk=0.06% | Normal operation - risk is low
[DatabaseLogger] ✅ Logged LOG for FLOW-0002 (risk=0.06%, email_sent=None, webhook_sent=None, rate_limit_ip=None, rate_limit_applied=None)
[Pipeline] FLOW-0003 risk=100.0% -> Tier 4 (FULL_ISOLATION)

[Executor] Executing FULL_ISOLATION for FLOW-0003...
  🔒 FULL_ISOLATION: Triggering Module 4 for FLOW-0003...
    (Would POST to Module 4 API to isolate FLOW-0003)
     ✅ Module 4 isolation triggered
[DatabaseLogger] ✅ Logged FULL_ISOLATION for FLOW-0003 (risk=100.0%, email_sent=None, webhook_sent=None, rate_limit_ip=None, rate_limit_applied=None)
[DatabaseLogger] ✅ Alert eec4fd37-057d-4914-97f7-994486e6f86e created for FLOW-0003 (tier 4)
[DatabaseLogger] ✅ Set FLOW-0003 state to QUARANTINE
[Pipeline] Marked FLOW-0003 as isolated
[Pipeline] FLOW-0004 risk=3.1% -> Tier 1 (LOG)

[Executor] Executing LOG for FLOW-0004...
  ✅ LOG: FLOW-0004 risk=3.11% | Normal operation - risk is low
[DatabaseLogger] ✅ Logged LOG for FLOW-0004 (risk=3.11%, email_sent=None, webhook_sent=None, rate_limit_ip=None, rate_limit_applied=None)
[Pipeline] FLOW-0005 risk=15.4% -> Tier 1 (LOG)

[Executor] Executing LOG for FLOW-0005...
  ✅ LOG: FLOW-0005 risk=15.45% | Normal operation - risk is low
[DatabaseLogger] ✅ Logged LOG for FLOW-0005 (risk=15.45%, email_sent=None, webhook_sent=None, rate_limit_ip=None, rate_limit_applied=None)
[Pipeline] FLOW-0001 risk=0.1% -> Tier 1 (LOG)

[Executor] Executing LOG for FLOW-0001...
  ✅ LOG: FLOW-0001 risk=0.05% | Normal operation - risk is low
[DatabaseLogger] ✅ Logged LOG for FLOW-0001 (risk=0.05%, email_sent=None, webhook_sent=None, rate_limit_ip=None, rate_limit_applied=None)
[Pipeline] FLOW-0002 risk=0.1% -> Tier 1 (LOG)INFO:redis_state_manager:✅ Updated state: FLOW-0002 → LOG (risk=0.1%)
INFO:redis_state_manager:✅ Updated state: FLOW-0003 → FULL_ISOLATION (risk=100.0%)
INFO:redis_state_manager:🔒 Marked isolated: FLOW-0003
INFO:redis_state_manager:✅ Updated state: FLOW-0004 → LOG (risk=3.1%)
INFO:redis_state_manager:✅ Updated state: FLOW-0005 → LOG (risk=15.4%)
INFO:redis_state_manager:✅ Updated state: FLOW-0001 → LOG (risk=0.1%)
INFO:redis_state_manager:✅ Updated state: FLOW-0002 → LOG (risk=0.1%)
INFO:redis_state_manager:✅ Updated state: FLOW-0003 → FULL_ISOLATION (risk=100.0%)
INFO:redis_state_manager:🔒 Marked isolated: FLOW-0003
INFO:redis_state_manager:✅ Updated state: FLOW-0004 → LOG (risk=3.1%)
INFO:redis_state_manager:✅ Updated state: FLOW-0005 → LOG (risk=15.4%)
INFO:redis_state_manager:✅ Updated state: FLOW-0001 → LOG (risk=0.1%)
INFO:redis_state_manager:✅ Updated state: FLOW-0002 → LOG (risk=0.1%)
INFO:redis_state_manager:✅ Updated state: FLOW-0003 → FULL_ISOLATION (risk=100.0%)
INFO:redis_state_manager:🔒 Marked isolated: FLOW-0003
INFO:redis_state_manager:✅ Updated state: FLOW-0004 → LOG (risk=3.1%)
INFO:redis_state_manager:✅ Updated state: FLOW-0005 → LOG (risk=15.4%)
INFO:redis_state_manager:✅ Updated state: FLOW-0001 → LOG (risk=0.1%)
INFO:redis_state_manager:✅ Updated state: FLOW-0002 → LOG (risk=0.1%)
INFO:redis_state_manager:✅ Updated state: FLOW-0003 → FULL_ISOLATION (risk=100.0%)
INFO:redis_state_manager:🔒 Marked isolated: FLOW-0003
INFO:redis_state_manager:✅ Updated state: FLOW-0004 → LOG (risk=3.1%)
INFO:redis_state_manager:✅ Updated state: FLOW-0005 → LOG (risk=15.4%)
INFO:redis_state_manager:✅ Updated state: FLOW-0001 → LOG (risk=0.1%)
INFO:redis_state_manager:✅ Updated state: FLOW-0002 → LOG (risk=0.1%)
INFO:redis_state_manager:✅ Updated state: FLOW-0003 → FULL_ISOLATION (risk=100.0%)
INFO:redis_state_manager:🔒 Marked isolated: FLOW-0003


[Executor] Executing LOG for FLOW-0002...
  ✅ LOG: FLOW-0002 risk=0.06% | Normal operation - risk is low
[DatabaseLogger] ✅ Logged LOG for FLOW-0002 (risk=0.06%, email_sent=None, webhook_sent=None, rate_limit_ip=None, rate_limit_applied=None)
[Pipeline] FLOW-0003 risk=100.0% -> Tier 4 (FULL_ISOLATION)

[Executor] Executing FULL_ISOLATION for FLOW-0003...
  🔒 FULL_ISOLATION: Triggering Module 4 for FLOW-0003...
    (Would POST to Module 4 API to isolate FLOW-0003)
     ✅ Module 4 isolation triggered
[DatabaseLogger] ✅ Logged FULL_ISOLATION for FLOW-0003 (risk=100.0%, email_sent=None, webhook_sent=None, rate_limit_ip=None, rate_limit_applied=None)
[DatabaseLogger] ✅ Alert 5c249ef7-fcb3-4466-8e13-4a17ea27553e created for FLOW-0003 (tier 4)
[DatabaseLogger] ✅ Set FLOW-0003 state to QUARANTINE
[Pipeline] Marked FLOW-0003 as isolated
[Pipeline] FLOW-0004 risk=3.1% -> Tier 1 (LOG)

[Executor] Executing LOG for FLOW-0004...
  ✅ LOG: FLOW-0004 risk=3.11% | Normal operation - risk is low
[DatabaseLogger] ✅ Logged LOG for FLOW-0004 (risk=3.11%, email_sent=None, webhook_sent=None, rate_limit_ip=None, rate_limit_applied=None)
[Pipeline] FLOW-0005 risk=15.4% -> Tier 1 (LOG)

[Executor] Executing LOG for FLOW-0005...
  ✅ LOG: FLOW-0005 risk=15.45% | Normal operation - risk is low
[DatabaseLogger] ✅ Logged LOG for FLOW-0005 (risk=15.45%, email_sent=None, webhook_sent=None, rate_limit_ip=None, rate_limit_applied=None)
[Pipeline] FLOW-0001 risk=0.1% -> Tier 1 (LOG)

[Executor] Executing LOG for FLOW-0001...
  ✅ LOG: FLOW-0001 risk=0.05% | Normal operation - risk is low
[DatabaseLogger] ✅ Logged LOG for FLOW-0001 (risk=0.05%, email_sent=None, webhook_sent=None, rate_limit_ip=None, rate_limit_applied=None)
[Pipeline] FLOW-0002 risk=0.1% -> Tier 1 (LOG)

[Executor] Executing LOG for FLOW-0002...
  ✅ LOG: FLOW-0002 risk=0.06% | Normal operation - risk is low
[DatabaseLogger] ✅ Logged LOG for FLOW-0002 (risk=0.06%, email_sent=None, webhook_sent=None, rate_limit_ip=None, rate_limit_applied=None)
[Pipeline] FLOW-0003 risk=100.0% -> Tier 4 (FULL_ISOLATION)

[Executor] Executing FULL_ISOLATION for FLOW-0003...
  🔒 FULL_ISOLATION: Triggering Module 4 for FLOW-0003...
    (Would POST to Module 4 API to isolate FLOW-0003)
     ✅ Module 4 isolation triggered
[DatabaseLogger] ✅ Logged FULL_ISOLATION for FLOW-0003 (risk=100.0%, email_sent=None, webhook_sent=None, rate_limit_ip=None, rate_limit_applied=None)
[DatabaseLogger] ✅ Alert 02e1b4f8-ecf9-47a2-8dd4-57e26528e94e created for FLOW-0003 (tier 4)
[DatabaseLogger] ✅ Set FLOW-0003 state to QUARANTINE
[Pipeline] Marked FLOW-0003 as isolated
[Pipeline] FLOW-0004 risk=3.1% -> Tier 1 (LOG)

[Executor] Executing LOG for FLOW-0004...
  ✅ LOG: FLOW-0004 risk=3.11% | Normal operation - risk is low
[DatabaseLogger] ✅ Logged LOG for FLOW-0004 (risk=3.11%, email_sent=None, webhook_sent=None, rate_limit_ip=None, rate_limit_applied=None)
[Pipeline] FLOW-0005 risk=15.4% -> Tier 1 (LOG)

[Executor] Executing LOG for FLOW-0005...
  ✅ LOG: FLOW-0005 risk=15.45% | Normal operation - risk is low
[DatabaseLogger] ✅ Logged LOG for FLOW-0005 (risk=15.45%, email_sent=None, webhook_sent=None, rate_limit_ip=None, rate_limit_applied=None)
[Pipeline] FLOW-0001 risk=0.1% -> Tier 1 (LOG)

[Executor] Executing LOG for FLOW-0001...
  ✅ LOG: FLOW-0001 risk=0.05% | Normal operation - risk is low
[DatabaseLogger] ✅ Logged LOG for FLOW-0001 (risk=0.05%, email_sent=None, webhook_sent=None, rate_limit_ip=None, rate_limit_applied=None)
[Pipeline] FLOW-0002 risk=0.1% -> Tier 1 (LOG)

[Executor] Executing LOG for FLOW-0002...
  ✅ LOG: FLOW-0002 risk=0.06% | Normal operation - risk is low
[DatabaseLogger] ✅ Logged LOG for FLOW-0002 (risk=0.06%, email_sent=None, webhook_sent=None, rate_limit_ip=None, rate_limit_applied=None)
[Pipeline] FLOW-0003 risk=100.0% -> Tier 4 (FULL_ISOLATION)

[Executor] Executing FULL_ISOLATION for FLOW-0003...
  🔒 FULL_ISOLATION: Triggering Module 4 for FLOW-0003...
    (Would POST to Module 4 API to isolate FLOW-0003)
     ✅ Module 4 isolation triggered
[DatabaseLogger] ✅ Logged FULL_ISOLATION for FLOW-0003 (risk=100.0%, email_sent=None, webhook_sent=None, rate_limit_ip=None, rate_limit_applied=None)
[DatabaseLogger] ✅ Alert 6bba07f6-d35c-451d-973d-ed5507e21c4e created for FLOW-0003 (tier 4)
[DatabaseLogger] ✅ Set FLOW-0003 state to QUARANTINE
[Pipeline] Marked FLOW-0003 as isolated
[Pipeline] FLOW-0004 risk=3.1% -> Tier 1 (LOG)

[Executor] Executing LOG for FLOW-0004...
  ✅ LOG: FLOW-0004 risk=3.11% | Normal operation - risk is low
[DatabaseLogger] ✅ Logged LOG for FLOW-0004 (risk=3.11%, email_sent=None, webhook_sent=None, rate_limit_ip=None, rate_limit_applied=None)
[Pipeline] FLOW-0005 risk=15.4% -> Tier 1 (LOG)

[Executor] Executing LOG for FLOW-0005...
  ✅ LOG: FLOW-0005 risk=15.45% | Normal operation - risk is low
[DatabaseLogger] ✅ Logged LOG for FLOW-0005 (risk=15.45%, email_sent=None, webhook_sent=None, rate_limit_ip=None, rate_limit_applied=None)
[Pipeline] FLOW-0001 risk=0.1% -> Tier 1 (LOG)

[Executor] Executing LOG for FLOW-0001...
  ✅ LOG: FLOW-0001 risk=0.05% | Normal operation - risk is low
[DatabaseLogger] ✅ Logged LOG for FLOW-0001 (risk=0.05%, email_sent=None, webhook_sent=None, rate_limit_ip=None, rate_limit_applied=None)
[Pipeline] FLOW-0002 risk=0.1% -> Tier 1 (LOG)

[Executor] Executing LOG for FLOW-0002...
  ✅ LOG: FLOW-0002 risk=0.06% | Normal operation - risk is low
[DatabaseLogger] ✅ Logged LOG for FLOW-0002 (risk=0.06%, email_sent=None, webhook_sent=None, rate_limit_ip=None, rate_limit_applied=None)
[Pipeline] FLOW-0003 risk=100.0% -> Tier 4 (FULL_ISOLATION)

[Executor] Executing FULL_ISOLATION for FLOW-0003...
  🔒 FULL_ISOLATION: Triggering Module 4 for FLOW-0003...
    (Would POST to Module 4 API to isolate FLOW-0003)
     ✅ Module 4 isolation triggered
[DatabaseLogger] ✅ Logged FULL_ISOLATION for FLOW-0003 (risk=100.0%, email_sent=None, webhook_sent=None, rate_limit_ip=None, rate_limit_applied=None)
[DatabaseLogger] ✅ Alert acfa3978-4387-45fc-a248-183abd383f30 created for FLOW-0003 (tier 4)
[DatabaseLogger] ✅ Set FLOW-0003 state to QUARANTINE
[Pipeline] Marked FLOW-0003 as isolated
[Pipeline] FLOW-0004 risk=3.1% -> Tier 1 (LOG)

[Executor] Executing LOG for FLOW-0004...
  ✅ LOG: FLOW-0004 risk=3.11% | Normal operation - risk is low
[DatabaseLogger] ✅ Logged LOG for FLOW-0004 (risk=3.11%, email_sent=None, webhook_sent=None, rate_limit_ip=None, rate_limit_applied=None)
[Pipeline] FLOW-0005 risk=15.4% -> Tier 1 (LOG)

[Executor] Executing LOG for FLOW-0005...
  ✅ LOG: FLOW-0005 risk=15.45% | Normal operation - risk is low
[DatabaseLogger] ✅ Logged LOG for FLOW-0005 (risk=15.45%, email_sent=None, webhook_sent=None, rate_limit_ip=None, rate_limit_applied=None)
[Pipeline] FLOW-0001 risk=0.1% -> Tier 1 (LOG)

[Executor] Executing LOG for FLOW-0001...
  ✅ LOG: FLOW-0001 risk=0.05% | Normal operation - risk is low
[DatabaseLogger] ✅ Logged LOG for FLOW-0001 (risk=0.05%, email_sent=None, webhook_sent=None, rate_limit_ip=None, rate_limit_applied=None)
[Pipeline] FLOW-0002 risk=0.1% -> Tier 1 (LOG)

[Executor] Executing LOG for FLOW-0002...
  ✅ LOG: FLOW-0002 risk=0.06% | Normal operation - risk is low
[DatabaseLogger] ✅ Logged LOG for FLOW-0002 (risk=0.06%, email_sent=None, webhook_sent=None, rate_limit_ip=None, rate_limit_applied=None)
[Pipeline] FLOW-0003 risk=100.0% -> Tier 4 (FULL_ISOLATION)

[Executor] Executing FULL_ISOLATION for FLOW-0003...
  🔒 FULL_ISOLATION: Triggering Module 4 for FLOW-0003...
    (Would POST to Module 4 API to isolate FLOW-0003)
     ✅ Module 4 isolation triggered
[DatabaseLogger] ✅ Logged FULL_ISOLATION for FLOW-0003 (risk=100.0%, email_sent=None, webhook_sent=None, rate_limit_ip=None, rate_limit_applied=None)
[DatabaseLogger] ✅ Alert 231c0650-eaff-4d00-b95f-49a2d69d23fd created for FLOW-0003 (tier 4)
[DatabaseLogger] ✅ Set FLOW-0003 state to QUARANTINE
[Pipeline] Marked FLOW-0003 as isolated
[Pipeline] FLOW-0004 risk=3.1% -> Tier 1 (LOG)

[Executor] Executing LOG for FLOW-0004...
  ✅ LOG: FLOW-0004 risk=3.11% | Normal operation - risk is low
[DatabaseLogger] ✅ Logged LOG for FLOW-0004 (risk=3.11%, email_sent=None, webhook_sent=None, rate_limit_ip=None, rate_limit_applied=None)INFO:redis_state_manager:✅ Updated state: FLOW-0004 → LOG (risk=3.1%)
INFO:redis_state_manager:✅ Updated state: FLOW-0005 → LOG (risk=15.4%)
INFO:redis_state_manager:✅ Updated state: FLOW-0001 → LOG (risk=0.1%)
INFO:redis_state_manager:✅ Updated state: FLOW-0002 → LOG (risk=0.1%)
INFO:redis_state_manager:✅ Updated state: FLOW-0003 → FULL_ISOLATION (risk=100.0%)
INFO:redis_state_manager:🔒 Marked isolated: FLOW-0003
INFO:redis_state_manager:✅ Updated state: FLOW-0004 → LOG (risk=3.1%)
INFO:redis_state_manager:✅ Updated state: FLOW-0005 → LOG (risk=15.4%)
INFO:redis_state_manager:✅ Updated state: FLOW-0001 → LOG (risk=0.1%)
INFO:redis_state_manager:✅ Updated state: FLOW-0002 → LOG (risk=0.1%)
INFO:redis_state_manager:✅ Updated state: FLOW-0003 → FULL_ISOLATION (risk=100.0%)
INFO:redis_state_manager:🔒 Marked isolated: FLOW-0003
INFO:redis_state_manager:✅ Updated state: FLOW-0004 → LOG (risk=3.1%)
INFO:redis_state_manager:✅ Updated state: FLOW-0005 → LOG (risk=15.4%)
INFO:redis_state_manager:✅ Updated state: FLOW-0001 → LOG (risk=0.1%)
INFO:redis_state_manager:✅ Updated state: FLOW-0002 → LOG (risk=0.1%)
INFO:redis_state_manager:✅ Updated state: FLOW-0003 → FULL_ISOLATION (risk=100.0%)
INFO:redis_state_manager:🔒 Marked isolated: FLOW-0003
INFO:redis_state_manager:✅ Updated state: FLOW-0004 → LOG (risk=3.1%)
INFO:redis_state_manager:✅ Updated state: FLOW-0005 → LOG (risk=15.4%)
INFO:redis_state_manager:✅ Updated state: FLOW-0001 → LOG (risk=0.1%)
INFO:redis_state_manager:✅ Updated state: FLOW-0002 → LOG (risk=0.1%)
INFO:redis_state_manager:✅ Updated state: FLOW-0003 → FULL_ISOLATION (risk=100.0%)
INFO:redis_state_manager:🔒 Marked isolated: FLOW-0003
INFO:redis_state_manager:✅ Updated state: FLOW-0004 → LOG (risk=3.1%)
INFO:redis_state_manager:✅ Updated state: FLOW-0005 → LOG (risk=15.4%)
INFO:redis_state_manager:✅ Updated state: FLOW-0001 → LOG (risk=0.1%)
INFO:redis_state_manager:✅ Updated state: FLOW-0002 → LOG (risk=0.1%)

[Pipeline] FLOW-0005 risk=15.4% -> Tier 1 (LOG)

[Executor] Executing LOG for FLOW-0005...
  ✅ LOG: FLOW-0005 risk=15.45% | Normal operation - risk is low
[DatabaseLogger] ✅ Logged LOG for FLOW-0005 (risk=15.45%, email_sent=None, webhook_sent=None, rate_limit_ip=None, rate_limit_applied=None)
[Pipeline] FLOW-0001 risk=0.1% -> Tier 1 (LOG)

[Executor] Executing LOG for FLOW-0001...
  ✅ LOG: FLOW-0001 risk=0.05% | Normal operation - risk is low
[DatabaseLogger] ✅ Logged LOG for FLOW-0001 (risk=0.05%, email_sent=None, webhook_sent=None, rate_limit_ip=None, rate_limit_applied=None)
[Pipeline] FLOW-0002 risk=0.1% -> Tier 1 (LOG)

[Executor] Executing LOG for FLOW-0002...
  ✅ LOG: FLOW-0002 risk=0.06% | Normal operation - risk is low
[DatabaseLogger] ✅ Logged LOG for FLOW-0002 (risk=0.06%, email_sent=None, webhook_sent=None, rate_limit_ip=None, rate_limit_applied=None)
[Pipeline] FLOW-0003 risk=100.0% -> Tier 4 (FULL_ISOLATION)

[Executor] Executing FULL_ISOLATION for FLOW-0003...
  🔒 FULL_ISOLATION: Triggering Module 4 for FLOW-0003...
    (Would POST to Module 4 API to isolate FLOW-0003)
     ✅ Module 4 isolation triggered
[DatabaseLogger] ✅ Logged FULL_ISOLATION for FLOW-0003 (risk=100.0%, email_sent=None, webhook_sent=None, rate_limit_ip=None, rate_limit_applied=None)
[DatabaseLogger] ✅ Alert 6c3dba34-cb76-4508-b741-64b6b094b4a7 created for FLOW-0003 (tier 4)
[DatabaseLogger] ✅ Set FLOW-0003 state to QUARANTINE
[Pipeline] Marked FLOW-0003 as isolated
[Pipeline] FLOW-0004 risk=3.1% -> Tier 1 (LOG)

[Executor] Executing LOG for FLOW-0004...
  ✅ LOG: FLOW-0004 risk=3.11% | Normal operation - risk is low
[DatabaseLogger] ✅ Logged LOG for FLOW-0004 (risk=3.11%, email_sent=None, webhook_sent=None, rate_limit_ip=None, rate_limit_applied=None)
[Pipeline] FLOW-0005 risk=15.4% -> Tier 1 (LOG)

[Executor] Executing LOG for FLOW-0005...
  ✅ LOG: FLOW-0005 risk=15.45% | Normal operation - risk is low
[DatabaseLogger] ✅ Logged LOG for FLOW-0005 (risk=15.45%, email_sent=None, webhook_sent=None, rate_limit_ip=None, rate_limit_applied=None)
[Pipeline] FLOW-0001 risk=0.1% -> Tier 1 (LOG)

[Executor] Executing LOG for FLOW-0001...
  ✅ LOG: FLOW-0001 risk=0.05% | Normal operation - risk is low
[DatabaseLogger] ✅ Logged LOG for FLOW-0001 (risk=0.05%, email_sent=None, webhook_sent=None, rate_limit_ip=None, rate_limit_applied=None)
[Pipeline] FLOW-0002 risk=0.1% -> Tier 1 (LOG)

[Executor] Executing LOG for FLOW-0002...
  ✅ LOG: FLOW-0002 risk=0.06% | Normal operation - risk is low
[DatabaseLogger] ✅ Logged LOG for FLOW-0002 (risk=0.06%, email_sent=None, webhook_sent=None, rate_limit_ip=None, rate_limit_applied=None)
[Pipeline] FLOW-0003 risk=100.0% -> Tier 4 (FULL_ISOLATION)

[Executor] Executing FULL_ISOLATION for FLOW-0003...
  🔒 FULL_ISOLATION: Triggering Module 4 for FLOW-0003...
    (Would POST to Module 4 API to isolate FLOW-0003)
     ✅ Module 4 isolation triggered
[DatabaseLogger] ✅ Logged FULL_ISOLATION for FLOW-0003 (risk=100.0%, email_sent=None, webhook_sent=None, rate_limit_ip=None, rate_limit_applied=None)
[DatabaseLogger] ✅ Alert 8d348f4a-5610-4a35-b68a-f2946dd3a7cd created for FLOW-0003 (tier 4)
[DatabaseLogger] ✅ Set FLOW-0003 state to QUARANTINE
[Pipeline] Marked FLOW-0003 as isolated
[Pipeline] FLOW-0004 risk=3.1% -> Tier 1 (LOG)

[Executor] Executing LOG for FLOW-0004...
  ✅ LOG: FLOW-0004 risk=3.11% | Normal operation - risk is low
[DatabaseLogger] ✅ Logged LOG for FLOW-0004 (risk=3.11%, email_sent=None, webhook_sent=None, rate_limit_ip=None, rate_limit_applied=None)
[Pipeline] FLOW-0005 risk=15.4% -> Tier 1 (LOG)

[Executor] Executing LOG for FLOW-0005...
  ✅ LOG: FLOW-0005 risk=15.45% | Normal operation - risk is low
[DatabaseLogger] ✅ Logged LOG for FLOW-0005 (risk=15.45%, email_sent=None, webhook_sent=None, rate_limit_ip=None, rate_limit_applied=None)
[Pipeline] FLOW-0001 risk=0.1% -> Tier 1 (LOG)

[Executor] Executing LOG for FLOW-0001...
  ✅ LOG: FLOW-0001 risk=0.05% | Normal operation - risk is low
[DatabaseLogger] ✅ Logged LOG for FLOW-0001 (risk=0.05%, email_sent=None, webhook_sent=None, rate_limit_ip=None, rate_limit_applied=None)
[Pipeline] FLOW-0002 risk=0.1% -> Tier 1 (LOG)

[Executor] Executing LOG for FLOW-0002...
  ✅ LOG: FLOW-0002 risk=0.06% | Normal operation - risk is low
[DatabaseLogger] ✅ Logged LOG for FLOW-0002 (risk=0.06%, email_sent=None, webhook_sent=None, rate_limit_ip=None, rate_limit_applied=None)
[Pipeline] FLOW-0003 risk=100.0% -> Tier 4 (FULL_ISOLATION)

[Executor] Executing FULL_ISOLATION for FLOW-0003...
  🔒 FULL_ISOLATION: Triggering Module 4 for FLOW-0003...
    (Would POST to Module 4 API to isolate FLOW-0003)
     ✅ Module 4 isolation triggered
[DatabaseLogger] ✅ Logged FULL_ISOLATION for FLOW-0003 (risk=100.0%, email_sent=None, webhook_sent=None, rate_limit_ip=None, rate_limit_applied=None)
[DatabaseLogger] ✅ Alert 50c4619f-2a74-4944-8ef0-8bc5f78e4690 created for FLOW-0003 (tier 4)
[DatabaseLogger] ✅ Set FLOW-0003 state to QUARANTINE
[Pipeline] Marked FLOW-0003 as isolated
[Pipeline] FLOW-0004 risk=3.1% -> Tier 1 (LOG)

[Executor] Executing LOG for FLOW-0004...
  ✅ LOG: FLOW-0004 risk=3.11% | Normal operation - risk is low
[DatabaseLogger] ✅ Logged LOG for FLOW-0004 (risk=3.11%, email_sent=None, webhook_sent=None, rate_limit_ip=None, rate_limit_applied=None)
[Pipeline] FLOW-0005 risk=15.4% -> Tier 1 (LOG)

[Executor] Executing LOG for FLOW-0005...
  ✅ LOG: FLOW-0005 risk=15.45% | Normal operation - risk is low
[DatabaseLogger] ✅ Logged LOG for FLOW-0005 (risk=15.45%, email_sent=None, webhook_sent=None, rate_limit_ip=None, rate_limit_applied=None)
[Pipeline] FLOW-0001 risk=0.1% -> Tier 1 (LOG)

[Executor] Executing LOG for FLOW-0001...
  ✅ LOG: FLOW-0001 risk=0.05% | Normal operation - risk is low
[DatabaseLogger] ✅ Logged LOG for FLOW-0001 (risk=0.05%, email_sent=None, webhook_sent=None, rate_limit_ip=None, rate_limit_applied=None)
[Pipeline] FLOW-0002 risk=0.1% -> Tier 1 (LOG)

[Executor] Executing LOG for FLOW-0002...
  ✅ LOG: FLOW-0002 risk=0.06% | Normal operation - risk is low
[DatabaseLogger] ✅ Logged LOG for FLOW-0002 (risk=0.06%, email_sent=None, webhook_sent=None, rate_limit_ip=None, rate_limit_applied=None)
[Pipeline] FLOW-0003 risk=100.0% -> Tier 4 (FULL_ISOLATION)

[Executor] Executing FULL_ISOLATION for FLOW-0003...
  🔒 FULL_ISOLATION: Triggering Module 4 for FLOW-0003...
    (Would POST to Module 4 API to isolate FLOW-0003)
     ✅ Module 4 isolation triggered
[DatabaseLogger] ✅ Logged FULL_ISOLATION for FLOW-0003 (risk=100.0%, email_sent=None, webhook_sent=None, rate_limit_ip=None, rate_limit_applied=None)
[DatabaseLogger] ✅ Alert b58cf2e9-3950-4493-95e1-0d8087decc9e created for FLOW-0003 (tier 4)
[DatabaseLogger] ✅ Set FLOW-0003 state to QUARANTINE
[Pipeline] Marked FLOW-0003 as isolated
[Pipeline] FLOW-0004 risk=3.1% -> Tier 1 (LOG)

[Executor] Executing LOG for FLOW-0004...
  ✅ LOG: FLOW-0004 risk=3.11% | Normal operation - risk is low
[DatabaseLogger] ✅ Logged LOG for FLOW-0004 (risk=3.11%, email_sent=None, webhook_sent=None, rate_limit_ip=None, rate_limit_applied=None)
[Pipeline] FLOW-0005 risk=15.4% -> Tier 1 (LOG)

[Executor] Executing LOG for FLOW-0005...
  ✅ LOG: FLOW-0005 risk=15.45% | Normal operation - risk is low
[DatabaseLogger] ✅ Logged LOG for FLOW-0005 (risk=15.45%, email_sent=None, webhook_sent=None, rate_limit_ip=None, rate_limit_applied=None)
[Pipeline] FLOW-0001 risk=0.1% -> Tier 1 (LOG)

[Executor] Executing LOG for FLOW-0001...
  ✅ LOG: FLOW-0001 risk=0.05% | Normal operation - risk is low
[DatabaseLogger] ✅ Logged LOG for FLOW-0001 (risk=0.05%, email_sent=None, webhook_sent=None, rate_limit_ip=None, rate_limit_applied=None)
[Pipeline] FLOW-0002 risk=0.1% -> Tier 1 (LOG)

[Executor] Executing LOG for FLOW-0002...
  ✅ LOG: FLOW-0002 risk=0.06% | Normal operation - risk is low
[DatabaseLogger] ✅ Logged LOG for FLOW-0002 (risk=0.06%, email_sent=None, webhook_sent=None, rate_limit_ip=None, rate_limit_applied=None)
[Pipeline] FLOW-0003 risk=100.0% -> Tier 4 (FULL_ISOLATION)

[Executor] Executing FULL_ISOLATION for FLOW-0003...
  🔒 FULL_ISOLATION: Triggering Module 4 for FLOW-0003...INFO:redis_state_manager:✅ Updated state: FLOW-0003 → FULL_ISOLATION (risk=100.0%)
INFO:redis_state_manager:🔒 Marked isolated: FLOW-0003
INFO:redis_state_manager:✅ Updated state: FLOW-0004 → LOG (risk=3.1%)
INFO:redis_state_manager:✅ Updated state: FLOW-0005 → LOG (risk=15.4%)
INFO:redis_state_manager:✅ Updated state: FLOW-0001 → LOG (risk=0.1%)
INFO:redis_state_manager:✅ Updated state: FLOW-0002 → LOG (risk=0.1%)
INFO:redis_state_manager:✅ Updated state: FLOW-0003 → FULL_ISOLATION (risk=100.0%)
INFO:redis_state_manager:🔒 Marked isolated: FLOW-0003
INFO:redis_state_manager:✅ Updated state: FLOW-0004 → LOG (risk=3.1%)
INFO:redis_state_manager:✅ Updated state: FLOW-0005 → LOG (risk=15.4%)
INFO:redis_state_manager:✅ Updated state: FLOW-0001 → LOG (risk=0.1%)
INFO:redis_state_manager:✅ Updated state: FLOW-0002 → LOG (risk=0.1%)
INFO:redis_state_manager:✅ Updated state: FLOW-0003 → FULL_ISOLATION (risk=100.0%)
INFO:redis_state_manager:🔒 Marked isolated: FLOW-0003
INFO:redis_state_manager:✅ Updated state: FLOW-0004 → LOG (risk=3.1%)
INFO:redis_state_manager:✅ Updated state: FLOW-0005 → LOG (risk=15.4%)
INFO:redis_state_manager:✅ Updated state: FLOW-0001 → LOG (risk=0.1%)
INFO:redis_state_manager:✅ Updated state: FLOW-0002 → LOG (risk=0.1%)
INFO:redis_state_manager:✅ Updated state: FLOW-0003 → FULL_ISOLATION (risk=100.0%)
INFO:redis_state_manager:🔒 Marked isolated: FLOW-0003
INFO:redis_state_manager:✅ Updated state: FLOW-0004 → LOG (risk=3.1%)
INFO:redis_state_manager:✅ Updated state: FLOW-0005 → LOG (risk=15.4%)
INFO:redis_state_manager:✅ Updated state: FLOW-0001 → LOG (risk=0.1%)
INFO:redis_state_manager:✅ Updated state: FLOW-0002 → LOG (risk=0.1%)
INFO:redis_state_manager:✅ Updated state: FLOW-0003 → FULL_ISOLATION (risk=100.0%)
INFO:redis_state_manager:🔒 Marked isolated: FLOW-0003
INFO:redis_state_manager:✅ Updated state: FLOW-0004 → LOG (risk=3.1%)

    (Would POST to Module 4 API to isolate FLOW-0003)
     ✅ Module 4 isolation triggered
[DatabaseLogger] ✅ Logged FULL_ISOLATION for FLOW-0003 (risk=100.0%, email_sent=None, webhook_sent=None, rate_limit_ip=None, rate_limit_applied=None)
[DatabaseLogger] ✅ Alert 39ae7eb7-c8e6-434d-90b1-122d291d4de4 created for FLOW-0003 (tier 4)
[DatabaseLogger] ✅ Set FLOW-0003 state to QUARANTINE
[Pipeline] Marked FLOW-0003 as isolated
[Pipeline] FLOW-0004 risk=3.1% -> Tier 1 (LOG)

[Executor] Executing LOG for FLOW-0004...
  ✅ LOG: FLOW-0004 risk=3.11% | Normal operation - risk is low
[DatabaseLogger] ✅ Logged LOG for FLOW-0004 (risk=3.11%, email_sent=None, webhook_sent=None, rate_limit_ip=None, rate_limit_applied=None)
[Pipeline] FLOW-0005 risk=15.4% -> Tier 1 (LOG)

[Executor] Executing LOG for FLOW-0005...
  ✅ LOG: FLOW-0005 risk=15.45% | Normal operation - risk is low
[DatabaseLogger] ✅ Logged LOG for FLOW-0005 (risk=15.45%, email_sent=None, webhook_sent=None, rate_limit_ip=None, rate_limit_applied=None)
[Pipeline] FLOW-0001 risk=0.1% -> Tier 1 (LOG)

[Executor] Executing LOG for FLOW-0001...
  ✅ LOG: FLOW-0001 risk=0.05% | Normal operation - risk is low
[DatabaseLogger] ✅ Logged LOG for FLOW-0001 (risk=0.05%, email_sent=None, webhook_sent=None, rate_limit_ip=None, rate_limit_applied=None)
[Pipeline] FLOW-0002 risk=0.1% -> Tier 1 (LOG)

[Executor] Executing LOG for FLOW-0002...
  ✅ LOG: FLOW-0002 risk=0.06% | Normal operation - risk is low
[DatabaseLogger] ✅ Logged LOG for FLOW-0002 (risk=0.06%, email_sent=None, webhook_sent=None, rate_limit_ip=None, rate_limit_applied=None)
[Pipeline] FLOW-0003 risk=100.0% -> Tier 4 (FULL_ISOLATION)

[Executor] Executing FULL_ISOLATION for FLOW-0003...
  🔒 FULL_ISOLATION: Triggering Module 4 for FLOW-0003...
    (Would POST to Module 4 API to isolate FLOW-0003)
     ✅ Module 4 isolation triggered
[DatabaseLogger] ✅ Logged FULL_ISOLATION for FLOW-0003 (risk=100.0%, email_sent=None, webhook_sent=None, rate_limit_ip=None, rate_limit_applied=None)
[DatabaseLogger] ✅ Alert 1728a071-ff00-4a27-93d9-a9754be8c2a9 created for FLOW-0003 (tier 4)
[DatabaseLogger] ✅ Set FLOW-0003 state to QUARANTINE
[Pipeline] Marked FLOW-0003 as isolated
[Pipeline] FLOW-0004 risk=3.1% -> Tier 1 (LOG)

[Executor] Executing LOG for FLOW-0004...
  ✅ LOG: FLOW-0004 risk=3.11% | Normal operation - risk is low
[DatabaseLogger] ✅ Logged LOG for FLOW-0004 (risk=3.11%, email_sent=None, webhook_sent=None, rate_limit_ip=None, rate_limit_applied=None)
[Pipeline] FLOW-0005 risk=15.4% -> Tier 1 (LOG)

[Executor] Executing LOG for FLOW-0005...
  ✅ LOG: FLOW-0005 risk=15.45% | Normal operation - risk is low
[DatabaseLogger] ✅ Logged LOG for FLOW-0005 (risk=15.45%, email_sent=None, webhook_sent=None, rate_limit_ip=None, rate_limit_applied=None)
[Pipeline] FLOW-0001 risk=0.1% -> Tier 1 (LOG)

[Executor] Executing LOG for FLOW-0001...
  ✅ LOG: FLOW-0001 risk=0.05% | Normal operation - risk is low
[DatabaseLogger] ✅ Logged LOG for FLOW-0001 (risk=0.05%, email_sent=None, webhook_sent=None, rate_limit_ip=None, rate_limit_applied=None)
[Pipeline] FLOW-0002 risk=0.1% -> Tier 1 (LOG)

[Executor] Executing LOG for FLOW-0002...
  ✅ LOG: FLOW-0002 risk=0.06% | Normal operation - risk is low
[DatabaseLogger] ✅ Logged LOG for FLOW-0002 (risk=0.06%, email_sent=None, webhook_sent=None, rate_limit_ip=None, rate_limit_applied=None)
[Pipeline] FLOW-0003 risk=100.0% -> Tier 4 (FULL_ISOLATION)

[Executor] Executing FULL_ISOLATION for FLOW-0003...
  🔒 FULL_ISOLATION: Triggering Module 4 for FLOW-0003...
    (Would POST to Module 4 API to isolate FLOW-0003)
     ✅ Module 4 isolation triggered
[DatabaseLogger] ✅ Logged FULL_ISOLATION for FLOW-0003 (risk=100.0%, email_sent=None, webhook_sent=None, rate_limit_ip=None, rate_limit_applied=None)
[DatabaseLogger] ✅ Alert 50d804e0-7daf-4821-bd8f-7702fea1926c created for FLOW-0003 (tier 4)
[DatabaseLogger] ✅ Set FLOW-0003 state to QUARANTINE
[Pipeline] Marked FLOW-0003 as isolated
[Pipeline] FLOW-0004 risk=3.1% -> Tier 1 (LOG)

[Executor] Executing LOG for FLOW-0004...
  ✅ LOG: FLOW-0004 risk=3.11% | Normal operation - risk is low
[DatabaseLogger] ✅ Logged LOG for FLOW-0004 (risk=3.11%, email_sent=None, webhook_sent=None, rate_limit_ip=None, rate_limit_applied=None)
[Pipeline] FLOW-0005 risk=15.4% -> Tier 1 (LOG)

[Executor] Executing LOG for FLOW-0005...
  ✅ LOG: FLOW-0005 risk=15.45% | Normal operation - risk is low
[DatabaseLogger] ✅ Logged LOG for FLOW-0005 (risk=15.45%, email_sent=None, webhook_sent=None, rate_limit_ip=None, rate_limit_applied=None)
[Pipeline] FLOW-0001 risk=0.1% -> Tier 1 (LOG)

[Executor] Executing LOG for FLOW-0001...
  ✅ LOG: FLOW-0001 risk=0.05% | Normal operation - risk is low
[DatabaseLogger] ✅ Logged LOG for FLOW-0001 (risk=0.05%, email_sent=None, webhook_sent=None, rate_limit_ip=None, rate_limit_applied=None)
[Pipeline] FLOW-0002 risk=0.1% -> Tier 1 (LOG)

[Executor] Executing LOG for FLOW-0002...
  ✅ LOG: FLOW-0002 risk=0.06% | Normal operation - risk is low
[DatabaseLogger] ✅ Logged LOG for FLOW-0002 (risk=0.06%, email_sent=None, webhook_sent=None, rate_limit_ip=None, rate_limit_applied=None)
[Pipeline] FLOW-0003 risk=100.0% -> Tier 4 (FULL_ISOLATION)

[Executor] Executing FULL_ISOLATION for FLOW-0003...
  🔒 FULL_ISOLATION: Triggering Module 4 for FLOW-0003...
    (Would POST to Module 4 API to isolate FLOW-0003)
     ✅ Module 4 isolation triggered
[DatabaseLogger] ✅ Logged FULL_ISOLATION for FLOW-0003 (risk=100.0%, email_sent=None, webhook_sent=None, rate_limit_ip=None, rate_limit_applied=None)
[DatabaseLogger] ✅ Alert 69d83418-66f0-438c-9c04-91414de347d9 created for FLOW-0003 (tier 4)
[DatabaseLogger] ✅ Set FLOW-0003 state to QUARANTINE
[Pipeline] Marked FLOW-0003 as isolated
[Pipeline] FLOW-0004 risk=3.1% -> Tier 1 (LOG)

[Executor] Executing LOG for FLOW-0004...
  ✅ LOG: FLOW-0004 risk=3.11% | Normal operation - risk is low
[DatabaseLogger] ✅ Logged LOG for FLOW-0004 (risk=3.11%, email_sent=None, webhook_sent=None, rate_limit_ip=None, rate_limit_applied=None)
[Pipeline] FLOW-0005 risk=15.4% -> Tier 1 (LOG)

[Executor] Executing LOG for FLOW-0005...
  ✅ LOG: FLOW-0005 risk=15.45% | Normal operation - risk is low
[DatabaseLogger] ✅ Logged LOG for FLOW-0005 (risk=15.45%, email_sent=None, webhook_sent=None, rate_limit_ip=None, rate_limit_applied=None)
[Pipeline] FLOW-0001 risk=0.1% -> Tier 1 (LOG)

[Executor] Executing LOG for FLOW-0001...
  ✅ LOG: FLOW-0001 risk=0.05% | Normal operation - risk is low
[DatabaseLogger] ✅ Logged LOG for FLOW-0001 (risk=0.05%, email_sent=None, webhook_sent=None, rate_limit_ip=None, rate_limit_applied=None)
[Pipeline] FLOW-0002 risk=0.1% -> Tier 1 (LOG)

[Executor] Executing LOG for FLOW-0002...
  ✅ LOG: FLOW-0002 risk=0.06% | Normal operation - risk is low
[DatabaseLogger] ✅ Logged LOG for FLOW-0002 (risk=0.06%, email_sent=None, webhook_sent=None, rate_limit_ip=None, rate_limit_applied=None)
[Pipeline] FLOW-0003 risk=100.0% -> Tier 4 (FULL_ISOLATION)

[Executor] Executing FULL_ISOLATION for FLOW-0003...
  🔒 FULL_ISOLATION: Triggering Module 4 for FLOW-0003...
    (Would POST to Module 4 API to isolate FLOW-0003)
     ✅ Module 4 isolation triggered
[DatabaseLogger] ✅ Logged FULL_ISOLATION for FLOW-0003 (risk=100.0%, email_sent=None, webhook_sent=None, rate_limit_ip=None, rate_limit_applied=None)
[DatabaseLogger] ✅ Alert dd924696-1236-4cd7-9171-851e1b4db861 created for FLOW-0003 (tier 4)
[DatabaseLogger] ✅ Set FLOW-0003 state to QUARANTINE
[Pipeline] Marked FLOW-0003 as isolated
[Pipeline] FLOW-0004 risk=3.1% -> Tier 1 (LOG)

[Executor] Executing LOG for FLOW-0004...
  ✅ LOG: FLOW-0004 risk=3.11% | Normal operation - risk is low
[DatabaseLogger] ✅ Logged LOG for FLOW-0004 (risk=3.11%, email_sent=None, webhook_sent=None, rate_limit_ip=None, rate_limit_applied=None)
[Pipeline] FLOW-0005 risk=15.4% -> Tier 1 (LOG)

[Executor] Executing LOG for FLOW-0005...
  ✅ LOG: FLOW-0005 risk=15.45% | Normal operation - risk is low
[DatabaseLogger] ✅ Logged LOG for FLOW-0005 (risk=15.45%, email_sent=None, webhook_sent=None, rate_limit_ip=None, rate_limit_applied=None)
INFO:redis_state_manager:✅ Updated state: FLOW-0005 → LOG (risk=15.4%)
INFO:redis_state_manager:✅ Updated state: FLOW-0001 → LOG (risk=0.1%)
INFO:redis_state_manager:✅ Updated state: FLOW-0002 → LOG (risk=0.1%)
INFO:redis_state_manager:✅ Updated state: FLOW-0003 → FULL_ISOLATION (risk=100.0%)
INFO:redis_state_manager:🔒 Marked isolated: FLOW-0003
INFO:redis_state_manager:✅ Updated state: FLOW-0004 → LOG (risk=3.1%)
INFO:redis_state_manager:✅ Updated state: FLOW-0005 → LOG (risk=15.4%)
INFO:redis_state_manager:✅ Updated state: FLOW-0001 → LOG (risk=0.1%)
INFO:redis_state_manager:✅ Updated state: FLOW-0002 → LOG (risk=0.1%)
INFO:redis_state_manager:✅ Updated state: FLOW-0003 → FULL_ISOLATION (risk=100.0%)
INFO:redis_state_manager:🔒 Marked isolated: FLOW-0003
INFO:redis_state_manager:✅ Updated state: FLOW-0004 → LOG (risk=3.1%)
INFO:redis_state_manager:✅ Updated state: FLOW-0005 → LOG (risk=15.4%)
INFO:redis_state_manager:✅ Updated state: FLOW-0001 → LOG (risk=0.1%)
INFO:redis_state_manager:✅ Updated state: FLOW-0002 → LOG (risk=0.1%)
INFO:redis_state_manager:✅ Updated state: FLOW-0003 → FULL_ISOLATION (risk=100.0%)
INFO:redis_state_manager:🔒 Marked isolated: FLOW-0003
INFO:redis_state_manager:✅ Updated state: FLOW-0004 → LOG (risk=3.1%)
INFO:redis_state_manager:✅ Updated state: FLOW-0005 → LOG (risk=15.4%)
INFO:redis_state_manager:✅ Updated state: FLOW-0001 → LOG (risk=0.1%)
INFO:redis_state_manager:✅ Updated state: FLOW-0002 → LOG (risk=0.1%)
INFO:redis_state_manager:✅ Updated state: FLOW-0003 → FULL_ISOLATION (risk=100.0%)
INFO:redis_state_manager:🔒 Marked isolated: FLOW-0003
INFO:redis_state_manager:✅ Updated state: FLOW-0004 → LOG (risk=3.1%)
INFO:redis_state_manager:✅ Updated state: FLOW-0005 → LOG (risk=15.4%)
INFO:redis_state_manager:✅ Updated state: FLOW-0001 → LOG (risk=0.1%)
INFO:redis_state_manager:✅ Updated state: FLOW-0002 → LOG (risk=0.1%)
[Pipeline] FLOW-0001 risk=0.1% -> Tier 1 (LOG)

[Executor] Executing LOG for FLOW-0001...
  ✅ LOG: FLOW-0001 risk=0.05% | Normal operation - risk is low
[DatabaseLogger] ✅ Logged LOG for FLOW-0001 (risk=0.05%, email_sent=None, webhook_sent=None, rate_limit_ip=None, rate_limit_applied=None)
[Pipeline] FLOW-0002 risk=0.1% -> Tier 1 (LOG)

[Executor] Executing LOG for FLOW-0002...
  ✅ LOG: FLOW-0002 risk=0.06% | Normal operation - risk is low
[DatabaseLogger] ✅ Logged LOG for FLOW-0002 (risk=0.06%, email_sent=None, webhook_sent=None, rate_limit_ip=None, rate_limit_applied=None)
[Pipeline] FLOW-0003 risk=100.0% -> Tier 4 (FULL_ISOLATION)

[Executor] Executing FULL_ISOLATION for FLOW-0003...
  🔒 FULL_ISOLATION: Triggering Module 4 for FLOW-0003...
    (Would POST to Module 4 API to isolate FLOW-0003)
     ✅ Module 4 isolation triggered
[DatabaseLogger] ✅ Logged FULL_ISOLATION for FLOW-0003 (risk=100.0%, email_sent=None, webhook_sent=None, rate_limit_ip=None, rate_limit_applied=None)
[DatabaseLogger] ✅ Alert 4975a99a-f44a-4208-a9b9-6ed7dbdcffa2 created for FLOW-0003 (tier 4)
[DatabaseLogger] ✅ Set FLOW-0003 state to QUARANTINE
[Pipeline] Marked FLOW-0003 as isolated
[Pipeline] FLOW-0004 risk=3.1% -> Tier 1 (LOG)

[Executor] Executing LOG for FLOW-0004...
  ✅ LOG: FLOW-0004 risk=3.11% | Normal operation - risk is low
[DatabaseLogger] ✅ Logged LOG for FLOW-0004 (risk=3.11%, email_sent=None, webhook_sent=None, rate_limit_ip=None, rate_limit_applied=None)
[Pipeline] FLOW-0005 risk=15.4% -> Tier 1 (LOG)

[Executor] Executing LOG for FLOW-0005...
  ✅ LOG: FLOW-0005 risk=15.45% | Normal operation - risk is low
[DatabaseLogger] ✅ Logged LOG for FLOW-0005 (risk=15.45%, email_sent=None, webhook_sent=None, rate_limit_ip=None, rate_limit_applied=None)
[Pipeline] FLOW-0001 risk=0.1% -> Tier 1 (LOG)

[Executor] Executing LOG for FLOW-0001...
  ✅ LOG: FLOW-0001 risk=0.05% | Normal operation - risk is low
[DatabaseLogger] ✅ Logged LOG for FLOW-0001 (risk=0.05%, email_sent=None, webhook_sent=None, rate_limit_ip=None, rate_limit_applied=None)
[Pipeline] FLOW-0002 risk=0.1% -> Tier 1 (LOG)

[Executor] Executing LOG for FLOW-0002...
  ✅ LOG: FLOW-0002 risk=0.06% | Normal operation - risk is low
[DatabaseLogger] ✅ Logged LOG for FLOW-0002 (risk=0.06%, email_sent=None, webhook_sent=None, rate_limit_ip=None, rate_limit_applied=None)
[Pipeline] FLOW-0003 risk=100.0% -> Tier 4 (FULL_ISOLATION)

[Executor] Executing FULL_ISOLATION for FLOW-0003...
  🔒 FULL_ISOLATION: Triggering Module 4 for FLOW-0003...
    (Would POST to Module 4 API to isolate FLOW-0003)
     ✅ Module 4 isolation triggered
[DatabaseLogger] ✅ Logged FULL_ISOLATION for FLOW-0003 (risk=100.0%, email_sent=None, webhook_sent=None, rate_limit_ip=None, rate_limit_applied=None)
[DatabaseLogger] ✅ Alert 76f7180c-9b99-4429-a4d4-3f131f3b6a82 created for FLOW-0003 (tier 4)
[DatabaseLogger] ✅ Set FLOW-0003 state to QUARANTINE
[Pipeline] Marked FLOW-0003 as isolated
[Pipeline] FLOW-0004 risk=3.1% -> Tier 1 (LOG)

[Executor] Executing LOG for FLOW-0004...
  ✅ LOG: FLOW-0004 risk=3.11% | Normal operation - risk is low
[DatabaseLogger] ✅ Logged LOG for FLOW-0004 (risk=3.11%, email_sent=None, webhook_sent=None, rate_limit_ip=None, rate_limit_applied=None)
[Pipeline] FLOW-0005 risk=15.4% -> Tier 1 (LOG)

[Executor] Executing LOG for FLOW-0005...
  ✅ LOG: FLOW-0005 risk=15.45% | Normal operation - risk is low
[DatabaseLogger] ✅ Logged LOG for FLOW-0005 (risk=15.45%, email_sent=None, webhook_sent=None, rate_limit_ip=None, rate_limit_applied=None)
[Pipeline] FLOW-0001 risk=0.1% -> Tier 1 (LOG)

[Executor] Executing LOG for FLOW-0001...
  ✅ LOG: FLOW-0001 risk=0.05% | Normal operation - risk is low
[DatabaseLogger] ✅ Logged LOG for FLOW-0001 (risk=0.05%, email_sent=None, webhook_sent=None, rate_limit_ip=None, rate_limit_applied=None)
[Pipeline] FLOW-0002 risk=0.1% -> Tier 1 (LOG)

[Executor] Executing LOG for FLOW-0002...
  ✅ LOG: FLOW-0002 risk=0.06% | Normal operation - risk is low
[DatabaseLogger] ✅ Logged LOG for FLOW-0002 (risk=0.06%, email_sent=None, webhook_sent=None, rate_limit_ip=None, rate_limit_applied=None)
[Pipeline] FLOW-0003 risk=100.0% -> Tier 4 (FULL_ISOLATION)

[Executor] Executing FULL_ISOLATION for FLOW-0003...
  🔒 FULL_ISOLATION: Triggering Module 4 for FLOW-0003...
    (Would POST to Module 4 API to isolate FLOW-0003)
     ✅ Module 4 isolation triggered
[DatabaseLogger] ✅ Logged FULL_ISOLATION for FLOW-0003 (risk=100.0%, email_sent=None, webhook_sent=None, rate_limit_ip=None, rate_limit_applied=None)
[DatabaseLogger] ✅ Alert abeed5e7-74bf-4341-bf0f-2675fb725ec1 created for FLOW-0003 (tier 4)
[DatabaseLogger] ✅ Set FLOW-0003 state to QUARANTINE
[Pipeline] Marked FLOW-0003 as isolated
[Pipeline] FLOW-0004 risk=3.1% -> Tier 1 (LOG)

[Executor] Executing LOG for FLOW-0004...
  ✅ LOG: FLOW-0004 risk=3.11% | Normal operation - risk is low
[DatabaseLogger] ✅ Logged LOG for FLOW-0004 (risk=3.11%, email_sent=None, webhook_sent=None, rate_limit_ip=None, rate_limit_applied=None)
[Pipeline] FLOW-0005 risk=15.4% -> Tier 1 (LOG)

[Executor] Executing LOG for FLOW-0005...
  ✅ LOG: FLOW-0005 risk=15.45% | Normal operation - risk is low
[DatabaseLogger] ✅ Logged LOG for FLOW-0005 (risk=15.45%, email_sent=None, webhook_sent=None, rate_limit_ip=None, rate_limit_applied=None)
[Pipeline] FLOW-0001 risk=0.1% -> Tier 1 (LOG)

[Executor] Executing LOG for FLOW-0001...
  ✅ LOG: FLOW-0001 risk=0.05% | Normal operation - risk is low
[DatabaseLogger] ✅ Logged LOG for FLOW-0001 (risk=0.05%, email_sent=None, webhook_sent=None, rate_limit_ip=None, rate_limit_applied=None)
[Pipeline] FLOW-0002 risk=0.1% -> Tier 1 (LOG)

[Executor] Executing LOG for FLOW-0002...
  ✅ LOG: FLOW-0002 risk=0.06% | Normal operation - risk is low
[DatabaseLogger] ✅ Logged LOG for FLOW-0002 (risk=0.06%, email_sent=None, webhook_sent=None, rate_limit_ip=None, rate_limit_applied=None)
[Pipeline] FLOW-0003 risk=100.0% -> Tier 4 (FULL_ISOLATION)

[Executor] Executing FULL_ISOLATION for FLOW-0003...
  🔒 FULL_ISOLATION: Triggering Module 4 for FLOW-0003...
    (Would POST to Module 4 API to isolate FLOW-0003)
     ✅ Module 4 isolation triggered
[DatabaseLogger] ✅ Logged FULL_ISOLATION for FLOW-0003 (risk=100.0%, email_sent=None, webhook_sent=None, rate_limit_ip=None, rate_limit_applied=None)
[DatabaseLogger] ✅ Alert 89c9b6fb-d7f5-49b3-a730-d1c66dc737e4 created for FLOW-0003 (tier 4)
[DatabaseLogger] ✅ Set FLOW-0003 state to QUARANTINE
[Pipeline] Marked FLOW-0003 as isolated
[Pipeline] FLOW-0004 risk=3.1% -> Tier 1 (LOG)

[Executor] Executing LOG for FLOW-0004...
  ✅ LOG: FLOW-0004 risk=3.11% | Normal operation - risk is low
[DatabaseLogger] ✅ Logged LOG for FLOW-0004 (risk=3.11%, email_sent=None, webhook_sent=None, rate_limit_ip=None, rate_limit_applied=None)
[Pipeline] FLOW-0005 risk=15.4% -> Tier 1 (LOG)

[Executor] Executing LOG for FLOW-0005...
  ✅ LOG: FLOW-0005 risk=15.45% | Normal operation - risk is low
[DatabaseLogger] ✅ Logged LOG for FLOW-0005 (risk=15.45%, email_sent=None, webhook_sent=None, rate_limit_ip=None, rate_limit_applied=None)
[Pipeline] FLOW-0001 risk=0.1% -> Tier 1 (LOG)

[Executor] Executing LOG for FLOW-0001...
  ✅ LOG: FLOW-0001 risk=0.05% | Normal operation - risk is low
[DatabaseLogger] ✅ Logged LOG for FLOW-0001 (risk=0.05%, email_sent=None, webhook_sent=None, rate_limit_ip=None, rate_limit_applied=None)
[Pipeline] FLOW-0002 risk=0.1% -> Tier 1 (LOG)

[Executor] Executing LOG for FLOW-0002...
  ✅ LOG: FLOW-0002 risk=0.06% | Normal operation - risk is low
[DatabaseLogger] ✅ Logged LOG for FLOW-0002 (risk=0.06%, email_sent=None, webhook_sent=None, rate_limit_ip=None, rate_limit_applied=None)
[Pipeline] FLOW-0003 risk=100.0% -> Tier 4 (FULL_ISOLATION)

[Executor] Executing FULL_ISOLATION for FLOW-0003...
  🔒 FULL_ISOLATION: Triggering Module 4 for FLOW-0003...
    (Would POST to Module 4 API to isolate FLOW-0003)
     ✅ Module 4 isolation triggered
[DatabaseLogger] ✅ Logged FULL_ISOLATION for FLOW-0003 (risk=100.0%, email_sent=None, webhook_sent=None, rate_limit_ip=None, rate_limit_applied=None)
[DatabaseLogger] ✅ Alert d59d421d-18b3-48c8-a04e-679d30fca512 created for FLOW-0003 (tier 4)INFO:redis_state_manager:✅ Updated state: FLOW-0003 → FULL_ISOLATION (risk=100.0%)
INFO:redis_state_manager:🔒 Marked isolated: FLOW-0003
INFO:redis_state_manager:✅ Updated state: FLOW-0004 → LOG (risk=3.1%)
INFO:redis_state_manager:✅ Updated state: FLOW-0005 → LOG (risk=15.4%)
INFO:redis_state_manager:✅ Updated state: FLOW-0001 → LOG (risk=0.1%)
INFO:redis_state_manager:✅ Updated state: FLOW-0002 → LOG (risk=0.1%)
INFO:redis_state_manager:✅ Updated state: FLOW-0003 → FULL_ISOLATION (risk=100.0%)
INFO:redis_state_manager:🔒 Marked isolated: FLOW-0003
INFO:redis_state_manager:✅ Updated state: FLOW-0004 → LOG (risk=3.1%)
INFO:redis_state_manager:✅ Updated state: FLOW-0005 → LOG (risk=15.4%)
INFO:redis_state_manager:✅ Updated state: FLOW-0001 → LOG (risk=0.1%)
INFO:redis_state_manager:✅ Updated state: FLOW-0002 → LOG (risk=0.1%)
INFO:redis_state_manager:✅ Updated state: FLOW-0003 → FULL_ISOLATION (risk=100.0%)
INFO:redis_state_manager:🔒 Marked isolated: FLOW-0003
INFO:redis_state_manager:✅ Updated state: FLOW-0004 → LOG (risk=3.1%)
INFO:redis_state_manager:✅ Updated state: FLOW-0005 → LOG (risk=15.4%)
INFO:redis_state_manager:✅ Updated state: FLOW-0001 → LOG (risk=0.1%)
INFO:redis_state_manager:✅ Updated state: FLOW-0002 → LOG (risk=0.1%)
INFO:redis_state_manager:✅ Updated state: FLOW-0003 → FULL_ISOLATION (risk=100.0%)
INFO:redis_state_manager:🔒 Marked isolated: FLOW-0003
INFO:redis_state_manager:✅ Updated state: FLOW-0004 → LOG (risk=3.1%)
INFO:redis_state_manager:✅ Updated state: FLOW-0005 → LOG (risk=15.4%)
INFO:redis_state_manager:✅ Updated state: FLOW-0001 → LOG (risk=0.1%)
INFO:redis_state_manager:✅ Updated state: FLOW-0002 → LOG (risk=0.1%)
INFO:redis_state_manager:✅ Updated state: FLOW-0003 → FULL_ISOLATION (risk=100.0%)
INFO:redis_state_manager:🔒 Marked isolated: FLOW-0003
INFO:redis_state_manager:✅ Updated state: FLOW-0004 → LOG (risk=3.1%)
INFO:redis_state_manager:✅ Updated state: FLOW-0005 → LOG (risk=15.4%)
INFO:redis_state_manager:✅ Updated state: FLOW-0001 → LOG (risk=0.1%)

[DatabaseLogger] ✅ Set FLOW-0003 state to QUARANTINE
[Pipeline] Marked FLOW-0003 as isolated
[Pipeline] FLOW-0004 risk=3.1% -> Tier 1 (LOG)

[Executor] Executing LOG for FLOW-0004...
  ✅ LOG: FLOW-0004 risk=3.11% | Normal operation - risk is low
[DatabaseLogger] ✅ Logged LOG for FLOW-0004 (risk=3.11%, email_sent=None, webhook_sent=None, rate_limit_ip=None, rate_limit_applied=None)
[Pipeline] FLOW-0005 risk=15.4% -> Tier 1 (LOG)

[Executor] Executing LOG for FLOW-0005...
  ✅ LOG: FLOW-0005 risk=15.45% | Normal operation - risk is low
[DatabaseLogger] ✅ Logged LOG for FLOW-0005 (risk=15.45%, email_sent=None, webhook_sent=None, rate_limit_ip=None, rate_limit_applied=None)
[Pipeline] FLOW-0001 risk=0.1% -> Tier 1 (LOG)

[Executor] Executing LOG for FLOW-0001...
  ✅ LOG: FLOW-0001 risk=0.05% | Normal operation - risk is low
[DatabaseLogger] ✅ Logged LOG for FLOW-0001 (risk=0.05%, email_sent=None, webhook_sent=None, rate_limit_ip=None, rate_limit_applied=None)
[Pipeline] FLOW-0002 risk=0.1% -> Tier 1 (LOG)

[Executor] Executing LOG for FLOW-0002...
  ✅ LOG: FLOW-0002 risk=0.06% | Normal operation - risk is low
[DatabaseLogger] ✅ Logged LOG for FLOW-0002 (risk=0.06%, email_sent=None, webhook_sent=None, rate_limit_ip=None, rate_limit_applied=None)
[Pipeline] FLOW-0003 risk=100.0% -> Tier 4 (FULL_ISOLATION)

[Executor] Executing FULL_ISOLATION for FLOW-0003...
  🔒 FULL_ISOLATION: Triggering Module 4 for FLOW-0003...
    (Would POST to Module 4 API to isolate FLOW-0003)
     ✅ Module 4 isolation triggered
[DatabaseLogger] ✅ Logged FULL_ISOLATION for FLOW-0003 (risk=100.0%, email_sent=None, webhook_sent=None, rate_limit_ip=None, rate_limit_applied=None)
[DatabaseLogger] ✅ Alert 74b756f9-c9de-4ae3-bf6a-906b6185a2a2 created for FLOW-0003 (tier 4)
[DatabaseLogger] ✅ Set FLOW-0003 state to QUARANTINE
[Pipeline] Marked FLOW-0003 as isolated
[Pipeline] FLOW-0004 risk=3.1% -> Tier 1 (LOG)

[Executor] Executing LOG for FLOW-0004...
  ✅ LOG: FLOW-0004 risk=3.11% | Normal operation - risk is low
[DatabaseLogger] ✅ Logged LOG for FLOW-0004 (risk=3.11%, email_sent=None, webhook_sent=None, rate_limit_ip=None, rate_limit_applied=None)
[Pipeline] FLOW-0005 risk=15.4% -> Tier 1 (LOG)

[Executor] Executing LOG for FLOW-0005...
  ✅ LOG: FLOW-0005 risk=15.45% | Normal operation - risk is low
[DatabaseLogger] ✅ Logged LOG for FLOW-0005 (risk=15.45%, email_sent=None, webhook_sent=None, rate_limit_ip=None, rate_limit_applied=None)
[Pipeline] FLOW-0001 risk=0.1% -> Tier 1 (LOG)

[Executor] Executing LOG for FLOW-0001...
  ✅ LOG: FLOW-0001 risk=0.05% | Normal operation - risk is low
[DatabaseLogger] ✅ Logged LOG for FLOW-0001 (risk=0.05%, email_sent=None, webhook_sent=None, rate_limit_ip=None, rate_limit_applied=None)
[Pipeline] FLOW-0002 risk=0.1% -> Tier 1 (LOG)

[Executor] Executing LOG for FLOW-0002...
  ✅ LOG: FLOW-0002 risk=0.06% | Normal operation - risk is low
[DatabaseLogger] ✅ Logged LOG for FLOW-0002 (risk=0.06%, email_sent=None, webhook_sent=None, rate_limit_ip=None, rate_limit_applied=None)
[Pipeline] FLOW-0003 risk=100.0% -> Tier 4 (FULL_ISOLATION)

[Executor] Executing FULL_ISOLATION for FLOW-0003...
  🔒 FULL_ISOLATION: Triggering Module 4 for FLOW-0003...
    (Would POST to Module 4 API to isolate FLOW-0003)
     ✅ Module 4 isolation triggered
[DatabaseLogger] ✅ Logged FULL_ISOLATION for FLOW-0003 (risk=100.0%, email_sent=None, webhook_sent=None, rate_limit_ip=None, rate_limit_applied=None)
[DatabaseLogger] ✅ Alert 3b925d9b-dae7-406b-bb55-ed25eb6637e7 created for FLOW-0003 (tier 4)
[DatabaseLogger] ✅ Set FLOW-0003 state to QUARANTINE
[Pipeline] Marked FLOW-0003 as isolated
[Pipeline] FLOW-0004 risk=3.1% -> Tier 1 (LOG)

[Executor] Executing LOG for FLOW-0004...
  ✅ LOG: FLOW-0004 risk=3.11% | Normal operation - risk is low
[DatabaseLogger] ✅ Logged LOG for FLOW-0004 (risk=3.11%, email_sent=None, webhook_sent=None, rate_limit_ip=None, rate_limit_applied=None)
[Pipeline] FLOW-0005 risk=15.4% -> Tier 1 (LOG)

[Executor] Executing LOG for FLOW-0005...
  ✅ LOG: FLOW-0005 risk=15.45% | Normal operation - risk is low
[DatabaseLogger] ✅ Logged LOG for FLOW-0005 (risk=15.45%, email_sent=None, webhook_sent=None, rate_limit_ip=None, rate_limit_applied=None)
[Pipeline] FLOW-0001 risk=0.1% -> Tier 1 (LOG)

[Executor] Executing LOG for FLOW-0001...
  ✅ LOG: FLOW-0001 risk=0.05% | Normal operation - risk is low
[DatabaseLogger] ✅ Logged LOG for FLOW-0001 (risk=0.05%, email_sent=None, webhook_sent=None, rate_limit_ip=None, rate_limit_applied=None)
[Pipeline] FLOW-0002 risk=0.1% -> Tier 1 (LOG)

[Executor] Executing LOG for FLOW-0002...
  ✅ LOG: FLOW-0002 risk=0.06% | Normal operation - risk is low
[DatabaseLogger] ✅ Logged LOG for FLOW-0002 (risk=0.06%, email_sent=None, webhook_sent=None, rate_limit_ip=None, rate_limit_applied=None)
[Pipeline] FLOW-0003 risk=100.0% -> Tier 4 (FULL_ISOLATION)

[Executor] Executing FULL_ISOLATION for FLOW-0003...
  🔒 FULL_ISOLATION: Triggering Module 4 for FLOW-0003...
    (Would POST to Module 4 API to isolate FLOW-0003)
     ✅ Module 4 isolation triggered
[DatabaseLogger] ✅ Logged FULL_ISOLATION for FLOW-0003 (risk=100.0%, email_sent=None, webhook_sent=None, rate_limit_ip=None, rate_limit_applied=None)
[DatabaseLogger] ✅ Alert 7ab8e91a-aa19-429a-8435-ae76e644fc3b created for FLOW-0003 (tier 4)
[DatabaseLogger] ✅ Set FLOW-0003 state to QUARANTINE
[Pipeline] Marked FLOW-0003 as isolated
[Pipeline] FLOW-0004 risk=3.1% -> Tier 1 (LOG)

[Executor] Executing LOG for FLOW-0004...
  ✅ LOG: FLOW-0004 risk=3.11% | Normal operation - risk is low
[DatabaseLogger] ✅ Logged LOG for FLOW-0004 (risk=3.11%, email_sent=None, webhook_sent=None, rate_limit_ip=None, rate_limit_applied=None)
[Pipeline] FLOW-0005 risk=15.4% -> Tier 1 (LOG)

[Executor] Executing LOG for FLOW-0005...
  ✅ LOG: FLOW-0005 risk=15.45% | Normal operation - risk is low
[DatabaseLogger] ✅ Logged LOG for FLOW-0005 (risk=15.45%, email_sent=None, webhook_sent=None, rate_limit_ip=None, rate_limit_applied=None)
[Pipeline] FLOW-0001 risk=0.1% -> Tier 1 (LOG)

[Executor] Executing LOG for FLOW-0001...
  ✅ LOG: FLOW-0001 risk=0.05% | Normal operation - risk is low
[DatabaseLogger] ✅ Logged LOG for FLOW-0001 (risk=0.05%, email_sent=None, webhook_sent=None, rate_limit_ip=None, rate_limit_applied=None)
[Pipeline] FLOW-0002 risk=0.1% -> Tier 1 (LOG)

[Executor] Executing LOG for FLOW-0002...
  ✅ LOG: FLOW-0002 risk=0.06% | Normal operation - risk is low
[DatabaseLogger] ✅ Logged LOG for FLOW-0002 (risk=0.06%, email_sent=None, webhook_sent=None, rate_limit_ip=None, rate_limit_applied=None)
[Pipeline] FLOW-0003 risk=100.0% -> Tier 4 (FULL_ISOLATION)

[Executor] Executing FULL_ISOLATION for FLOW-0003...
  🔒 FULL_ISOLATION: Triggering Module 4 for FLOW-0003...
    (Would POST to Module 4 API to isolate FLOW-0003)
     ✅ Module 4 isolation triggered
[DatabaseLogger] ✅ Logged FULL_ISOLATION for FLOW-0003 (risk=100.0%, email_sent=None, webhook_sent=None, rate_limit_ip=None, rate_limit_applied=None)
[DatabaseLogger] ✅ Alert 7257b5f7-34e4-4e29-a123-4f4563222ec9 created for FLOW-0003 (tier 4)
[DatabaseLogger] ✅ Set FLOW-0003 state to QUARANTINE
[Pipeline] Marked FLOW-0003 as isolated
[Pipeline] FLOW-0004 risk=3.1% -> Tier 1 (LOG)

[Executor] Executing LOG for FLOW-0004...
  ✅ LOG: FLOW-0004 risk=3.11% | Normal operation - risk is low
[DatabaseLogger] ✅ Logged LOG for FLOW-0004 (risk=3.11%, email_sent=None, webhook_sent=None, rate_limit_ip=None, rate_limit_applied=None)
[Pipeline] FLOW-0005 risk=15.4% -> Tier 1 (LOG)

[Executor] Executing LOG for FLOW-0005...
  ✅ LOG: FLOW-0005 risk=15.45% | Normal operation - risk is low
[DatabaseLogger] ✅ Logged LOG for FLOW-0005 (risk=15.45%, email_sent=None, webhook_sent=None, rate_limit_ip=None, rate_limit_applied=None)
[Pipeline] FLOW-0001 risk=0.1% -> Tier 1 (LOG)

[Executor] Executing LOG for FLOW-0001...
  ✅ LOG: FLOW-0001 risk=0.05% | Normal operation - risk is low
[DatabaseLogger] ✅ Logged LOG for FLOW-0001 (risk=0.05%, email_sent=None, webhook_sent=None, rate_limit_ip=None, rate_limit_applied=None)
[Pipeline] FLOW-0002 risk=0.1% -> Tier 1 (LOG)INFO:redis_state_manager:✅ Updated state: FLOW-0002 → LOG (risk=0.1%)
INFO:redis_state_manager:✅ Updated state: FLOW-0003 → FULL_ISOLATION (risk=100.0%)
INFO:redis_state_manager:🔒 Marked isolated: FLOW-0003
INFO:redis_state_manager:✅ Updated state: FLOW-0004 → LOG (risk=3.1%)
INFO:redis_state_manager:✅ Updated state: FLOW-0001 → LOG (risk=0.1%)
INFO:redis_state_manager:✅ Updated state: FLOW-0002 → LOG (risk=0.1%)
INFO:redis_state_manager:✅ Updated state: FLOW-0003 → FULL_ISOLATION (risk=100.0%)
INFO:redis_state_manager:🔒 Marked isolated: FLOW-0003
INFO:redis_state_manager:✅ Updated state: FLOW-0004 → LOG (risk=3.1%)
INFO:redis_state_manager:✅ Updated state: FLOW-0005 → LOG (risk=15.4%)
INFO:redis_state_manager:✅ Updated state: FLOW-0001 → LOG (risk=0.1%)
INFO:redis_state_manager:✅ Updated state: FLOW-0002 → LOG (risk=0.1%)
INFO:redis_state_manager:✅ Updated state: FLOW-0003 → FULL_ISOLATION (risk=100.0%)
INFO:redis_state_manager:🔒 Marked isolated: FLOW-0003
INFO:redis_state_manager:✅ Updated state: FLOW-0004 → LOG (risk=3.1%)
INFO:redis_state_manager:✅ Updated state: FLOW-0005 → LOG (risk=15.4%)
INFO:redis_state_manager:✅ Updated state: FLOW-0001 → LOG (risk=0.1%)
INFO:redis_state_manager:✅ Updated state: FLOW-0002 → LOG (risk=0.1%)
INFO:redis_state_manager:✅ Updated state: FLOW-0003 → FULL_ISOLATION (risk=100.0%)
INFO:redis_state_manager:🔒 Marked isolated: FLOW-0003
INFO:redis_state_manager:✅ Updated state: FLOW-0004 → LOG (risk=3.1%)
INFO:redis_state_manager:✅ Updated state: FLOW-0005 → LOG (risk=15.4%)
INFO:redis_state_manager:✅ Updated state: FLOW-0001 → LOG (risk=0.1%)
INFO:redis_state_manager:✅ Updated state: FLOW-0002 → LOG (risk=0.1%)
INFO:redis_state_manager:✅ Updated state: FLOW-0003 → FULL_ISOLATION (risk=100.0%)
INFO:redis_state_manager:🔒 Marked isolated: FLOW-0003
INFO:redis_state_manager:✅ Updated state: FLOW-0004 → LOG (risk=3.1%)


[Executor] Executing LOG for FLOW-0002...
  ✅ LOG: FLOW-0002 risk=0.06% | Normal operation - risk is low
[DatabaseLogger] ✅ Logged LOG for FLOW-0002 (risk=0.06%, email_sent=None, webhook_sent=None, rate_limit_ip=None, rate_limit_applied=None)
[Pipeline] FLOW-0003 risk=100.0% -> Tier 4 (FULL_ISOLATION)

[Executor] Executing FULL_ISOLATION for FLOW-0003...
  🔒 FULL_ISOLATION: Triggering Module 4 for FLOW-0003...
    (Would POST to Module 4 API to isolate FLOW-0003)
     ✅ Module 4 isolation triggered
[DatabaseLogger] ✅ Logged FULL_ISOLATION for FLOW-0003 (risk=100.0%, email_sent=None, webhook_sent=None, rate_limit_ip=None, rate_limit_applied=None)
[DatabaseLogger] ✅ Alert be57ae8e-d2f1-45a0-9483-2555d45a0bb5 created for FLOW-0003 (tier 4)
[DatabaseLogger] ✅ Set FLOW-0003 state to QUARANTINE
[Pipeline] Marked FLOW-0003 as isolated
[Pipeline] FLOW-0004 risk=3.1% -> Tier 1 (LOG)

[Executor] Executing LOG for FLOW-0004...
  ✅ LOG: FLOW-0004 risk=3.11% | Normal operation - risk is low
[DatabaseLogger] ✅ Logged LOG for FLOW-0004 (risk=3.11%, email_sent=None, webhook_sent=None, rate_limit_ip=None, rate_limit_applied=None)
[Pipeline] FLOW-0001 risk=0.1% -> Tier 1 (LOG)

[Executor] Executing LOG for FLOW-0001...
  ✅ LOG: FLOW-0001 risk=0.05% | Normal operation - risk is low
[DatabaseLogger] ✅ Logged LOG for FLOW-0001 (risk=0.05%, email_sent=None, webhook_sent=None, rate_limit_ip=None, rate_limit_applied=None)
[Pipeline] FLOW-0002 risk=0.1% -> Tier 1 (LOG)

[Executor] Executing LOG for FLOW-0002...
  ✅ LOG: FLOW-0002 risk=0.06% | Normal operation - risk is low
[DatabaseLogger] ✅ Logged LOG for FLOW-0002 (risk=0.06%, email_sent=None, webhook_sent=None, rate_limit_ip=None, rate_limit_applied=None)
[Pipeline] FLOW-0003 risk=100.0% -> Tier 4 (FULL_ISOLATION)

[Executor] Executing FULL_ISOLATION for FLOW-0003...
  🔒 FULL_ISOLATION: Triggering Module 4 for FLOW-0003...
    (Would POST to Module 4 API to isolate FLOW-0003)
     ✅ Module 4 isolation triggered
[DatabaseLogger] ✅ Logged FULL_ISOLATION for FLOW-0003 (risk=100.0%, email_sent=None, webhook_sent=None, rate_limit_ip=None, rate_limit_applied=None)
[DatabaseLogger] ✅ Alert 313be1f2-e4c4-4a00-97b8-6e89754fa11c created for FLOW-0003 (tier 4)
[DatabaseLogger] ✅ Set FLOW-0003 state to QUARANTINE
[Pipeline] Marked FLOW-0003 as isolated
[Pipeline] FLOW-0004 risk=3.1% -> Tier 1 (LOG)

[Executor] Executing LOG for FLOW-0004...
  ✅ LOG: FLOW-0004 risk=3.11% | Normal operation - risk is low
[DatabaseLogger] ✅ Logged LOG for FLOW-0004 (risk=3.11%, email_sent=None, webhook_sent=None, rate_limit_ip=None, rate_limit_applied=None)
[Pipeline] FLOW-0005 risk=15.4% -> Tier 1 (LOG)

[Executor] Executing LOG for FLOW-0005...
  ✅ LOG: FLOW-0005 risk=15.45% | Normal operation - risk is low
[DatabaseLogger] ✅ Logged LOG for FLOW-0005 (risk=15.45%, email_sent=None, webhook_sent=None, rate_limit_ip=None, rate_limit_applied=None)
[Pipeline] FLOW-0001 risk=0.1% -> Tier 1 (LOG)

[Executor] Executing LOG for FLOW-0001...
  ✅ LOG: FLOW-0001 risk=0.05% | Normal operation - risk is low
[DatabaseLogger] ✅ Logged LOG for FLOW-0001 (risk=0.05%, email_sent=None, webhook_sent=None, rate_limit_ip=None, rate_limit_applied=None)
[Pipeline] FLOW-0002 risk=0.1% -> Tier 1 (LOG)

[Executor] Executing LOG for FLOW-0002...
  ✅ LOG: FLOW-0002 risk=0.06% | Normal operation - risk is low
[DatabaseLogger] ✅ Logged LOG for FLOW-0002 (risk=0.06%, email_sent=None, webhook_sent=None, rate_limit_ip=None, rate_limit_applied=None)
[Pipeline] FLOW-0003 risk=100.0% -> Tier 4 (FULL_ISOLATION)

[Executor] Executing FULL_ISOLATION for FLOW-0003...
  🔒 FULL_ISOLATION: Triggering Module 4 for FLOW-0003...
    (Would POST to Module 4 API to isolate FLOW-0003)
     ✅ Module 4 isolation triggered
[DatabaseLogger] ✅ Logged FULL_ISOLATION for FLOW-0003 (risk=100.0%, email_sent=None, webhook_sent=None, rate_limit_ip=None, rate_limit_applied=None)
[DatabaseLogger] ✅ Alert dfb359a8-a7f3-495d-90a6-f5745d500967 created for FLOW-0003 (tier 4)
[DatabaseLogger] ✅ Set FLOW-0003 state to QUARANTINE
[Pipeline] Marked FLOW-0003 as isolated
[Pipeline] FLOW-0004 risk=3.1% -> Tier 1 (LOG)

[Executor] Executing LOG for FLOW-0004...
  ✅ LOG: FLOW-0004 risk=3.11% | Normal operation - risk is low
[DatabaseLogger] ✅ Logged LOG for FLOW-0004 (risk=3.11%, email_sent=None, webhook_sent=None, rate_limit_ip=None, rate_limit_applied=None)
[Pipeline] FLOW-0005 risk=15.4% -> Tier 1 (LOG)

[Executor] Executing LOG for FLOW-0005...
  ✅ LOG: FLOW-0005 risk=15.45% | Normal operation - risk is low
[DatabaseLogger] ✅ Logged LOG for FLOW-0005 (risk=15.45%, email_sent=None, webhook_sent=None, rate_limit_ip=None, rate_limit_applied=None)
[Pipeline] FLOW-0001 risk=0.1% -> Tier 1 (LOG)

[Executor] Executing LOG for FLOW-0001...
  ✅ LOG: FLOW-0001 risk=0.05% | Normal operation - risk is low
[DatabaseLogger] ✅ Logged LOG for FLOW-0001 (risk=0.05%, email_sent=None, webhook_sent=None, rate_limit_ip=None, rate_limit_applied=None)
[Pipeline] FLOW-0002 risk=0.1% -> Tier 1 (LOG)

[Executor] Executing LOG for FLOW-0002...
  ✅ LOG: FLOW-0002 risk=0.06% | Normal operation - risk is low
[DatabaseLogger] ✅ Logged LOG for FLOW-0002 (risk=0.06%, email_sent=None, webhook_sent=None, rate_limit_ip=None, rate_limit_applied=None)
[Pipeline] FLOW-0003 risk=100.0% -> Tier 4 (FULL_ISOLATION)

[Executor] Executing FULL_ISOLATION for FLOW-0003...
  🔒 FULL_ISOLATION: Triggering Module 4 for FLOW-0003...
    (Would POST to Module 4 API to isolate FLOW-0003)
     ✅ Module 4 isolation triggered
[DatabaseLogger] ✅ Logged FULL_ISOLATION for FLOW-0003 (risk=100.0%, email_sent=None, webhook_sent=None, rate_limit_ip=None, rate_limit_applied=None)
[DatabaseLogger] ✅ Alert cffbfcd7-26d0-4efd-b59f-c7ef8516bc35 created for FLOW-0003 (tier 4)
[DatabaseLogger] ✅ Set FLOW-0003 state to QUARANTINE
[Pipeline] Marked FLOW-0003 as isolated
[Pipeline] FLOW-0004 risk=3.1% -> Tier 1 (LOG)

[Executor] Executing LOG for FLOW-0004...
  ✅ LOG: FLOW-0004 risk=3.11% | Normal operation - risk is low
[DatabaseLogger] ✅ Logged LOG for FLOW-0004 (risk=3.11%, email_sent=None, webhook_sent=None, rate_limit_ip=None, rate_limit_applied=None)
[Pipeline] FLOW-0005 risk=15.4% -> Tier 1 (LOG)

[Executor] Executing LOG for FLOW-0005...
  ✅ LOG: FLOW-0005 risk=15.45% | Normal operation - risk is low
[DatabaseLogger] ✅ Logged LOG for FLOW-0005 (risk=15.45%, email_sent=None, webhook_sent=None, rate_limit_ip=None, rate_limit_applied=None)
[Pipeline] FLOW-0001 risk=0.1% -> Tier 1 (LOG)

[Executor] Executing LOG for FLOW-0001...
  ✅ LOG: FLOW-0001 risk=0.05% | Normal operation - risk is low
[DatabaseLogger] ✅ Logged LOG for FLOW-0001 (risk=0.05%, email_sent=None, webhook_sent=None, rate_limit_ip=None, rate_limit_applied=None)
[Pipeline] FLOW-0002 risk=0.1% -> Tier 1 (LOG)

[Executor] Executing LOG for FLOW-0002...
  ✅ LOG: FLOW-0002 risk=0.06% | Normal operation - risk is low
[DatabaseLogger] ✅ Logged LOG for FLOW-0002 (risk=0.06%, email_sent=None, webhook_sent=None, rate_limit_ip=None, rate_limit_applied=None)
[Pipeline] FLOW-0003 risk=100.0% -> Tier 4 (FULL_ISOLATION)

[Executor] Executing FULL_ISOLATION for FLOW-0003...
  🔒 FULL_ISOLATION: Triggering Module 4 for FLOW-0003...
    (Would POST to Module 4 API to isolate FLOW-0003)
     ✅ Module 4 isolation triggered
[DatabaseLogger] ✅ Logged FULL_ISOLATION for FLOW-0003 (risk=100.0%, email_sent=None, webhook_sent=None, rate_limit_ip=None, rate_limit_applied=None)
[DatabaseLogger] ✅ Alert f38099a1-663b-4d4a-9aca-429bd589482e created for FLOW-0003 (tier 4)
[DatabaseLogger] ✅ Set FLOW-0003 state to QUARANTINE
[Pipeline] Marked FLOW-0003 as isolated
[Pipeline] FLOW-0004 risk=3.1% -> Tier 1 (LOG)

[Executor] Executing LOG for FLOW-0004...
  ✅ LOG: FLOW-0004 risk=3.11% | Normal operation - risk is low
[DatabaseLogger] ✅ Logged LOG for FLOW-0004 (risk=3.11%, email_sent=None, webhook_sent=None, rate_limit_ip=None, rate_limit_applied=None)
[Pipeline] FLOW-0005 risk=15.4% -> Tier 1 (LOG)

[Executor] Executing LOG for FLOW-0005...
  ✅ LOG: FLOW-0005 risk=15.45% | Normal operation - risk is low
[DatabaseLogger] ✅ Logged LOG for FLOW-0005 (risk=15.45%, email_sent=None, webhook_sent=None, rate_limit_ip=None, rate_limit_applied=None)INFO:redis_state_manager:✅ Updated state: FLOW-0005 → LOG (risk=15.4%)
INFO:redis_state_manager:✅ Updated state: FLOW-0001 → LOG (risk=0.1%)
INFO:redis_state_manager:✅ Updated state: FLOW-0002 → LOG (risk=0.1%)
INFO:redis_state_manager:✅ Updated state: FLOW-0003 → FULL_ISOLATION (risk=100.0%)
INFO:redis_state_manager:🔒 Marked isolated: FLOW-0003
INFO:redis_state_manager:✅ Updated state: FLOW-0004 → LOG (risk=3.1%)
INFO:redis_state_manager:✅ Updated state: FLOW-0005 → LOG (risk=15.4%)
INFO:redis_state_manager:✅ Updated state: FLOW-0001 → LOG (risk=0.1%)
INFO:redis_state_manager:✅ Updated state: FLOW-0002 → LOG (risk=0.1%)
INFO:redis_state_manager:✅ Updated state: FLOW-0003 → FULL_ISOLATION (risk=100.0%)
INFO:redis_state_manager:🔒 Marked isolated: FLOW-0003
INFO:redis_state_manager:✅ Updated state: FLOW-0004 → LOG (risk=3.1%)
INFO:redis_state_manager:✅ Updated state: FLOW-0005 → LOG (risk=15.4%)
INFO:redis_state_manager:✅ Updated state: FLOW-0001 → LOG (risk=0.1%)
INFO:redis_state_manager:✅ Updated state: FLOW-0002 → LOG (risk=0.1%)
INFO:redis_state_manager:✅ Updated state: FLOW-0003 → FULL_ISOLATION (risk=100.0%)
INFO:redis_state_manager:🔒 Marked isolated: FLOW-0003
INFO:redis_state_manager:✅ Updated state: FLOW-0004 → LOG (risk=3.1%)
INFO:redis_state_manager:✅ Updated state: FLOW-0005 → LOG (risk=15.4%)
INFO:redis_state_manager:✅ Updated state: FLOW-0001 → LOG (risk=0.1%)
INFO:redis_state_manager:✅ Updated state: FLOW-0002 → LOG (risk=0.1%)
INFO:redis_state_manager:✅ Updated state: FLOW-0003 → FULL_ISOLATION (risk=100.0%)
INFO:redis_state_manager:🔒 Marked isolated: FLOW-0003
INFO:redis_state_manager:✅ Updated state: FLOW-0004 → LOG (risk=3.1%)
INFO:redis_state_manager:✅ Updated state: FLOW-0005 → LOG (risk=15.4%)
INFO:redis_state_manager:✅ Updated state: FLOW-0001 → LOG (risk=0.1%)
INFO:redis_state_manager:✅ Updated state: FLOW-0002 → LOG (risk=0.1%)

[Pipeline] FLOW-0001 risk=0.1% -> Tier 1 (LOG)

[Executor] Executing LOG for FLOW-0001...
  ✅ LOG: FLOW-0001 risk=0.05% | Normal operation - risk is low
[DatabaseLogger] ✅ Logged LOG for FLOW-0001 (risk=0.05%, email_sent=None, webhook_sent=None, rate_limit_ip=None, rate_limit_applied=None)
[Pipeline] FLOW-0002 risk=0.1% -> Tier 1 (LOG)

[Executor] Executing LOG for FLOW-0002...
  ✅ LOG: FLOW-0002 risk=0.06% | Normal operation - risk is low
[DatabaseLogger] ✅ Logged LOG for FLOW-0002 (risk=0.06%, email_sent=None, webhook_sent=None, rate_limit_ip=None, rate_limit_applied=None)
[Pipeline] FLOW-0003 risk=100.0% -> Tier 4 (FULL_ISOLATION)

[Executor] Executing FULL_ISOLATION for FLOW-0003...
  🔒 FULL_ISOLATION: Triggering Module 4 for FLOW-0003...
    (Would POST to Module 4 API to isolate FLOW-0003)
     ✅ Module 4 isolation triggered
[DatabaseLogger] ✅ Logged FULL_ISOLATION for FLOW-0003 (risk=100.0%, email_sent=None, webhook_sent=None, rate_limit_ip=None, rate_limit_applied=None)
[DatabaseLogger] ✅ Alert 0c796d88-4217-4612-a5d6-b35883c39a2d created for FLOW-0003 (tier 4)
[DatabaseLogger] ✅ Set FLOW-0003 state to QUARANTINE
[Pipeline] Marked FLOW-0003 as isolated
[Pipeline] FLOW-0004 risk=3.1% -> Tier 1 (LOG)

[Executor] Executing LOG for FLOW-0004...
  ✅ LOG: FLOW-0004 risk=3.11% | Normal operation - risk is low
[DatabaseLogger] ✅ Logged LOG for FLOW-0004 (risk=3.11%, email_sent=None, webhook_sent=None, rate_limit_ip=None, rate_limit_applied=None)
[Pipeline] FLOW-0005 risk=15.4% -> Tier 1 (LOG)

[Executor] Executing LOG for FLOW-0005...
  ✅ LOG: FLOW-0005 risk=15.45% | Normal operation - risk is low
[DatabaseLogger] ✅ Logged LOG for FLOW-0005 (risk=15.45%, email_sent=None, webhook_sent=None, rate_limit_ip=None, rate_limit_applied=None)
[Pipeline] FLOW-0001 risk=0.1% -> Tier 1 (LOG)

[Executor] Executing LOG for FLOW-0001...
  ✅ LOG: FLOW-0001 risk=0.05% | Normal operation - risk is low
[DatabaseLogger] ✅ Logged LOG for FLOW-0001 (risk=0.05%, email_sent=None, webhook_sent=None, rate_limit_ip=None, rate_limit_applied=None)
[Pipeline] FLOW-0002 risk=0.1% -> Tier 1 (LOG)

[Executor] Executing LOG for FLOW-0002...
  ✅ LOG: FLOW-0002 risk=0.06% | Normal operation - risk is low
[DatabaseLogger] ✅ Logged LOG for FLOW-0002 (risk=0.06%, email_sent=None, webhook_sent=None, rate_limit_ip=None, rate_limit_applied=None)
[Pipeline] FLOW-0003 risk=100.0% -> Tier 4 (FULL_ISOLATION)

[Executor] Executing FULL_ISOLATION for FLOW-0003...
  🔒 FULL_ISOLATION: Triggering Module 4 for FLOW-0003...
    (Would POST to Module 4 API to isolate FLOW-0003)
     ✅ Module 4 isolation triggered
[DatabaseLogger] ✅ Logged FULL_ISOLATION for FLOW-0003 (risk=100.0%, email_sent=None, webhook_sent=None, rate_limit_ip=None, rate_limit_applied=None)
[DatabaseLogger] ✅ Alert 8c1349e6-9251-4776-a268-edcc1cc3e6d7 created for FLOW-0003 (tier 4)
[DatabaseLogger] ✅ Set FLOW-0003 state to QUARANTINE
[Pipeline] Marked FLOW-0003 as isolated
[Pipeline] FLOW-0004 risk=3.1% -> Tier 1 (LOG)

[Executor] Executing LOG for FLOW-0004...
  ✅ LOG: FLOW-0004 risk=3.11% | Normal operation - risk is low
[DatabaseLogger] ✅ Logged LOG for FLOW-0004 (risk=3.11%, email_sent=None, webhook_sent=None, rate_limit_ip=None, rate_limit_applied=None)
[Pipeline] FLOW-0005 risk=15.4% -> Tier 1 (LOG)

[Executor] Executing LOG for FLOW-0005...
  ✅ LOG: FLOW-0005 risk=15.45% | Normal operation - risk is low
[DatabaseLogger] ✅ Logged LOG for FLOW-0005 (risk=15.45%, email_sent=None, webhook_sent=None, rate_limit_ip=None, rate_limit_applied=None)
[Pipeline] FLOW-0001 risk=0.1% -> Tier 1 (LOG)

[Executor] Executing LOG for FLOW-0001...
  ✅ LOG: FLOW-0001 risk=0.05% | Normal operation - risk is low
[DatabaseLogger] ✅ Logged LOG for FLOW-0001 (risk=0.05%, email_sent=None, webhook_sent=None, rate_limit_ip=None, rate_limit_applied=None)
[Pipeline] FLOW-0002 risk=0.1% -> Tier 1 (LOG)

[Executor] Executing LOG for FLOW-0002...
  ✅ LOG: FLOW-0002 risk=0.06% | Normal operation - risk is low
[DatabaseLogger] ✅ Logged LOG for FLOW-0002 (risk=0.06%, email_sent=None, webhook_sent=None, rate_limit_ip=None, rate_limit_applied=None)
[Pipeline] FLOW-0003 risk=100.0% -> Tier 4 (FULL_ISOLATION)

[Executor] Executing FULL_ISOLATION for FLOW-0003...
  🔒 FULL_ISOLATION: Triggering Module 4 for FLOW-0003...
    (Would POST to Module 4 API to isolate FLOW-0003)
     ✅ Module 4 isolation triggered
[DatabaseLogger] ✅ Logged FULL_ISOLATION for FLOW-0003 (risk=100.0%, email_sent=None, webhook_sent=None, rate_limit_ip=None, rate_limit_applied=None)
[DatabaseLogger] ✅ Alert ecc17de2-f936-4ac2-bec5-a9b59ca97059 created for FLOW-0003 (tier 4)
[DatabaseLogger] ✅ Set FLOW-0003 state to QUARANTINE
[Pipeline] Marked FLOW-0003 as isolated
[Pipeline] FLOW-0004 risk=3.1% -> Tier 1 (LOG)

[Executor] Executing LOG for FLOW-0004...
  ✅ LOG: FLOW-0004 risk=3.11% | Normal operation - risk is low
[DatabaseLogger] ✅ Logged LOG for FLOW-0004 (risk=3.11%, email_sent=None, webhook_sent=None, rate_limit_ip=None, rate_limit_applied=None)
[Pipeline] FLOW-0005 risk=15.4% -> Tier 1 (LOG)

[Executor] Executing LOG for FLOW-0005...
  ✅ LOG: FLOW-0005 risk=15.45% | Normal operation - risk is low
[DatabaseLogger] ✅ Logged LOG for FLOW-0005 (risk=15.45%, email_sent=None, webhook_sent=None, rate_limit_ip=None, rate_limit_applied=None)
[Pipeline] FLOW-0001 risk=0.1% -> Tier 1 (LOG)

[Executor] Executing LOG for FLOW-0001...
  ✅ LOG: FLOW-0001 risk=0.05% | Normal operation - risk is low
[DatabaseLogger] ✅ Logged LOG for FLOW-0001 (risk=0.05%, email_sent=None, webhook_sent=None, rate_limit_ip=None, rate_limit_applied=None)
[Pipeline] FLOW-0002 risk=0.1% -> Tier 1 (LOG)

[Executor] Executing LOG for FLOW-0002...
  ✅ LOG: FLOW-0002 risk=0.06% | Normal operation - risk is low
[DatabaseLogger] ✅ Logged LOG for FLOW-0002 (risk=0.06%, email_sent=None, webhook_sent=None, rate_limit_ip=None, rate_limit_applied=None)
[Pipeline] FLOW-0003 risk=100.0% -> Tier 4 (FULL_ISOLATION)

[Executor] Executing FULL_ISOLATION for FLOW-0003...
  🔒 FULL_ISOLATION: Triggering Module 4 for FLOW-0003...
    (Would POST to Module 4 API to isolate FLOW-0003)
     ✅ Module 4 isolation triggered
[DatabaseLogger] ✅ Logged FULL_ISOLATION for FLOW-0003 (risk=100.0%, email_sent=None, webhook_sent=None, rate_limit_ip=None, rate_limit_applied=None)
[DatabaseLogger] ✅ Alert a705ab2b-9dc6-4490-95cb-7591cbaf0771 created for FLOW-0003 (tier 4)
[DatabaseLogger] ✅ Set FLOW-0003 state to QUARANTINE
[Pipeline] Marked FLOW-0003 as isolated
[Pipeline] FLOW-0004 risk=3.1% -> Tier 1 (LOG)

[Executor] Executing LOG for FLOW-0004...
  ✅ LOG: FLOW-0004 risk=3.11% | Normal operation - risk is low
[DatabaseLogger] ✅ Logged LOG for FLOW-0004 (risk=3.11%, email_sent=None, webhook_sent=None, rate_limit_ip=None, rate_limit_applied=None)
[Pipeline] FLOW-0005 risk=15.4% -> Tier 1 (LOG)

[Executor] Executing LOG for FLOW-0005...
  ✅ LOG: FLOW-0005 risk=15.45% | Normal operation - risk is low
[DatabaseLogger] ✅ Logged LOG for FLOW-0005 (risk=15.45%, email_sent=None, webhook_sent=None, rate_limit_ip=None, rate_limit_applied=None)
[Pipeline] FLOW-0001 risk=0.1% -> Tier 1 (LOG)

[Executor] Executing LOG for FLOW-0001...
  ✅ LOG: FLOW-0001 risk=0.05% | Normal operation - risk is low
[DatabaseLogger] ✅ Logged LOG for FLOW-0001 (risk=0.05%, email_sent=None, webhook_sent=None, rate_limit_ip=None, rate_limit_applied=None)
[Pipeline] FLOW-0002 risk=0.1% -> Tier 1 (LOG)

[Executor] Executing LOG for FLOW-0002...
  ✅ LOG: FLOW-0002 risk=0.06% | Normal operation - risk is low
[DatabaseLogger] ✅ Logged LOG for FLOW-0002 (risk=0.06%, email_sent=None, webhook_sent=None, rate_limit_ip=None, rate_limit_applied=None)
[Pipeline] FLOW-0003 risk=100.0% -> Tier 4 (FULL_ISOLATION)

[Executor] Executing FULL_ISOLATION for FLOW-0003...
  🔒 FULL_ISOLATION: Triggering Module 4 for FLOW-0003...
    (Would POST to Module 4 API to isolate FLOW-0003)
     ✅ Module 4 isolation triggered
[DatabaseLogger] ✅ Logged FULL_ISOLATION for FLOW-0003 (risk=100.0%, email_sent=None, webhook_sent=None, rate_limit_ip=None, rate_limit_applied=None)
[DatabaseLogger] ✅ Alert 64568445-235f-4092-b8b1-172dec9ba7c8 created for FLOW-0003 (tier 4)INFO:redis_state_manager:✅ Updated state: FLOW-0003 → FULL_ISOLATION (risk=100.0%)
INFO:redis_state_manager:🔒 Marked isolated: FLOW-0003
INFO:redis_state_manager:✅ Updated state: FLOW-0004 → LOG (risk=3.1%)
INFO:redis_state_manager:✅ Updated state: FLOW-0005 → LOG (risk=15.4%)
INFO:redis_state_manager:✅ Updated state: FLOW-0001 → LOG (risk=0.1%)
INFO:redis_state_manager:✅ Updated state: FLOW-0002 → LOG (risk=0.1%)
INFO:redis_state_manager:✅ Updated state: FLOW-0003 → FULL_ISOLATION (risk=100.0%)
INFO:redis_state_manager:🔒 Marked isolated: FLOW-0003
INFO:redis_state_manager:✅ Updated state: FLOW-0004 → LOG (risk=3.1%)
INFO:redis_state_manager:✅ Updated state: FLOW-0005 → LOG (risk=15.4%)
INFO:redis_state_manager:✅ Updated state: FLOW-0001 → LOG (risk=0.1%)
INFO:redis_state_manager:✅ Updated state: FLOW-0002 → LOG (risk=0.1%)
INFO:redis_state_manager:✅ Updated state: FLOW-0003 → FULL_ISOLATION (risk=100.0%)
INFO:redis_state_manager:🔒 Marked isolated: FLOW-0003
INFO:redis_state_manager:✅ Updated state: FLOW-0004 → LOG (risk=3.1%)
INFO:redis_state_manager:✅ Updated state: FLOW-0005 → LOG (risk=15.4%)
INFO:redis_state_manager:✅ Updated state: FLOW-0001 → LOG (risk=0.1%)
INFO:redis_state_manager:✅ Updated state: FLOW-0002 → LOG (risk=0.1%)
INFO:redis_state_manager:✅ Updated state: FLOW-0003 → FULL_ISOLATION (risk=100.0%)
INFO:redis_state_manager:🔒 Marked isolated: FLOW-0003
INFO:redis_state_manager:✅ Updated state: FLOW-0004 → LOG (risk=3.1%)
INFO:redis_state_manager:✅ Updated state: FLOW-0005 → LOG (risk=15.4%)
INFO:redis_state_manager:✅ Updated state: FLOW-0001 → LOG (risk=0.1%)
INFO:redis_state_manager:✅ Updated state: FLOW-0002 → LOG (risk=0.1%)
INFO:redis_state_manager:✅ Updated state: FLOW-0003 → FULL_ISOLATION (risk=100.0%)
INFO:redis_state_manager:🔒 Marked isolated: FLOW-0003
INFO:redis_state_manager:✅ Updated state: FLOW-0004 → LOG (risk=3.1%)
INFO:redis_state_manager:✅ Updated state: FLOW-0005 → LOG (risk=15.4%)
INFO:redis_state_manager:✅ Updated state: FLOW-0001 → LOG (risk=0.1%)

[DatabaseLogger] ✅ Set FLOW-0003 state to QUARANTINE
[Pipeline] Marked FLOW-0003 as isolated
[Pipeline] FLOW-0004 risk=3.1% -> Tier 1 (LOG)

[Executor] Executing LOG for FLOW-0004...
  ✅ LOG: FLOW-0004 risk=3.11% | Normal operation - risk is low
[DatabaseLogger] ✅ Logged LOG for FLOW-0004 (risk=3.11%, email_sent=None, webhook_sent=None, rate_limit_ip=None, rate_limit_applied=None)
[Pipeline] FLOW-0005 risk=15.4% -> Tier 1 (LOG)

[Executor] Executing LOG for FLOW-0005...
  ✅ LOG: FLOW-0005 risk=15.45% | Normal operation - risk is low
[DatabaseLogger] ✅ Logged LOG for FLOW-0005 (risk=15.45%, email_sent=None, webhook_sent=None, rate_limit_ip=None, rate_limit_applied=None)
[Pipeline] FLOW-0001 risk=0.1% -> Tier 1 (LOG)

[Executor] Executing LOG for FLOW-0001...
  ✅ LOG: FLOW-0001 risk=0.05% | Normal operation - risk is low
[DatabaseLogger] ✅ Logged LOG for FLOW-0001 (risk=0.05%, email_sent=None, webhook_sent=None, rate_limit_ip=None, rate_limit_applied=None)
[Pipeline] FLOW-0002 risk=0.1% -> Tier 1 (LOG)

[Executor] Executing LOG for FLOW-0002...
  ✅ LOG: FLOW-0002 risk=0.06% | Normal operation - risk is low
[DatabaseLogger] ✅ Logged LOG for FLOW-0002 (risk=0.06%, email_sent=None, webhook_sent=None, rate_limit_ip=None, rate_limit_applied=None)
[Pipeline] FLOW-0003 risk=100.0% -> Tier 4 (FULL_ISOLATION)

[Executor] Executing FULL_ISOLATION for FLOW-0003...
  🔒 FULL_ISOLATION: Triggering Module 4 for FLOW-0003...
    (Would POST to Module 4 API to isolate FLOW-0003)
     ✅ Module 4 isolation triggered
[DatabaseLogger] ✅ Logged FULL_ISOLATION for FLOW-0003 (risk=100.0%, email_sent=None, webhook_sent=None, rate_limit_ip=None, rate_limit_applied=None)
[DatabaseLogger] ✅ Alert 0a83871b-993c-4979-ba93-7ddc7ad3b925 created for FLOW-0003 (tier 4)
[DatabaseLogger] ✅ Set FLOW-0003 state to QUARANTINE
[Pipeline] Marked FLOW-0003 as isolated
[Pipeline] FLOW-0004 risk=3.1% -> Tier 1 (LOG)

[Executor] Executing LOG for FLOW-0004...
  ✅ LOG: FLOW-0004 risk=3.11% | Normal operation - risk is low
[DatabaseLogger] ✅ Logged LOG for FLOW-0004 (risk=3.11%, email_sent=None, webhook_sent=None, rate_limit_ip=None, rate_limit_applied=None)
[Pipeline] FLOW-0005 risk=15.4% -> Tier 1 (LOG)

[Executor] Executing LOG for FLOW-0005...
  ✅ LOG: FLOW-0005 risk=15.45% | Normal operation - risk is low
[DatabaseLogger] ✅ Logged LOG for FLOW-0005 (risk=15.45%, email_sent=None, webhook_sent=None, rate_limit_ip=None, rate_limit_applied=None)
[Pipeline] FLOW-0001 risk=0.1% -> Tier 1 (LOG)

[Executor] Executing LOG for FLOW-0001...
  ✅ LOG: FLOW-0001 risk=0.05% | Normal operation - risk is low
[DatabaseLogger] ✅ Logged LOG for FLOW-0001 (risk=0.05%, email_sent=None, webhook_sent=None, rate_limit_ip=None, rate_limit_applied=None)
[Pipeline] FLOW-0002 risk=0.1% -> Tier 1 (LOG)

[Executor] Executing LOG for FLOW-0002...
  ✅ LOG: FLOW-0002 risk=0.06% | Normal operation - risk is low
[DatabaseLogger] ✅ Logged LOG for FLOW-0002 (risk=0.06%, email_sent=None, webhook_sent=None, rate_limit_ip=None, rate_limit_applied=None)
[Pipeline] FLOW-0003 risk=100.0% -> Tier 4 (FULL_ISOLATION)

[Executor] Executing FULL_ISOLATION for FLOW-0003...
  🔒 FULL_ISOLATION: Triggering Module 4 for FLOW-0003...
    (Would POST to Module 4 API to isolate FLOW-0003)
     ✅ Module 4 isolation triggered
[DatabaseLogger] ✅ Logged FULL_ISOLATION for FLOW-0003 (risk=100.0%, email_sent=None, webhook_sent=None, rate_limit_ip=None, rate_limit_applied=None)
[DatabaseLogger] ✅ Alert 0c757bc7-cf83-45ae-9172-591d98789c24 created for FLOW-0003 (tier 4)
[DatabaseLogger] ✅ Set FLOW-0003 state to QUARANTINE
[Pipeline] Marked FLOW-0003 as isolated
[Pipeline] FLOW-0004 risk=3.1% -> Tier 1 (LOG)

[Executor] Executing LOG for FLOW-0004...
  ✅ LOG: FLOW-0004 risk=3.11% | Normal operation - risk is low
[DatabaseLogger] ✅ Logged LOG for FLOW-0004 (risk=3.11%, email_sent=None, webhook_sent=None, rate_limit_ip=None, rate_limit_applied=None)
[Pipeline] FLOW-0005 risk=15.4% -> Tier 1 (LOG)

[Executor] Executing LOG for FLOW-0005...
  ✅ LOG: FLOW-0005 risk=15.45% | Normal operation - risk is low
[DatabaseLogger] ✅ Logged LOG for FLOW-0005 (risk=15.45%, email_sent=None, webhook_sent=None, rate_limit_ip=None, rate_limit_applied=None)
[Pipeline] FLOW-0001 risk=0.1% -> Tier 1 (LOG)

[Executor] Executing LOG for FLOW-0001...
  ✅ LOG: FLOW-0001 risk=0.05% | Normal operation - risk is low
[DatabaseLogger] ✅ Logged LOG for FLOW-0001 (risk=0.05%, email_sent=None, webhook_sent=None, rate_limit_ip=None, rate_limit_applied=None)
[Pipeline] FLOW-0002 risk=0.1% -> Tier 1 (LOG)

[Executor] Executing LOG for FLOW-0002...
  ✅ LOG: FLOW-0002 risk=0.06% | Normal operation - risk is low
[DatabaseLogger] ✅ Logged LOG for FLOW-0002 (risk=0.06%, email_sent=None, webhook_sent=None, rate_limit_ip=None, rate_limit_applied=None)
[Pipeline] FLOW-0003 risk=100.0% -> Tier 4 (FULL_ISOLATION)

[Executor] Executing FULL_ISOLATION for FLOW-0003...
  🔒 FULL_ISOLATION: Triggering Module 4 for FLOW-0003...
    (Would POST to Module 4 API to isolate FLOW-0003)
     ✅ Module 4 isolation triggered
[DatabaseLogger] ✅ Logged FULL_ISOLATION for FLOW-0003 (risk=100.0%, email_sent=None, webhook_sent=None, rate_limit_ip=None, rate_limit_applied=None)
[DatabaseLogger] ✅ Alert 2f2bcc31-87d1-4b4f-bfbc-66c3e5df0906 created for FLOW-0003 (tier 4)
[DatabaseLogger] ✅ Set FLOW-0003 state to QUARANTINE
[Pipeline] Marked FLOW-0003 as isolated
[Pipeline] FLOW-0004 risk=3.1% -> Tier 1 (LOG)

[Executor] Executing LOG for FLOW-0004...
  ✅ LOG: FLOW-0004 risk=3.11% | Normal operation - risk is low
[DatabaseLogger] ✅ Logged LOG for FLOW-0004 (risk=3.11%, email_sent=None, webhook_sent=None, rate_limit_ip=None, rate_limit_applied=None)
[Pipeline] FLOW-0005 risk=15.4% -> Tier 1 (LOG)

[Executor] Executing LOG for FLOW-0005...
  ✅ LOG: FLOW-0005 risk=15.45% | Normal operation - risk is low
[DatabaseLogger] ✅ Logged LOG for FLOW-0005 (risk=15.45%, email_sent=None, webhook_sent=None, rate_limit_ip=None, rate_limit_applied=None)
[Pipeline] FLOW-0001 risk=0.1% -> Tier 1 (LOG)

[Executor] Executing LOG for FLOW-0001...
  ✅ LOG: FLOW-0001 risk=0.05% | Normal operation - risk is low
[DatabaseLogger] ✅ Logged LOG for FLOW-0001 (risk=0.05%, email_sent=None, webhook_sent=None, rate_limit_ip=None, rate_limit_applied=None)
[Pipeline] FLOW-0002 risk=0.1% -> Tier 1 (LOG)

[Executor] Executing LOG for FLOW-0002...
  ✅ LOG: FLOW-0002 risk=0.06% | Normal operation - risk is low
[DatabaseLogger] ✅ Logged LOG for FLOW-0002 (risk=0.06%, email_sent=None, webhook_sent=None, rate_limit_ip=None, rate_limit_applied=None)
[Pipeline] FLOW-0003 risk=100.0% -> Tier 4 (FULL_ISOLATION)

[Executor] Executing FULL_ISOLATION for FLOW-0003...
  🔒 FULL_ISOLATION: Triggering Module 4 for FLOW-0003...
    (Would POST to Module 4 API to isolate FLOW-0003)
     ✅ Module 4 isolation triggered
[DatabaseLogger] ✅ Logged FULL_ISOLATION for FLOW-0003 (risk=100.0%, email_sent=None, webhook_sent=None, rate_limit_ip=None, rate_limit_applied=None)
[DatabaseLogger] ✅ Alert 6aeb6144-aecc-4c60-afc9-7731ad08f5ee created for FLOW-0003 (tier 4)
[DatabaseLogger] ✅ Set FLOW-0003 state to QUARANTINE
[Pipeline] Marked FLOW-0003 as isolated
[Pipeline] FLOW-0004 risk=3.1% -> Tier 1 (LOG)

[Executor] Executing LOG for FLOW-0004...
  ✅ LOG: FLOW-0004 risk=3.11% | Normal operation - risk is low
[DatabaseLogger] ✅ Logged LOG for FLOW-0004 (risk=3.11%, email_sent=None, webhook_sent=None, rate_limit_ip=None, rate_limit_applied=None)
[Pipeline] FLOW-0005 risk=15.4% -> Tier 1 (LOG)

[Executor] Executing LOG for FLOW-0005...
  ✅ LOG: FLOW-0005 risk=15.45% | Normal operation - risk is low
[DatabaseLogger] ✅ Logged LOG for FLOW-0005 (risk=15.45%, email_sent=None, webhook_sent=None, rate_limit_ip=None, rate_limit_applied=None)
[Pipeline] FLOW-0001 risk=0.1% -> Tier 1 (LOG)

[Executor] Executing LOG for FLOW-0001...
  ✅ LOG: FLOW-0001 risk=0.05% | Normal operation - risk is low
[DatabaseLogger] ✅ Logged LOG for FLOW-0001 (risk=0.05%, email_sent=None, webhook_sent=None, rate_limit_ip=None, rate_limit_applied=None)
[Pipeline] FLOW-0002 risk=0.1% -> Tier 1 (LOG)INFO:redis_state_manager:✅ Updated state: FLOW-0002 → LOG (risk=0.1%)
INFO:redis_state_manager:✅ Updated state: FLOW-0003 → FULL_ISOLATION (risk=100.0%)
INFO:redis_state_manager:🔒 Marked isolated: FLOW-0003
INFO:redis_state_manager:✅ Updated state: FLOW-0004 → LOG (risk=3.1%)
INFO:redis_state_manager:✅ Updated state: FLOW-0005 → LOG (risk=15.4%)
INFO:redis_state_manager:✅ Updated state: FLOW-0001 → LOG (risk=0.1%)
INFO:redis_state_manager:✅ Updated state: FLOW-0002 → LOG (risk=0.1%)
INFO:redis_state_manager:✅ Updated state: FLOW-0003 → FULL_ISOLATION (risk=100.0%)
INFO:redis_state_manager:🔒 Marked isolated: FLOW-0003
INFO:redis_state_manager:✅ Updated state: FLOW-0004 → LOG (risk=3.1%)
INFO:redis_state_manager:✅ Updated state: FLOW-0005 → LOG (risk=15.4%)
INFO:redis_state_manager:✅ Updated state: FLOW-0001 → LOG (risk=0.1%)
INFO:redis_state_manager:✅ Updated state: FLOW-0002 → LOG (risk=0.1%)
INFO:redis_state_manager:✅ Updated state: FLOW-0003 → FULL_ISOLATION (risk=100.0%)
INFO:redis_state_manager:🔒 Marked isolated: FLOW-0003
INFO:redis_state_manager:✅ Updated state: FLOW-0004 → LOG (risk=3.1%)
INFO:redis_state_manager:✅ Updated state: FLOW-0005 → LOG (risk=15.4%)
INFO:redis_state_manager:✅ Updated state: FLOW-0001 → LOG (risk=0.1%)
INFO:redis_state_manager:✅ Updated state: FLOW-0002 → LOG (risk=0.1%)
INFO:redis_state_manager:✅ Updated state: FLOW-0003 → FULL_ISOLATION (risk=100.0%)
INFO:redis_state_manager:🔒 Marked isolated: FLOW-0003
INFO:redis_state_manager:✅ Updated state: FLOW-0004 → LOG (risk=3.1%)
INFO:redis_state_manager:✅ Updated state: FLOW-0005 → LOG (risk=15.4%)
INFO:redis_state_manager:✅ Updated state: FLOW-0001 → LOG (risk=0.1%)
INFO:redis_state_manager:✅ Updated state: FLOW-0002 → LOG (risk=0.1%)
INFO:redis_state_manager:✅ Updated state: FLOW-0003 → FULL_ISOLATION (risk=100.0%)
INFO:redis_state_manager:🔒 Marked isolated: FLOW-0003


[Executor] Executing LOG for FLOW-0002...
  ✅ LOG: FLOW-0002 risk=0.06% | Normal operation - risk is low
[DatabaseLogger] ✅ Logged LOG for FLOW-0002 (risk=0.06%, email_sent=None, webhook_sent=None, rate_limit_ip=None, rate_limit_applied=None)
[Pipeline] FLOW-0003 risk=100.0% -> Tier 4 (FULL_ISOLATION)

[Executor] Executing FULL_ISOLATION for FLOW-0003...
  🔒 FULL_ISOLATION: Triggering Module 4 for FLOW-0003...
    (Would POST to Module 4 API to isolate FLOW-0003)
     ✅ Module 4 isolation triggered
[DatabaseLogger] ✅ Logged FULL_ISOLATION for FLOW-0003 (risk=100.0%, email_sent=None, webhook_sent=None, rate_limit_ip=None, rate_limit_applied=None)
[DatabaseLogger] ✅ Alert 1ff0ab42-0a92-43fe-a067-7056c95ec66c created for FLOW-0003 (tier 4)
[DatabaseLogger] ✅ Set FLOW-0003 state to QUARANTINE
[Pipeline] Marked FLOW-0003 as isolated
[Pipeline] FLOW-0004 risk=3.1% -> Tier 1 (LOG)

[Executor] Executing LOG for FLOW-0004...
  ✅ LOG: FLOW-0004 risk=3.11% | Normal operation - risk is low
[DatabaseLogger] ✅ Logged LOG for FLOW-0004 (risk=3.11%, email_sent=None, webhook_sent=None, rate_limit_ip=None, rate_limit_applied=None)
[Pipeline] FLOW-0005 risk=15.4% -> Tier 1 (LOG)

[Executor] Executing LOG for FLOW-0005...
  ✅ LOG: FLOW-0005 risk=15.45% | Normal operation - risk is low
[DatabaseLogger] ✅ Logged LOG for FLOW-0005 (risk=15.45%, email_sent=None, webhook_sent=None, rate_limit_ip=None, rate_limit_applied=None)
[Pipeline] FLOW-0001 risk=0.1% -> Tier 1 (LOG)

[Executor] Executing LOG for FLOW-0001...
  ✅ LOG: FLOW-0001 risk=0.05% | Normal operation - risk is low
[DatabaseLogger] ✅ Logged LOG for FLOW-0001 (risk=0.05%, email_sent=None, webhook_sent=None, rate_limit_ip=None, rate_limit_applied=None)
[Pipeline] FLOW-0002 risk=0.1% -> Tier 1 (LOG)

[Executor] Executing LOG for FLOW-0002...
  ✅ LOG: FLOW-0002 risk=0.06% | Normal operation - risk is low
[DatabaseLogger] ✅ Logged LOG for FLOW-0002 (risk=0.06%, email_sent=None, webhook_sent=None, rate_limit_ip=None, rate_limit_applied=None)
[Pipeline] FLOW-0003 risk=100.0% -> Tier 4 (FULL_ISOLATION)

[Executor] Executing FULL_ISOLATION for FLOW-0003...
  🔒 FULL_ISOLATION: Triggering Module 4 for FLOW-0003...
    (Would POST to Module 4 API to isolate FLOW-0003)
     ✅ Module 4 isolation triggered
[DatabaseLogger] ✅ Logged FULL_ISOLATION for FLOW-0003 (risk=100.0%, email_sent=None, webhook_sent=None, rate_limit_ip=None, rate_limit_applied=None)
[DatabaseLogger] ✅ Alert c4b0a82f-7766-4fe8-add5-564e3c6e6921 created for FLOW-0003 (tier 4)
[DatabaseLogger] ✅ Set FLOW-0003 state to QUARANTINE
[Pipeline] Marked FLOW-0003 as isolated
[Pipeline] FLOW-0004 risk=3.1% -> Tier 1 (LOG)

[Executor] Executing LOG for FLOW-0004...
  ✅ LOG: FLOW-0004 risk=3.11% | Normal operation - risk is low
[DatabaseLogger] ✅ Logged LOG for FLOW-0004 (risk=3.11%, email_sent=None, webhook_sent=None, rate_limit_ip=None, rate_limit_applied=None)
[Pipeline] FLOW-0005 risk=15.4% -> Tier 1 (LOG)

[Executor] Executing LOG for FLOW-0005...
  ✅ LOG: FLOW-0005 risk=15.45% | Normal operation - risk is low
[DatabaseLogger] ✅ Logged LOG for FLOW-0005 (risk=15.45%, email_sent=None, webhook_sent=None, rate_limit_ip=None, rate_limit_applied=None)
[Pipeline] FLOW-0001 risk=0.1% -> Tier 1 (LOG)

[Executor] Executing LOG for FLOW-0001...
  ✅ LOG: FLOW-0001 risk=0.05% | Normal operation - risk is low
[DatabaseLogger] ✅ Logged LOG for FLOW-0001 (risk=0.05%, email_sent=None, webhook_sent=None, rate_limit_ip=None, rate_limit_applied=None)
[Pipeline] FLOW-0002 risk=0.1% -> Tier 1 (LOG)

[Executor] Executing LOG for FLOW-0002...
  ✅ LOG: FLOW-0002 risk=0.06% | Normal operation - risk is low
[DatabaseLogger] ✅ Logged LOG for FLOW-0002 (risk=0.06%, email_sent=None, webhook_sent=None, rate_limit_ip=None, rate_limit_applied=None)
[Pipeline] FLOW-0003 risk=100.0% -> Tier 4 (FULL_ISOLATION)

[Executor] Executing FULL_ISOLATION for FLOW-0003...
  🔒 FULL_ISOLATION: Triggering Module 4 for FLOW-0003...
    (Would POST to Module 4 API to isolate FLOW-0003)
     ✅ Module 4 isolation triggered
[DatabaseLogger] ✅ Logged FULL_ISOLATION for FLOW-0003 (risk=100.0%, email_sent=None, webhook_sent=None, rate_limit_ip=None, rate_limit_applied=None)
[DatabaseLogger] ✅ Alert c9b0a98c-b09a-43ea-aea1-5d8a5a7b3e1c created for FLOW-0003 (tier 4)
[DatabaseLogger] ✅ Set FLOW-0003 state to QUARANTINE
[Pipeline] Marked FLOW-0003 as isolated
[Pipeline] FLOW-0004 risk=3.1% -> Tier 1 (LOG)

[Executor] Executing LOG for FLOW-0004...
  ✅ LOG: FLOW-0004 risk=3.11% | Normal operation - risk is low
[DatabaseLogger] ✅ Logged LOG for FLOW-0004 (risk=3.11%, email_sent=None, webhook_sent=None, rate_limit_ip=None, rate_limit_applied=None)
[Pipeline] FLOW-0005 risk=15.4% -> Tier 1 (LOG)

[Executor] Executing LOG for FLOW-0005...
  ✅ LOG: FLOW-0005 risk=15.45% | Normal operation - risk is low
[DatabaseLogger] ✅ Logged LOG for FLOW-0005 (risk=15.45%, email_sent=None, webhook_sent=None, rate_limit_ip=None, rate_limit_applied=None)
[Pipeline] FLOW-0001 risk=0.1% -> Tier 1 (LOG)

[Executor] Executing LOG for FLOW-0001...
  ✅ LOG: FLOW-0001 risk=0.05% | Normal operation - risk is low
[DatabaseLogger] ✅ Logged LOG for FLOW-0001 (risk=0.05%, email_sent=None, webhook_sent=None, rate_limit_ip=None, rate_limit_applied=None)
[Pipeline] FLOW-0002 risk=0.1% -> Tier 1 (LOG)

[Executor] Executing LOG for FLOW-0002...
  ✅ LOG: FLOW-0002 risk=0.06% | Normal operation - risk is low
[DatabaseLogger] ✅ Logged LOG for FLOW-0002 (risk=0.06%, email_sent=None, webhook_sent=None, rate_limit_ip=None, rate_limit_applied=None)
[Pipeline] FLOW-0003 risk=100.0% -> Tier 4 (FULL_ISOLATION)

[Executor] Executing FULL_ISOLATION for FLOW-0003...
  🔒 FULL_ISOLATION: Triggering Module 4 for FLOW-0003...
    (Would POST to Module 4 API to isolate FLOW-0003)
     ✅ Module 4 isolation triggered
[DatabaseLogger] ✅ Logged FULL_ISOLATION for FLOW-0003 (risk=100.0%, email_sent=None, webhook_sent=None, rate_limit_ip=None, rate_limit_applied=None)
[DatabaseLogger] ✅ Alert ee2628bf-b59b-44c4-a9af-0f3c3bb62ae3 created for FLOW-0003 (tier 4)
[DatabaseLogger] ✅ Set FLOW-0003 state to QUARANTINE
[Pipeline] Marked FLOW-0003 as isolated
[Pipeline] FLOW-0004 risk=3.1% -> Tier 1 (LOG)

[Executor] Executing LOG for FLOW-0004...
  ✅ LOG: FLOW-0004 risk=3.11% | Normal operation - risk is low
[DatabaseLogger] ✅ Logged LOG for FLOW-0004 (risk=3.11%, email_sent=None, webhook_sent=None, rate_limit_ip=None, rate_limit_applied=None)
[Pipeline] FLOW-0005 risk=15.4% -> Tier 1 (LOG)

[Executor] Executing LOG for FLOW-0005...
  ✅ LOG: FLOW-0005 risk=15.45% | Normal operation - risk is low
[DatabaseLogger] ✅ Logged LOG for FLOW-0005 (risk=15.45%, email_sent=None, webhook_sent=None, rate_limit_ip=None, rate_limit_applied=None)
[Pipeline] FLOW-0001 risk=0.1% -> Tier 1 (LOG)

[Executor] Executing LOG for FLOW-0001...
  ✅ LOG: FLOW-0001 risk=0.05% | Normal operation - risk is low
[DatabaseLogger] ✅ Logged LOG for FLOW-0001 (risk=0.05%, email_sent=None, webhook_sent=None, rate_limit_ip=None, rate_limit_applied=None)
[Pipeline] FLOW-0002 risk=0.1% -> Tier 1 (LOG)

[Executor] Executing LOG for FLOW-0002...
  ✅ LOG: FLOW-0002 risk=0.06% | Normal operation - risk is low
[DatabaseLogger] ✅ Logged LOG for FLOW-0002 (risk=0.06%, email_sent=None, webhook_sent=None, rate_limit_ip=None, rate_limit_applied=None)
[Pipeline] FLOW-0003 risk=100.0% -> Tier 4 (FULL_ISOLATION)

[Executor] Executing FULL_ISOLATION for FLOW-0003...
  🔒 FULL_ISOLATION: Triggering Module 4 for FLOW-0003...
    (Would POST to Module 4 API to isolate FLOW-0003)
     ✅ Module 4 isolation triggered
[DatabaseLogger] ✅ Logged FULL_ISOLATION for FLOW-0003 (risk=100.0%, email_sent=None, webhook_sent=None, rate_limit_ip=None, rate_limit_applied=None)
[DatabaseLogger] ✅ Alert 5a3a0b18-ba59-4157-a366-589a50228c32 created for FLOW-0003 (tier 4)
[DatabaseLogger] ✅ Set FLOW-0003 state to QUARANTINE
[Pipeline] Marked FLOW-0003 as isolated
[Pipeline] FLOW-0004 risk=3.1% -> Tier 1 (LOG)

[Executor] Executing LOG for FLOW-0004...
  ✅ LOG: FLOW-0004 risk=3.11% | Normal operation - risk is low
[DatabaseLogger] ✅ Logged LOG for FLOW-0004 (risk=3.11%, email_sent=None, webhook_sent=None, rate_limit_ip=None, rate_limit_applied=None)INFO:redis_state_manager:✅ Updated state: FLOW-0004 → LOG (risk=3.1%)
INFO:redis_state_manager:✅ Updated state: FLOW-0005 → LOG (risk=15.4%)
INFO:redis_state_manager:✅ Updated state: FLOW-0001 → LOG (risk=0.1%)
INFO:redis_state_manager:✅ Updated state: FLOW-0002 → LOG (risk=0.1%)
INFO:redis_state_manager:✅ Updated state: FLOW-0003 → FULL_ISOLATION (risk=100.0%)
INFO:redis_state_manager:🔒 Marked isolated: FLOW-0003
INFO:redis_state_manager:✅ Updated state: FLOW-0004 → LOG (risk=3.1%)
INFO:redis_state_manager:✅ Updated state: FLOW-0005 → LOG (risk=15.4%)
INFO:redis_state_manager:✅ Updated state: FLOW-0001 → ALERT (risk=72.7%)
INFO:redis_state_manager:✅ Updated state: FLOW-0002 → LOG (risk=4.0%)
INFO:redis_state_manager:✅ Updated state: FLOW-0003 → LOG (risk=40.9%)
INFO:redis_state_manager:✅ Updated state: FLOW-0004 → FULL_ISOLATION (risk=96.0%)
INFO:redis_state_manager:🔒 Marked isolated: FLOW-0004
INFO:redis_state_manager:✅ Updated state: FLOW-0005 → LOG (risk=13.8%)
INFO:redis_state_manager:✅ Updated state: FLOW-0001 → LOG (risk=22.7%)
INFO:redis_state_manager:✅ Updated state: FLOW-0002 → LOG (risk=23.1%)
INFO:redis_state_manager:✅ Updated state: FLOW-0003 → LOG (risk=22.5%)
INFO:redis_state_manager:✅ Updated state: FLOW-0004 → ALERT (risk=64.6%)
INFO:redis_state_manager:✅ Updated state: FLOW-0005 → LOG (risk=9.7%)
INFO:redis_state_manager:✅ Updated state: FLOW-0001 → LOG (risk=48.2%)
INFO:redis_state_manager:✅ Updated state: FLOW-0002 → RATE_LIMIT (risk=83.7%)

[Pipeline] FLOW-0005 risk=15.4% -> Tier 1 (LOG)

[Executor] Executing LOG for FLOW-0005...
  ✅ LOG: FLOW-0005 risk=15.45% | Normal operation - risk is low
[DatabaseLogger] ✅ Logged LOG for FLOW-0005 (risk=15.45%, email_sent=None, webhook_sent=None, rate_limit_ip=None, rate_limit_applied=None)
[Pipeline] FLOW-0001 risk=0.1% -> Tier 1 (LOG)

[Executor] Executing LOG for FLOW-0001...
  ✅ LOG: FLOW-0001 risk=0.05% | Normal operation - risk is low
[DatabaseLogger] ✅ Logged LOG for FLOW-0001 (risk=0.05%, email_sent=None, webhook_sent=None, rate_limit_ip=None, rate_limit_applied=None)
[Pipeline] FLOW-0002 risk=0.1% -> Tier 1 (LOG)

[Executor] Executing LOG for FLOW-0002...
  ✅ LOG: FLOW-0002 risk=0.06% | Normal operation - risk is low
[DatabaseLogger] ✅ Logged LOG for FLOW-0002 (risk=0.06%, email_sent=None, webhook_sent=None, rate_limit_ip=None, rate_limit_applied=None)
[Pipeline] FLOW-0003 risk=100.0% -> Tier 4 (FULL_ISOLATION)

[Executor] Executing FULL_ISOLATION for FLOW-0003...
  🔒 FULL_ISOLATION: Triggering Module 4 for FLOW-0003...
    (Would POST to Module 4 API to isolate FLOW-0003)
     ✅ Module 4 isolation triggered
[DatabaseLogger] ✅ Logged FULL_ISOLATION for FLOW-0003 (risk=100.0%, email_sent=None, webhook_sent=None, rate_limit_ip=None, rate_limit_applied=None)
[DatabaseLogger] ✅ Alert 33f7b295-862f-4c5a-850b-e488194325ae created for FLOW-0003 (tier 4)
[DatabaseLogger] ✅ Set FLOW-0003 state to QUARANTINE
[Pipeline] Marked FLOW-0003 as isolated
[Pipeline] FLOW-0004 risk=3.1% -> Tier 1 (LOG)

[Executor] Executing LOG for FLOW-0004...
  ✅ LOG: FLOW-0004 risk=3.11% | Normal operation - risk is low
[DatabaseLogger] ✅ Logged LOG for FLOW-0004 (risk=3.11%, email_sent=None, webhook_sent=None, rate_limit_ip=None, rate_limit_applied=None)
[Pipeline] FLOW-0005 risk=15.4% -> Tier 1 (LOG)

[Executor] Executing LOG for FLOW-0005...
  ✅ LOG: FLOW-0005 risk=15.45% | Normal operation - risk is low
[DatabaseLogger] ✅ Logged LOG for FLOW-0005 (risk=15.45%, email_sent=None, webhook_sent=None, rate_limit_ip=None, rate_limit_applied=None)
[Pipeline] FLOW-0001 risk=72.7% -> Tier 2 (ALERT)

[Executor] Executing ALERT for FLOW-0001...
    Email error: (535, b'5.7.8 Username and Password not accepted. For more information, go to\n5.7.8  https://support.google.com/mail/?p=BadCredentials 5b1f17b1804b1-49b961939ddsm84696155e9.4 - gsmtp')
  ✉️  EMAIL: Failed
    Webhook error: HTTPConnectionPool(host='localhost', port=8888): Max retries exceeded with url: /webhook (Caused by NewConnectionError("HTTPConnection(host='localhost', port=8888): Failed to establish a new connection: [Errno 111] Connection refused"))
  🔔 WEBHOOK: Failed
  📢 ALERT: FLOW-0001 risk=72.7%
     Description: Medium risk detected - operator notification sent
[DatabaseLogger] ✅ Logged ALERT for FLOW-0001 (risk=72.68979957960049%, email_sent=False, webhook_sent=False, rate_limit_ip=None, rate_limit_applied=None)
[DatabaseLogger] ✅ Alert 9becda52-6b7c-45a1-8808-b9b51723c203 created for FLOW-0001 (tier 2)
[Pipeline] FLOW-0002 risk=4.0% -> Tier 1 (LOG)

[Executor] Executing LOG for FLOW-0002...
  ✅ LOG: FLOW-0002 risk=4.0457225182982715% | Normal operation - risk is low
[DatabaseLogger] ✅ Logged LOG for FLOW-0002 (risk=4.0457225182982715%, email_sent=None, webhook_sent=None, rate_limit_ip=None, rate_limit_applied=None)
[Pipeline] FLOW-0003 risk=40.9% -> Tier 1 (LOG)

[Executor] Executing LOG for FLOW-0003...
  ✅ LOG: FLOW-0003 risk=40.89840732025148% | Normal operation - risk is low
[DatabaseLogger] ✅ Logged LOG for FLOW-0003 (risk=40.89840732025148%, email_sent=None, webhook_sent=None, rate_limit_ip=None, rate_limit_applied=None)
[Pipeline] FLOW-0004 risk=96.0% -> Tier 4 (FULL_ISOLATION)

[Executor] Executing FULL_ISOLATION for FLOW-0004...
  🔒 FULL_ISOLATION: Triggering Module 4 for FLOW-0004...
    (Would POST to Module 4 API to isolate FLOW-0004)
     ✅ Module 4 isolation triggered
[DatabaseLogger] ✅ Logged FULL_ISOLATION for FLOW-0004 (risk=96.01367709269383%, email_sent=None, webhook_sent=None, rate_limit_ip=None, rate_limit_applied=None)
[DatabaseLogger] ✅ Alert 1e5fc587-da83-468f-aabb-3289cf31a0c4 created for FLOW-0004 (tier 4)
[DatabaseLogger] ✅ Set FLOW-0004 state to QUARANTINE
[Pipeline] Marked FLOW-0004 as isolated
[Pipeline] FLOW-0005 risk=13.8% -> Tier 1 (LOG)

[Executor] Executing LOG for FLOW-0005...
  ✅ LOG: FLOW-0005 risk=13.750973309050952% | Normal operation - risk is low
[DatabaseLogger] ✅ Logged LOG for FLOW-0005 (risk=13.750973309050952%, email_sent=None, webhook_sent=None, rate_limit_ip=None, rate_limit_applied=None)
[Pipeline] FLOW-0001 risk=22.7% -> Tier 1 (LOG)

[Executor] Executing LOG for FLOW-0001...
  ✅ LOG: FLOW-0001 risk=22.665814739401693% | Normal operation - risk is low
[DatabaseLogger] ✅ Logged LOG for FLOW-0001 (risk=22.665814739401693%, email_sent=None, webhook_sent=None, rate_limit_ip=None, rate_limit_applied=None)
[Pipeline] FLOW-0002 risk=23.1% -> Tier 1 (LOG)

[Executor] Executing LOG for FLOW-0002...
  ✅ LOG: FLOW-0002 risk=23.087811528803943% | Normal operation - risk is low
[DatabaseLogger] ✅ Logged LOG for FLOW-0002 (risk=23.087811528803943%, email_sent=None, webhook_sent=None, rate_limit_ip=None, rate_limit_applied=None)
[Pipeline] FLOW-0003 risk=22.5% -> Tier 1 (LOG)

[Executor] Executing LOG for FLOW-0003...
  ✅ LOG: FLOW-0003 risk=22.517867175151167% | Normal operation - risk is low
[DatabaseLogger] ✅ Logged LOG for FLOW-0003 (risk=22.517867175151167%, email_sent=None, webhook_sent=None, rate_limit_ip=None, rate_limit_applied=None)
[Pipeline] FLOW-0004 risk=64.6% -> Tier 2 (ALERT)

[Executor] Executing ALERT for FLOW-0004...
    Email error: (535, b'5.7.8 Username and Password not accepted. For more information, go to\n5.7.8  https://support.google.com/mail/?p=BadCredentials 5b1f17b1804b1-49ccae954f9sm121751295e9.13 - gsmtp')
  ✉️  EMAIL: Failed
    Webhook error: HTTPConnectionPool(host='localhost', port=8888): Max retries exceeded with url: /webhook (Caused by NewConnectionError("HTTPConnection(host='localhost', port=8888): Failed to establish a new connection: [Errno 111] Connection refused"))
  🔔 WEBHOOK: Failed
  📢 ALERT: FLOW-0004 risk=64.6%
     Description: Medium risk detected - operator notification sent
[DatabaseLogger] ✅ Logged ALERT for FLOW-0004 (risk=64.63287561236736%, email_sent=False, webhook_sent=False, rate_limit_ip=None, rate_limit_applied=None)
[DatabaseLogger] ✅ Alert 24c2edbd-180c-4049-8626-d01f42ce0cd0 created for FLOW-0004 (tier 2)
[Pipeline] FLOW-0005 risk=9.7% -> Tier 1 (LOG)

[Executor] Executing LOG for FLOW-0005...
  ✅ LOG: FLOW-0005 risk=9.689699580666101% | Normal operation - risk is low
[DatabaseLogger] ✅ Logged LOG for FLOW-0005 (risk=9.689699580666101%, email_sent=None, webhook_sent=None, rate_limit_ip=None, rate_limit_applied=None)
[Pipeline] FLOW-0001 risk=48.2% -> Tier 1 (LOG)

[Executor] Executing LOG for FLOW-0001...
  ✅ LOG: FLOW-0001 risk=48.18844899687624% | Normal operation - risk is low
[DatabaseLogger] ✅ Logged LOG for FLOW-0001 (risk=48.18844899687624%, email_sent=None, webhook_sent=None, rate_limit_ip=None, rate_limit_applied=None)
[Pipeline] FLOW-0002 risk=83.7% -> Tier 3 (RATE_LIMIT)

[Executor] Executing RATE_LIMIT for FLOW-0002...
  ⏱️  RATE_LIMIT (simulation): Would limit FLOW-0002 to 10/min
[DatabaseLogger] ✅ Logged RATE_LIMIT for FLOW-0002 (risk=83.68404598483482%, email_sent=None, webhook_sent=None, rate_limit_ip=None, rate_limit_applied=False)
[DatabaseLogger] ✅ Alert cbf710dd-f210-44da-a886-0d30d985b020 created for FLOW-0002 (tier 3)
[Pipeline] FLOW-0003 risk=62.7% -> Tier 2 (ALERT)

[Executor] Executing ALERT for FLOW-0003...
    Email error: (535, b'5.7.8 Username and Password not accepted. For more information, go to\n5.7.8  https://support.google.com/mail/?p=BadCredentials ffacd0b85a97d-48432022ab8sm7492839f8f.28 - gsmtp')
  ✉️  EMAIL: Failed
    Webhook error: HTTPConnectionPool(host='localhost', port=8888): Max retries exceeded with url: /webhook (Caused by NewConnectionError("HTTPConnection(host='localhost', port=8888): Failed to establish a new connection: [Errno 111] Connection refused"))INFO:redis_state_manager:✅ Updated state: FLOW-0003 → ALERT (risk=62.7%)
INFO:redis_state_manager:✅ Updated state: FLOW-0004 → ALERT (risk=61.7%)
INFO:redis_state_manager:✅ Updated state: FLOW-0005 → LOG (risk=26.6%)
INFO:redis_state_manager:✅ Updated state: FLOW-0001 → RATE_LIMIT (risk=91.3%)
INFO:redis_state_manager:✅ Updated state: FLOW-0002 → LOG (risk=17.5%)
INFO:redis_state_manager:✅ Updated state: FLOW-0003 → LOG (risk=11.4%)
INFO:redis_state_manager:✅ Updated state: FLOW-0004 → LOG (risk=54.2%)
INFO:redis_state_manager:✅ Updated state: FLOW-0005 → ALERT (risk=73.8%)
INFO:redis_state_manager:✅ Updated state: FLOW-0001 → LOG (risk=8.0%)
INFO:redis_state_manager:✅ Updated state: FLOW-0002 → LOG (risk=59.6%)
INFO:redis_state_manager:✅ Updated state: FLOW-0003 → LOG (risk=49.5%)
INFO:redis_state_manager:✅ Updated state: FLOW-0004 → LOG (risk=37.9%)
INFO:redis_state_manager:✅ Updated state: FLOW-0005 → LOG (risk=42.9%)
INFO:redis_state_manager:✅ Updated state: FLOW-0001 → LOG (risk=8.5%)
INFO:redis_state_manager:✅ Updated state: FLOW-0002 → ALERT (risk=64.6%)
INFO:redis_state_manager:✅ Updated state: FLOW-0003 → LOG (risk=14.1%)
INFO:redis_state_manager:✅ Updated state: FLOW-0004 → LOG (risk=32.2%)
INFO:redis_state_manager:✅ Updated state: FLOW-0005 → LOG (risk=30.7%)
INFO:redis_state_manager:✅ Updated state: FLOW-0001 → RATE_LIMIT (risk=90.3%)

  🔔 WEBHOOK: Failed
  📢 ALERT: FLOW-0003 risk=62.7%
     Description: Medium risk detected - operator notification sent
[DatabaseLogger] ✅ Logged ALERT for FLOW-0003 (risk=62.71039591842759%, email_sent=False, webhook_sent=False, rate_limit_ip=None, rate_limit_applied=None)
[DatabaseLogger] ✅ Alert 7a96ba1d-43f5-43bd-b45a-70624051d8cf created for FLOW-0003 (tier 2)
[Pipeline] FLOW-0004 risk=61.7% -> Tier 2 (ALERT)

[Executor] Executing ALERT for FLOW-0004...
    Email error: (535, b'5.7.8 Username and Password not accepted. For more information, go to\n5.7.8  https://support.google.com/mail/?p=BadCredentials ffacd0b85a97d-48432022ab8sm7493572f8f.28 - gsmtp')
  ✉️  EMAIL: Failed
    Webhook error: HTTPConnectionPool(host='localhost', port=8888): Max retries exceeded with url: /webhook (Caused by NewConnectionError("HTTPConnection(host='localhost', port=8888): Failed to establish a new connection: [Errno 111] Connection refused"))
  🔔 WEBHOOK: Failed
  📢 ALERT: FLOW-0004 risk=61.7%
     Description: Medium risk detected - operator notification sent
[DatabaseLogger] ✅ Logged ALERT for FLOW-0004 (risk=61.72735961617147%, email_sent=False, webhook_sent=False, rate_limit_ip=None, rate_limit_applied=None)
[DatabaseLogger] ✅ Alert f6cd11b3-9e27-4c02-8e6b-5aec6df8cf77 created for FLOW-0004 (tier 2)
[Pipeline] FLOW-0005 risk=26.6% -> Tier 1 (LOG)

[Executor] Executing LOG for FLOW-0005...
  ✅ LOG: FLOW-0005 risk=26.645065825009418% | Normal operation - risk is low
[DatabaseLogger] ✅ Logged LOG for FLOW-0005 (risk=26.645065825009418%, email_sent=None, webhook_sent=None, rate_limit_ip=None, rate_limit_applied=None)
[Pipeline] FLOW-0001 risk=91.3% -> Tier 3 (RATE_LIMIT)

[Executor] Executing RATE_LIMIT for FLOW-0001...
  ⏱️  RATE_LIMIT (simulation): Would limit FLOW-0001 to 10/min
[DatabaseLogger] ✅ Logged RATE_LIMIT for FLOW-0001 (risk=91.30132990010989%, email_sent=None, webhook_sent=None, rate_limit_ip=None, rate_limit_applied=False)
[DatabaseLogger] ✅ Alert 45d26e5f-33d3-4e27-9e3e-9cc42585f83b created for FLOW-0001 (tier 3)
[Pipeline] FLOW-0002 risk=17.5% -> Tier 1 (LOG)

[Executor] Executing LOG for FLOW-0002...
  ✅ LOG: FLOW-0002 risk=17.502416455341052% | Normal operation - risk is low
[DatabaseLogger] ✅ Logged LOG for FLOW-0002 (risk=17.502416455341052%, email_sent=None, webhook_sent=None, rate_limit_ip=None, rate_limit_applied=None)
[Pipeline] FLOW-0003 risk=11.4% -> Tier 1 (LOG)

[Executor] Executing LOG for FLOW-0003...
  ✅ LOG: FLOW-0003 risk=11.445567009320863% | Normal operation - risk is low
[DatabaseLogger] ✅ Logged LOG for FLOW-0003 (risk=11.445567009320863%, email_sent=None, webhook_sent=None, rate_limit_ip=None, rate_limit_applied=None)
[Pipeline] FLOW-0004 risk=54.2% -> Tier 1 (LOG)

[Executor] Executing LOG for FLOW-0004...
  ✅ LOG: FLOW-0004 risk=54.17636497784852% | Normal operation - risk is low
[DatabaseLogger] ✅ Logged LOG for FLOW-0004 (risk=54.17636497784852%, email_sent=None, webhook_sent=None, rate_limit_ip=None, rate_limit_applied=None)
[Pipeline] FLOW-0005 risk=73.8% -> Tier 2 (ALERT)

[Executor] Executing ALERT for FLOW-0005...
    Email error: (535, b'5.7.8 Username and Password not accepted. For more information, go to\n5.7.8  https://support.google.com/mail/?p=BadCredentials ffacd0b85a97d-4843310ab29sm7098303f8f.0 - gsmtp')
  ✉️  EMAIL: Failed
    Webhook error: HTTPConnectionPool(host='localhost', port=8888): Max retries exceeded with url: /webhook (Caused by NewConnectionError("HTTPConnection(host='localhost', port=8888): Failed to establish a new connection: [Errno 111] Connection refused"))
  🔔 WEBHOOK: Failed
  📢 ALERT: FLOW-0005 risk=73.8%
     Description: Medium risk detected - operator notification sent
[DatabaseLogger] ✅ Logged ALERT for FLOW-0005 (risk=73.83912047233304%, email_sent=False, webhook_sent=False, rate_limit_ip=None, rate_limit_applied=None)
[DatabaseLogger] ✅ Alert dfc2ba58-ee88-42aa-bdd2-43fee178e2a2 created for FLOW-0005 (tier 2)
[Pipeline] FLOW-0001 risk=8.0% -> Tier 1 (LOG)

[Executor] Executing LOG for FLOW-0001...
  ✅ LOG: FLOW-0001 risk=8.017499685075716% | Normal operation - risk is low
[DatabaseLogger] ✅ Logged LOG for FLOW-0001 (risk=8.017499685075716%, email_sent=None, webhook_sent=None, rate_limit_ip=None, rate_limit_applied=None)
[Pipeline] FLOW-0002 risk=59.6% -> Tier 1 (LOG)

[Executor] Executing LOG for FLOW-0002...
  ✅ LOG: FLOW-0002 risk=59.63340019487073% | Normal operation - risk is low
[DatabaseLogger] ✅ Logged LOG for FLOW-0002 (risk=59.63340019487073%, email_sent=None, webhook_sent=None, rate_limit_ip=None, rate_limit_applied=None)
[Pipeline] FLOW-0003 risk=49.5% -> Tier 1 (LOG)

[Executor] Executing LOG for FLOW-0003...
  ✅ LOG: FLOW-0003 risk=49.46953573531238% | Normal operation - risk is low
[DatabaseLogger] ✅ Logged LOG for FLOW-0003 (risk=49.46953573531238%, email_sent=None, webhook_sent=None, rate_limit_ip=None, rate_limit_applied=None)
[Pipeline] FLOW-0004 risk=37.9% -> Tier 1 (LOG)

[Executor] Executing LOG for FLOW-0004...
  ✅ LOG: FLOW-0004 risk=37.91210922233279% | Normal operation - risk is low
[DatabaseLogger] ✅ Logged LOG for FLOW-0004 (risk=37.91210922233279%, email_sent=None, webhook_sent=None, rate_limit_ip=None, rate_limit_applied=None)
[Pipeline] FLOW-0005 risk=42.9% -> Tier 1 (LOG)

[Executor] Executing LOG for FLOW-0005...
  ✅ LOG: FLOW-0005 risk=42.89164024168115% | Normal operation - risk is low
[DatabaseLogger] ✅ Logged LOG for FLOW-0005 (risk=42.89164024168115%, email_sent=None, webhook_sent=None, rate_limit_ip=None, rate_limit_applied=None)
[Pipeline] FLOW-0001 risk=8.5% -> Tier 1 (LOG)

[Executor] Executing LOG for FLOW-0001...
  ✅ LOG: FLOW-0001 risk=8.478328003351262% | Normal operation - risk is low
[DatabaseLogger] ✅ Logged LOG for FLOW-0001 (risk=8.478328003351262%, email_sent=None, webhook_sent=None, rate_limit_ip=None, rate_limit_applied=None)
[Pipeline] FLOW-0002 risk=64.6% -> Tier 2 (ALERT)

[Executor] Executing ALERT for FLOW-0002...
    Email error: [Errno 111] Connection refused
  ✉️  EMAIL: Failed
    Webhook error: HTTPConnectionPool(host='localhost', port=8888): Max retries exceeded with url: /webhook (Caused by NewConnectionError("HTTPConnection(host='localhost', port=8888): Failed to establish a new connection: [Errno 111] Connection refused"))
  🔔 WEBHOOK: Failed
  📢 ALERT: FLOW-0002 risk=64.6%
     Description: Medium risk detected - operator notification sent
[DatabaseLogger] ✅ Logged ALERT for FLOW-0002 (risk=64.625939980352%, email_sent=False, webhook_sent=False, rate_limit_ip=None, rate_limit_applied=None)
[DatabaseLogger] ✅ Alert 0d1064c0-5fcf-4e74-aea5-d11eb87c878c created for FLOW-0002 (tier 2)
[Pipeline] FLOW-0003 risk=14.1% -> Tier 1 (LOG)

[Executor] Executing LOG for FLOW-0003...
  ✅ LOG: FLOW-0003 risk=14.128704709759754% | Normal operation - risk is low
[DatabaseLogger] ✅ Logged LOG for FLOW-0003 (risk=14.128704709759754%, email_sent=None, webhook_sent=None, rate_limit_ip=None, rate_limit_applied=None)
[Pipeline] FLOW-0004 risk=32.2% -> Tier 1 (LOG)

[Executor] Executing LOG for FLOW-0004...
  ✅ LOG: FLOW-0004 risk=32.2268624189258% | Normal operation - risk is low
[DatabaseLogger] ✅ Logged LOG for FLOW-0004 (risk=32.2268624189258%, email_sent=None, webhook_sent=None, rate_limit_ip=None, rate_limit_applied=None)
[Pipeline] FLOW-0005 risk=30.7% -> Tier 1 (LOG)

[Executor] Executing LOG for FLOW-0005...
  ✅ LOG: FLOW-0005 risk=30.667697722782755% | Normal operation - risk is low
[DatabaseLogger] ✅ Logged LOG for FLOW-0005 (risk=30.667697722782755%, email_sent=None, webhook_sent=None, rate_limit_ip=None, rate_limit_applied=None)
[Pipeline] FLOW-0001 risk=90.3% -> Tier 3 (RATE_LIMIT)

[Executor] Executing RATE_LIMIT for FLOW-0001...
  ⏱️  RATE_LIMIT (simulation): Would limit FLOW-0001 to 10/min
[DatabaseLogger] ✅ Logged RATE_LIMIT for FLOW-0001 (risk=90.25062518901467%, email_sent=None, webhook_sent=None, rate_limit_ip=None, rate_limit_applied=False)
[DatabaseLogger] ✅ Alert cb6b1b88-62f7-47b1-99ee-a0e59eeef636 created for FLOW-0001 (tier 3)
[Pipeline] FLOW-0002 risk=55.6% -> Tier 1 (LOG)

[Executor] Executing LOG for FLOW-0002...INFO:redis_state_manager:✅ Updated state: FLOW-0002 → LOG (risk=55.6%)
INFO:redis_state_manager:✅ Updated state: FLOW-0003 → LOG (risk=1.8%)
INFO:redis_state_manager:✅ Updated state: FLOW-0004 → LOG (risk=20.5%)
INFO:redis_state_manager:✅ Updated state: FLOW-0005 → LOG (risk=43.9%)
INFO:redis_state_manager:✅ Updated state: FLOW-0001 → LOG (risk=40.8%)
INFO:redis_state_manager:✅ Updated state: FLOW-0002 → LOG (risk=2.1%)
INFO:redis_state_manager:✅ Updated state: FLOW-0003 → LOG (risk=16.5%)
INFO:redis_state_manager:✅ Updated state: FLOW-0004 → LOG (risk=48.8%)
INFO:redis_state_manager:✅ Updated state: FLOW-0005 → LOG (risk=28.5%)
INFO:redis_state_manager:✅ Updated state: FLOW-0001 → LOG (risk=21.3%)
INFO:redis_state_manager:✅ Updated state: FLOW-0002 → ALERT (risk=78.1%)
INFO:redis_state_manager:✅ Updated state: FLOW-0003 → LOG (risk=47.1%)
INFO:redis_state_manager:✅ Updated state: FLOW-0004 → LOG (risk=35.2%)
INFO:redis_state_manager:✅ Updated state: FLOW-0005 → LOG (risk=37.3%)
INFO:redis_state_manager:✅ Updated state: FLOW-0001 → LOG (risk=1.0%)
INFO:redis_state_manager:✅ Updated state: FLOW-0002 → LOG (risk=27.2%)
INFO:redis_state_manager:✅ Updated state: FLOW-0003 → LOG (risk=20.2%)
INFO:redis_state_manager:✅ Updated state: FLOW-0004 → ALERT (risk=76.7%)
INFO:redis_state_manager:✅ Updated state: FLOW-0005 → LOG (risk=52.6%)
INFO:redis_state_manager:✅ Updated state: FLOW-0001 → RATE_LIMIT (risk=88.8%)
INFO:redis_state_manager:✅ Updated state: FLOW-0002 → LOG (risk=2.4%)
INFO:redis_state_manager:✅ Updated state: FLOW-0003 → LOG (risk=30.4%)

  ✅ LOG: FLOW-0002 risk=55.583178388573145% | Normal operation - risk is low
[DatabaseLogger] ✅ Logged LOG for FLOW-0002 (risk=55.583178388573145%, email_sent=None, webhook_sent=None, rate_limit_ip=None, rate_limit_applied=None)
[Pipeline] FLOW-0003 risk=1.8% -> Tier 1 (LOG)

[Executor] Executing LOG for FLOW-0003...
  ✅ LOG: FLOW-0003 risk=1.7769379476345115% | Normal operation - risk is low
[DatabaseLogger] ✅ Logged LOG for FLOW-0003 (risk=1.7769379476345115%, email_sent=None, webhook_sent=None, rate_limit_ip=None, rate_limit_applied=None)
[Pipeline] FLOW-0004 risk=20.5% -> Tier 1 (LOG)

[Executor] Executing LOG for FLOW-0004...
  ✅ LOG: FLOW-0004 risk=20.541754681215924% | Normal operation - risk is low
[DatabaseLogger] ✅ Logged LOG for FLOW-0004 (risk=20.541754681215924%, email_sent=None, webhook_sent=None, rate_limit_ip=None, rate_limit_applied=None)
[Pipeline] FLOW-0005 risk=43.9% -> Tier 1 (LOG)

[Executor] Executing LOG for FLOW-0005...
  ✅ LOG: FLOW-0005 risk=43.911791563440616% | Normal operation - risk is low
[DatabaseLogger] ✅ Logged LOG for FLOW-0005 (risk=43.911791563440616%, email_sent=None, webhook_sent=None, rate_limit_ip=None, rate_limit_applied=None)
[Pipeline] FLOW-0001 risk=40.8% -> Tier 1 (LOG)

[Executor] Executing LOG for FLOW-0001...
  ✅ LOG: FLOW-0001 risk=40.79412220787209% | Normal operation - risk is low
[DatabaseLogger] ✅ Logged LOG for FLOW-0001 (risk=40.79412220787209%, email_sent=None, webhook_sent=None, rate_limit_ip=None, rate_limit_applied=None)
[Pipeline] FLOW-0002 risk=2.1% -> Tier 1 (LOG)

[Executor] Executing LOG for FLOW-0002...
  ✅ LOG: FLOW-0002 risk=2.12201411098774% | Normal operation - risk is low
[DatabaseLogger] ✅ Logged LOG for FLOW-0002 (risk=2.12201411098774%, email_sent=None, webhook_sent=None, rate_limit_ip=None, rate_limit_applied=None)
[Pipeline] FLOW-0003 risk=16.5% -> Tier 1 (LOG)

[Executor] Executing LOG for FLOW-0003...
  ✅ LOG: FLOW-0003 risk=16.491936075545688% | Normal operation - risk is low
[DatabaseLogger] ✅ Logged LOG for FLOW-0003 (risk=16.491936075545688%, email_sent=None, webhook_sent=None, rate_limit_ip=None, rate_limit_applied=None)
[Pipeline] FLOW-0004 risk=48.8% -> Tier 1 (LOG)

[Executor] Executing LOG for FLOW-0004...
  ✅ LOG: FLOW-0004 risk=48.75568433057279% | Normal operation - risk is low
[DatabaseLogger] ✅ Logged LOG for FLOW-0004 (risk=48.75568433057279%, email_sent=None, webhook_sent=None, rate_limit_ip=None, rate_limit_applied=None)
[Pipeline] FLOW-0005 risk=28.5% -> Tier 1 (LOG)

[Executor] Executing LOG for FLOW-0005...
  ✅ LOG: FLOW-0005 risk=28.45564298980441% | Normal operation - risk is low
[DatabaseLogger] ✅ Logged LOG for FLOW-0005 (risk=28.45564298980441%, email_sent=None, webhook_sent=None, rate_limit_ip=None, rate_limit_applied=None)
[Pipeline] FLOW-0001 risk=21.3% -> Tier 1 (LOG)

[Executor] Executing LOG for FLOW-0001...
  ✅ LOG: FLOW-0001 risk=21.32470192240216% | Normal operation - risk is low
[DatabaseLogger] ✅ Logged LOG for FLOW-0001 (risk=21.32470192240216%, email_sent=None, webhook_sent=None, rate_limit_ip=None, rate_limit_applied=None)
[Pipeline] FLOW-0002 risk=78.1% -> Tier 2 (ALERT)

[Executor] Executing ALERT for FLOW-0002...
    Email error: Connection unexpectedly closed: timed out
  ✉️  EMAIL: Failed
    Webhook error: HTTPConnectionPool(host='localhost', port=8888): Max retries exceeded with url: /webhook (Caused by NewConnectionError("HTTPConnection(host='localhost', port=8888): Failed to establish a new connection: [Errno 111] Connection refused"))
  🔔 WEBHOOK: Failed
  📢 ALERT: FLOW-0002 risk=78.1%
     Description: Medium risk detected - operator notification sent
[DatabaseLogger] ✅ Logged ALERT for FLOW-0002 (risk=78.14983916390025%, email_sent=False, webhook_sent=False, rate_limit_ip=None, rate_limit_applied=None)
[DatabaseLogger] ✅ Alert e3d93479-fd9c-424d-8543-a34acaeb76b8 created for FLOW-0002 (tier 2)
[Pipeline] FLOW-0003 risk=47.1% -> Tier 1 (LOG)

[Executor] Executing LOG for FLOW-0003...
  ✅ LOG: FLOW-0003 risk=47.05591263993189% | Normal operation - risk is low
[DatabaseLogger] ✅ Logged LOG for FLOW-0003 (risk=47.05591263993189%, email_sent=None, webhook_sent=None, rate_limit_ip=None, rate_limit_applied=None)
[Pipeline] FLOW-0004 risk=35.2% -> Tier 1 (LOG)

[Executor] Executing LOG for FLOW-0004...
  ✅ LOG: FLOW-0004 risk=35.217471954473574% | Normal operation - risk is low
[DatabaseLogger] ✅ Logged LOG for FLOW-0004 (risk=35.217471954473574%, email_sent=None, webhook_sent=None, rate_limit_ip=None, rate_limit_applied=None)
[Pipeline] FLOW-0005 risk=37.3% -> Tier 1 (LOG)

[Executor] Executing LOG for FLOW-0005...
  ✅ LOG: FLOW-0005 risk=37.32973495557851% | Normal operation - risk is low
[DatabaseLogger] ✅ Logged LOG for FLOW-0005 (risk=37.32973495557851%, email_sent=None, webhook_sent=None, rate_limit_ip=None, rate_limit_applied=None)
[Pipeline] FLOW-0001 risk=1.0% -> Tier 1 (LOG)

[Executor] Executing LOG for FLOW-0001...
  ✅ LOG: FLOW-0001 risk=0.9866592043079958% | Normal operation - risk is low
[DatabaseLogger] ✅ Logged LOG for FLOW-0001 (risk=0.9866592043079958%, email_sent=None, webhook_sent=None, rate_limit_ip=None, rate_limit_applied=None)
[Pipeline] FLOW-0002 risk=27.2% -> Tier 1 (LOG)

[Executor] Executing LOG for FLOW-0002...
  ✅ LOG: FLOW-0002 risk=27.235562062624943% | Normal operation - risk is low
[DatabaseLogger] ✅ Logged LOG for FLOW-0002 (risk=27.235562062624943%, email_sent=None, webhook_sent=None, rate_limit_ip=None, rate_limit_applied=None)
[Pipeline] FLOW-0003 risk=20.2% -> Tier 1 (LOG)

[Executor] Executing LOG for FLOW-0003...
  ✅ LOG: FLOW-0003 risk=20.223445689048688% | Normal operation - risk is low
[DatabaseLogger] ✅ Logged LOG for FLOW-0003 (risk=20.223445689048688%, email_sent=None, webhook_sent=None, rate_limit_ip=None, rate_limit_applied=None)
[Pipeline] FLOW-0004 risk=76.7% -> Tier 2 (ALERT)

[Executor] Executing ALERT for FLOW-0004...
    Email error: _ssl.c:1016: The handshake operation timed out
  ✉️  EMAIL: Failed
    Webhook error: HTTPConnectionPool(host='localhost', port=8888): Max retries exceeded with url: /webhook (Caused by NewConnectionError("HTTPConnection(host='localhost', port=8888): Failed to establish a new connection: [Errno 111] Connection refused"))
  🔔 WEBHOOK: Failed
  📢 ALERT: FLOW-0004 risk=76.7%
     Description: Medium risk detected - operator notification sent
[DatabaseLogger] ✅ Logged ALERT for FLOW-0004 (risk=76.68467272410766%, email_sent=False, webhook_sent=False, rate_limit_ip=None, rate_limit_applied=None)
[DatabaseLogger] ✅ Alert e4392daa-0b21-432b-8aff-28d9c0656348 created for FLOW-0004 (tier 2)
[Pipeline] FLOW-0005 risk=52.6% -> Tier 1 (LOG)

[Executor] Executing LOG for FLOW-0005...
  ✅ LOG: FLOW-0005 risk=52.60411648020461% | Normal operation - risk is low
[DatabaseLogger] ✅ Logged LOG for FLOW-0005 (risk=52.60411648020461%, email_sent=None, webhook_sent=None, rate_limit_ip=None, rate_limit_applied=None)
[Pipeline] FLOW-0001 risk=88.8% -> Tier 3 (RATE_LIMIT)

[Executor] Executing RATE_LIMIT for FLOW-0001...
  ⏱️  RATE_LIMIT (simulation): Would limit FLOW-0001 to 10/min
[DatabaseLogger] ✅ Logged RATE_LIMIT for FLOW-0001 (risk=88.8379472124093%, email_sent=None, webhook_sent=None, rate_limit_ip=None, rate_limit_applied=False)
[DatabaseLogger] ✅ Alert 60f9d41c-9f4a-4a32-a2d6-3861a3dbe4e6 created for FLOW-0001 (tier 3)
[Pipeline] FLOW-0002 risk=2.4% -> Tier 1 (LOG)

[Executor] Executing LOG for FLOW-0002...
  ✅ LOG: FLOW-0002 risk=2.4301988576777234% | Normal operation - risk is low
[DatabaseLogger] ✅ Logged LOG for FLOW-0002 (risk=2.4301988576777234%, email_sent=None, webhook_sent=None, rate_limit_ip=None, rate_limit_applied=None)
[Pipeline] FLOW-0003 risk=30.4% -> Tier 1 (LOG)

[Executor] Executing LOG for FLOW-0003...
  ✅ LOG: FLOW-0003 risk=30.373894675206504% | Normal operation - risk is low
[DatabaseLogger] ✅ Logged LOG for FLOW-0003 (risk=30.373894675206504%, email_sent=None, webhook_sent=None, rate_limit_ip=None, rate_limit_applied=None)
[Pipeline] FLOW-0004 risk=37.8% -> Tier 1 (LOG)

[Executor] Executing LOG for FLOW-0004...
  ✅ LOG: FLOW-0004 risk=37.818466810743494% | Normal operation - risk is lowINFO:redis_state_manager:✅ Updated state: FLOW-0004 → LOG (risk=37.8%)
INFO:redis_state_manager:✅ Updated state: FLOW-0005 → RATE_LIMIT (risk=84.7%)
INFO:redis_state_manager:✅ Updated state: FLOW-0001 → RATE_LIMIT (risk=90.8%)
INFO:redis_state_manager:✅ Updated state: FLOW-0002 → LOG (risk=48.6%)
INFO:redis_state_manager:✅ Updated state: FLOW-0003 → LOG (risk=55.7%)
INFO:redis_state_manager:✅ Updated state: FLOW-0004 → LOG (risk=27.6%)
INFO:redis_state_manager:✅ Updated state: FLOW-0005 → ALERT (risk=71.2%)
INFO:redis_state_manager:✅ Updated state: FLOW-0001 → ALERT (risk=75.2%)
INFO:redis_state_manager:✅ Updated state: FLOW-0002 → ALERT (risk=63.2%)
INFO:redis_state_manager:✅ Updated state: FLOW-0003 → LOG (risk=52.7%)
INFO:redis_state_manager:✅ Updated state: FLOW-0004 → RATE_LIMIT (risk=93.8%)
INFO:redis_state_manager:✅ Updated state: FLOW-0005 → RATE_LIMIT (risk=94.1%)
INFO:redis_state_manager:✅ Updated state: FLOW-0001 → ALERT (risk=74.4%)
INFO:redis_state_manager:✅ Updated state: FLOW-0002 → ALERT (risk=73.3%)
INFO:redis_state_manager:✅ Updated state: FLOW-0003 → RATE_LIMIT (risk=80.8%)
INFO:redis_state_manager:✅ Updated state: FLOW-0004 → LOG (risk=34.2%)

[DatabaseLogger] ✅ Logged LOG for FLOW-0004 (risk=37.818466810743494%, email_sent=None, webhook_sent=None, rate_limit_ip=None, rate_limit_applied=None)
[Pipeline] FLOW-0005 risk=84.7% -> Tier 3 (RATE_LIMIT)

[Executor] Executing RATE_LIMIT for FLOW-0005...
  ⏱️  RATE_LIMIT (simulation): Would limit FLOW-0005 to 10/min
[DatabaseLogger] ✅ Logged RATE_LIMIT for FLOW-0005 (risk=84.71922970386481%, email_sent=None, webhook_sent=None, rate_limit_ip=None, rate_limit_applied=False)
[DatabaseLogger] ✅ Alert d029d04d-56a5-479f-91ff-d5aa46fbe9b8 created for FLOW-0005 (tier 3)
[Pipeline] FLOW-0001 risk=90.8% -> Tier 3 (RATE_LIMIT)

[Executor] Executing RATE_LIMIT for FLOW-0001...
  ⏱️  RATE_LIMIT (simulation): Would limit FLOW-0001 to 10/min
[DatabaseLogger] ✅ Logged RATE_LIMIT for FLOW-0001 (risk=90.77293939984955%, email_sent=None, webhook_sent=None, rate_limit_ip=None, rate_limit_applied=False)
[DatabaseLogger] ✅ Alert 08f99066-31d9-46a0-927c-f6729aeaf607 created for FLOW-0001 (tier 3)
[Pipeline] FLOW-0002 risk=48.6% -> Tier 1 (LOG)

[Executor] Executing LOG for FLOW-0002...
  ✅ LOG: FLOW-0002 risk=48.6057807096643% | Normal operation - risk is low
[DatabaseLogger] ✅ Logged LOG for FLOW-0002 (risk=48.6057807096643%, email_sent=None, webhook_sent=None, rate_limit_ip=None, rate_limit_applied=None)
[Pipeline] FLOW-0003 risk=55.7% -> Tier 1 (LOG)

[Executor] Executing LOG for FLOW-0003...
  ✅ LOG: FLOW-0003 risk=55.739867109511295% | Normal operation - risk is low
[DatabaseLogger] ✅ Logged LOG for FLOW-0003 (risk=55.739867109511295%, email_sent=None, webhook_sent=None, rate_limit_ip=None, rate_limit_applied=None)
[Pipeline] FLOW-0004 risk=27.6% -> Tier 1 (LOG)

[Executor] Executing LOG for FLOW-0004...
  ✅ LOG: FLOW-0004 risk=27.571416784703302% | Normal operation - risk is low
[DatabaseLogger] ✅ Logged LOG for FLOW-0004 (risk=27.571416784703302%, email_sent=None, webhook_sent=None, rate_limit_ip=None, rate_limit_applied=None)
[Pipeline] FLOW-0005 risk=71.2% -> Tier 2 (ALERT)

[Executor] Executing ALERT for FLOW-0005...
    Email error: [SSL: UNEXPECTED_EOF_WHILE_READING] EOF occurred in violation of protocol (_ssl.c:1033)
  ✉️  EMAIL: Failed
    Webhook error: HTTPConnectionPool(host='localhost', port=8888): Max retries exceeded with url: /webhook (Caused by NewConnectionError("HTTPConnection(host='localhost', port=8888): Failed to establish a new connection: [Errno 111] Connection refused"))
  🔔 WEBHOOK: Failed
  📢 ALERT: FLOW-0005 risk=71.2%
     Description: Medium risk detected - operator notification sent
[DatabaseLogger] ✅ Logged ALERT for FLOW-0005 (risk=71.16424458134505%, email_sent=False, webhook_sent=False, rate_limit_ip=None, rate_limit_applied=None)
[DatabaseLogger] ✅ Alert 62f1eea7-97eb-4d70-b56c-a5c541adcfbd created for FLOW-0005 (tier 2)
[Pipeline] FLOW-0001 risk=75.2% -> Tier 2 (ALERT)

[Executor] Executing ALERT for FLOW-0001...
    Email error: Connection unexpectedly closed: timed out
  ✉️  EMAIL: Failed
    Webhook error: HTTPConnectionPool(host='localhost', port=8888): Max retries exceeded with url: /webhook (Caused by NewConnectionError("HTTPConnection(host='localhost', port=8888): Failed to establish a new connection: [Errno 111] Connection refused"))
  🔔 WEBHOOK: Failed
  📢 ALERT: FLOW-0001 risk=75.2%
     Description: Medium risk detected - operator notification sent
[DatabaseLogger] ✅ Logged ALERT for FLOW-0001 (risk=75.18910116714707%, email_sent=False, webhook_sent=False, rate_limit_ip=None, rate_limit_applied=None)
[DatabaseLogger] ✅ Alert 10513ea2-5bfd-4010-afb0-758161ca516e created for FLOW-0001 (tier 2)
[Pipeline] FLOW-0002 risk=63.2% -> Tier 2 (ALERT)

[Executor] Executing ALERT for FLOW-0002...
    Email error: _ssl.c:1016: The handshake operation timed out
  ✉️  EMAIL: Failed
    Webhook error: HTTPConnectionPool(host='localhost', port=8888): Max retries exceeded with url: /webhook (Caused by NewConnectionError("HTTPConnection(host='localhost', port=8888): Failed to establish a new connection: [Errno 111] Connection refused"))
  🔔 WEBHOOK: Failed
  📢 ALERT: FLOW-0002 risk=63.2%
     Description: Medium risk detected - operator notification sent
[DatabaseLogger] ✅ Logged ALERT for FLOW-0002 (risk=63.175158085045766%, email_sent=False, webhook_sent=False, rate_limit_ip=None, rate_limit_applied=None)
[DatabaseLogger] ✅ Alert 8db8d3ca-dc35-41e8-92d4-6f37f888bc1e created for FLOW-0002 (tier 2)
[Pipeline] FLOW-0003 risk=52.7% -> Tier 1 (LOG)

[Executor] Executing LOG for FLOW-0003...
  ✅ LOG: FLOW-0003 risk=52.73624507196779% | Normal operation - risk is low
[DatabaseLogger] ✅ Logged LOG for FLOW-0003 (risk=52.73624507196779%, email_sent=None, webhook_sent=None, rate_limit_ip=None, rate_limit_applied=None)
[Pipeline] FLOW-0004 risk=93.8% -> Tier 3 (RATE_LIMIT)

[Executor] Executing RATE_LIMIT for FLOW-0004...
  ⏱️  RATE_LIMIT (simulation): Would limit FLOW-0004 to 10/min
[DatabaseLogger] ✅ Logged RATE_LIMIT for FLOW-0004 (risk=93.75713169431782%, email_sent=None, webhook_sent=None, rate_limit_ip=None, rate_limit_applied=False)
[DatabaseLogger] ✅ Alert 0b714c8d-4378-455c-9b8d-9a9aa5612b29 created for FLOW-0004 (tier 3)
[Pipeline] FLOW-0005 risk=94.1% -> Tier 3 (RATE_LIMIT)

[Executor] Executing RATE_LIMIT for FLOW-0005...
  ⏱️  RATE_LIMIT (simulation): Would limit FLOW-0005 to 10/min
[DatabaseLogger] ✅ Logged RATE_LIMIT for FLOW-0005 (risk=94.11893445048626%, email_sent=None, webhook_sent=None, rate_limit_ip=None, rate_limit_applied=False)
[DatabaseLogger] ✅ Alert 58364b05-6f79-4152-b80a-e22183da04ea created for FLOW-0005 (tier 3)
[Pipeline] FLOW-0001 risk=74.4% -> Tier 2 (ALERT)

[Executor] Executing ALERT for FLOW-0001...
    Email error: [Errno 104] Connection reset by peer
  ✉️  EMAIL: Failed
    Webhook error: HTTPConnectionPool(host='localhost', port=8888): Max retries exceeded with url: /webhook (Caused by NewConnectionError("HTTPConnection(host='localhost', port=8888): Failed to establish a new connection: [Errno 111] Connection refused"))
  🔔 WEBHOOK: Failed
  📢 ALERT: FLOW-0001 risk=74.4%
     Description: Medium risk detected - operator notification sent
[DatabaseLogger] ✅ Logged ALERT for FLOW-0001 (risk=74.4014982124205%, email_sent=False, webhook_sent=False, rate_limit_ip=None, rate_limit_applied=None)
[DatabaseLogger] ✅ Alert 482e2181-3fff-4fdc-a7fa-fb6067a576b4 created for FLOW-0001 (tier 2)
[Pipeline] FLOW-0002 risk=73.3% -> Tier 2 (ALERT)

[Executor] Executing ALERT for FLOW-0002...
    Email error: (535, b'5.7.8 Username and Password not accepted. For more information, go to\n5.7.8  https://support.google.com/mail/?p=BadCredentials ffacd0b85a97d-482fbb20784sm15146167f8f.18 - gsmtp')
  ✉️  EMAIL: Failed
    Webhook error: HTTPConnectionPool(host='localhost', port=8888): Max retries exceeded with url: /webhook (Caused by NewConnectionError("HTTPConnection(host='localhost', port=8888): Failed to establish a new connection: [Errno 111] Connection refused"))
  🔔 WEBHOOK: Failed
  📢 ALERT: FLOW-0002 risk=73.3%
     Description: Medium risk detected - operator notification sent
[DatabaseLogger] ✅ Logged ALERT for FLOW-0002 (risk=73.31380208974196%, email_sent=False, webhook_sent=False, rate_limit_ip=None, rate_limit_applied=None)
[DatabaseLogger] ✅ Alert eb9e2be3-7b53-4c94-aa59-28990e4e2230 created for FLOW-0002 (tier 2)
[Pipeline] FLOW-0003 risk=80.8% -> Tier 3 (RATE_LIMIT)

[Executor] Executing RATE_LIMIT for FLOW-0003...
  ⏱️  RATE_LIMIT (simulation): Would limit FLOW-0003 to 10/min
[DatabaseLogger] ✅ Logged RATE_LIMIT for FLOW-0003 (risk=80.81524530569439%, email_sent=None, webhook_sent=None, rate_limit_ip=None, rate_limit_applied=False)
[DatabaseLogger] ✅ Alert 7810b49d-3d3b-45b3-bdff-885bfc4a76e6 created for FLOW-0003 (tier 3)
[Pipeline] FLOW-0004 risk=34.2% -> Tier 1 (LOG)

[Executor] Executing LOG for FLOW-0004...
  ✅ LOG: FLOW-0004 risk=34.19550320679722% | Normal operation - risk is low
[DatabaseLogger] ✅ Logged LOG for FLOW-0004 (risk=34.19550320679722%, email_sent=None, webhook_sent=None, rate_limit_ip=None, rate_limit_applied=None)
[Pipeline] FLOW-0005 risk=13.8% -> Tier 1 (LOG)INFO:redis_state_manager:✅ Updated state: FLOW-0005 → LOG (risk=13.8%)
INFO:redis_state_manager:✅ Updated state: FLOW-0001 → ALERT (risk=74.9%)
INFO:redis_state_manager:✅ Updated state: FLOW-0002 → FULL_ISOLATION (risk=98.8%)
INFO:redis_state_manager:🔒 Marked isolated: FLOW-0002
INFO:redis_state_manager:✅ Updated state: FLOW-0003 → LOG (risk=22.3%)
INFO:redis_state_manager:✅ Updated state: FLOW-0004 → LOG (risk=58.2%)
INFO:redis_state_manager:✅ Updated state: FLOW-0005 → ALERT (risk=66.1%)
INFO:redis_state_manager:✅ Updated state: FLOW-0001 → LOG (risk=14.8%)
INFO:redis_state_manager:✅ Updated state: FLOW-0002 → ALERT (risk=68.4%)
INFO:redis_state_manager:✅ Updated state: FLOW-0003 → LOG (risk=46.6%)
INFO:redis_state_manager:✅ Updated state: FLOW-0004 → LOG (risk=33.8%)
INFO:redis_state_manager:✅ Updated state: FLOW-0005 → ALERT (risk=67.4%)
INFO:redis_state_manager:✅ Updated state: FLOW-0001 → FULL_ISOLATION (risk=96.9%)
INFO:redis_state_manager:🔒 Marked isolated: FLOW-0001
INFO:redis_state_manager:✅ Updated state: FLOW-0002 → LOG (risk=5.1%)
INFO:redis_state_manager:✅ Updated state: FLOW-0003 → FULL_ISOLATION (risk=97.3%)
INFO:redis_state_manager:🔒 Marked isolated: FLOW-0003
INFO:redis_state_manager:✅ Updated state: FLOW-0004 → LOG (risk=41.6%)


[Executor] Executing LOG for FLOW-0005...
  ✅ LOG: FLOW-0005 risk=13.842035071340257% | Normal operation - risk is low
[DatabaseLogger] ✅ Logged LOG for FLOW-0005 (risk=13.842035071340257%, email_sent=None, webhook_sent=None, rate_limit_ip=None, rate_limit_applied=None)
[Pipeline] FLOW-0001 risk=74.9% -> Tier 2 (ALERT)

[Executor] Executing ALERT for FLOW-0001...
    Email error: (535, b'5.7.8 Username and Password not accepted. For more information, go to\n5.7.8  https://support.google.com/mail/?p=BadCredentials 5b1f17b1804b1-49b4c3211e1sm255330685e9.9 - gsmtp')
  ✉️  EMAIL: Failed
    Webhook error: HTTPConnectionPool(host='localhost', port=8888): Max retries exceeded with url: /webhook (Caused by NewConnectionError("HTTPConnection(host='localhost', port=8888): Failed to establish a new connection: [Errno 111] Connection refused"))
  🔔 WEBHOOK: Failed
  📢 ALERT: FLOW-0001 risk=74.9%
     Description: Medium risk detected - operator notification sent
[DatabaseLogger] ✅ Logged ALERT for FLOW-0001 (risk=74.92997436992366%, email_sent=False, webhook_sent=False, rate_limit_ip=None, rate_limit_applied=None)
[DatabaseLogger] ✅ Alert 41d29df5-95dc-4057-b2ea-0f2ad5b8c705 created for FLOW-0001 (tier 2)
[Pipeline] FLOW-0002 risk=98.8% -> Tier 4 (FULL_ISOLATION)

[Executor] Executing FULL_ISOLATION for FLOW-0002...
  🔒 FULL_ISOLATION: Triggering Module 4 for FLOW-0002...
    (Would POST to Module 4 API to isolate FLOW-0002)
     ✅ Module 4 isolation triggered
[DatabaseLogger] ✅ Logged FULL_ISOLATION for FLOW-0002 (risk=98.77025781212728%, email_sent=None, webhook_sent=None, rate_limit_ip=None, rate_limit_applied=None)
[DatabaseLogger] ✅ Alert 9907b000-dd1a-4f6b-a7d1-cb915c492c40 created for FLOW-0002 (tier 4)
[DatabaseLogger] ✅ Set FLOW-0002 state to QUARANTINE
[Pipeline] Marked FLOW-0002 as isolated
[Pipeline] FLOW-0003 risk=22.3% -> Tier 1 (LOG)

[Executor] Executing LOG for FLOW-0003...
  ✅ LOG: FLOW-0003 risk=22.34363346074021% | Normal operation - risk is low
[DatabaseLogger] ✅ Logged LOG for FLOW-0003 (risk=22.34363346074021%, email_sent=None, webhook_sent=None, rate_limit_ip=None, rate_limit_applied=None)
[Pipeline] FLOW-0004 risk=58.2% -> Tier 1 (LOG)

[Executor] Executing LOG for FLOW-0004...
  ✅ LOG: FLOW-0004 risk=58.1971884517279% | Normal operation - risk is low
[DatabaseLogger] ✅ Logged LOG for FLOW-0004 (risk=58.1971884517279%, email_sent=None, webhook_sent=None, rate_limit_ip=None, rate_limit_applied=None)
[Pipeline] FLOW-0005 risk=66.1% -> Tier 2 (ALERT)

[Executor] Executing ALERT for FLOW-0005...
    Email error: Connection unexpectedly closed: timed out
  ✉️  EMAIL: Failed
    Webhook error: HTTPConnectionPool(host='localhost', port=8888): Max retries exceeded with url: /webhook (Caused by NewConnectionError("HTTPConnection(host='localhost', port=8888): Failed to establish a new connection: [Errno 111] Connection refused"))
  🔔 WEBHOOK: Failed
  📢 ALERT: FLOW-0005 risk=66.1%
     Description: Medium risk detected - operator notification sent
[DatabaseLogger] ✅ Logged ALERT for FLOW-0005 (risk=66.14734226961869%, email_sent=False, webhook_sent=False, rate_limit_ip=None, rate_limit_applied=None)
[DatabaseLogger] ✅ Alert cf0ebff8-5758-4e38-b94e-e5ed4bd95fb3 created for FLOW-0005 (tier 2)
[Pipeline] FLOW-0001 risk=14.8% -> Tier 1 (LOG)

[Executor] Executing LOG for FLOW-0001...
  ✅ LOG: FLOW-0001 risk=14.79920469065017% | Normal operation - risk is low
[DatabaseLogger] ✅ Logged LOG for FLOW-0001 (risk=14.79920469065017%, email_sent=None, webhook_sent=None, rate_limit_ip=None, rate_limit_applied=None)
[Pipeline] FLOW-0002 risk=68.4% -> Tier 2 (ALERT)

[Executor] Executing ALERT for FLOW-0002...
    Email error: (535, b'5.7.8 Username and Password not accepted. For more information, go to\n5.7.8  https://support.google.com/mail/?p=BadCredentials 5b1f17b1804b1-49b4c321184sm325296965e9.11 - gsmtp')
  ✉️  EMAIL: Failed
    Webhook error: HTTPConnectionPool(host='localhost', port=8888): Max retries exceeded with url: /webhook (Caused by NewConnectionError("HTTPConnection(host='localhost', port=8888): Failed to establish a new connection: [Errno 111] Connection refused"))
  🔔 WEBHOOK: Failed
  📢 ALERT: FLOW-0002 risk=68.4%
     Description: Medium risk detected - operator notification sent
[DatabaseLogger] ✅ Logged ALERT for FLOW-0002 (risk=68.42740470777377%, email_sent=False, webhook_sent=False, rate_limit_ip=None, rate_limit_applied=None)
[DatabaseLogger] ✅ Alert a5d1ee2e-e71d-4852-be78-9e6d252a0d1b created for FLOW-0002 (tier 2)
[Pipeline] FLOW-0003 risk=46.6% -> Tier 1 (LOG)

[Executor] Executing LOG for FLOW-0003...
  ✅ LOG: FLOW-0003 risk=46.57350212046284% | Normal operation - risk is low
[DatabaseLogger] ✅ Logged LOG for FLOW-0003 (risk=46.57350212046284%, email_sent=None, webhook_sent=None, rate_limit_ip=None, rate_limit_applied=None)
[Pipeline] FLOW-0004 risk=33.8% -> Tier 1 (LOG)

[Executor] Executing LOG for FLOW-0004...
  ✅ LOG: FLOW-0004 risk=33.824709909679285% | Normal operation - risk is low
[DatabaseLogger] ✅ Logged LOG for FLOW-0004 (risk=33.824709909679285%, email_sent=None, webhook_sent=None, rate_limit_ip=None, rate_limit_applied=None)
[Pipeline] FLOW-0005 risk=67.4% -> Tier 2 (ALERT)

[Executor] Executing ALERT for FLOW-0005...
    Email error: [SSL: UNEXPECTED_EOF_WHILE_READING] EOF occurred in violation of protocol (_ssl.c:1033)
  ✉️  EMAIL: Failed
    Webhook error: HTTPConnectionPool(host='localhost', port=8888): Max retries exceeded with url: /webhook (Caused by NewConnectionError("HTTPConnection(host='localhost', port=8888): Failed to establish a new connection: [Errno 111] Connection refused"))
  🔔 WEBHOOK: Failed
  📢 ALERT: FLOW-0005 risk=67.4%
     Description: Medium risk detected - operator notification sent
[DatabaseLogger] ✅ Logged ALERT for FLOW-0005 (risk=67.43239776121766%, email_sent=False, webhook_sent=False, rate_limit_ip=None, rate_limit_applied=None)
[DatabaseLogger] ✅ Alert 5d6eb965-ffad-454c-9ae9-bfcb413d596c created for FLOW-0005 (tier 2)
[Pipeline] FLOW-0001 risk=96.9% -> Tier 4 (FULL_ISOLATION)

[Executor] Executing FULL_ISOLATION for FLOW-0001...
  🔒 FULL_ISOLATION: Triggering Module 4 for FLOW-0001...
    (Would POST to Module 4 API to isolate FLOW-0001)
     ✅ Module 4 isolation triggered
[DatabaseLogger] ✅ Logged FULL_ISOLATION for FLOW-0001 (risk=96.91676061692401%, email_sent=None, webhook_sent=None, rate_limit_ip=None, rate_limit_applied=None)
[DatabaseLogger] ✅ Alert 73e9c486-0514-4996-a9c6-dc0228688685 created for FLOW-0001 (tier 4)
[DatabaseLogger] ✅ Set FLOW-0001 state to QUARANTINE
[Pipeline] Marked FLOW-0001 as isolated
[Pipeline] FLOW-0002 risk=5.1% -> Tier 1 (LOG)

[Executor] Executing LOG for FLOW-0002...
  ✅ LOG: FLOW-0002 risk=5.068600880358312% | Normal operation - risk is low
[DatabaseLogger] ✅ Logged LOG for FLOW-0002 (risk=5.068600880358312%, email_sent=None, webhook_sent=None, rate_limit_ip=None, rate_limit_applied=None)
[Pipeline] FLOW-0003 risk=97.3% -> Tier 4 (FULL_ISOLATION)

[Executor] Executing FULL_ISOLATION for FLOW-0003...
  🔒 FULL_ISOLATION: Triggering Module 4 for FLOW-0003...
    (Would POST to Module 4 API to isolate FLOW-0003)
     ✅ Module 4 isolation triggered
[DatabaseLogger] ✅ Logged FULL_ISOLATION for FLOW-0003 (risk=97.2577557828014%, email_sent=None, webhook_sent=None, rate_limit_ip=None, rate_limit_applied=None)
[DatabaseLogger] ✅ Alert ce342e50-ea3a-4be8-9ca9-e973bb6ec764 created for FLOW-0003 (tier 4)
[DatabaseLogger] ✅ Set FLOW-0003 state to QUARANTINE
[Pipeline] Marked FLOW-0003 as isolated
[Pipeline] FLOW-0004 risk=41.6% -> Tier 1 (LOG)

[Executor] Executing LOG for FLOW-0004...
  ✅ LOG: FLOW-0004 risk=41.62242297318963% | Normal operation - risk is low
[DatabaseLogger] ✅ Logged LOG for FLOW-0004 (risk=41.62242297318963%, email_sent=None, webhook_sent=None, rate_limit_ip=None, rate_limit_applied=None)
[Pipeline] FLOW-0005 risk=62.4% -> Tier 2 (ALERT)

[Executor] Executing ALERT for FLOW-0005...
    Email error: (535, b'5.7.8 Username and Password not accepted. For more information, go to\n5.7.8  https://support.google.com/mail/?p=BadCredentials ffacd0b85a97d-48436e2af3asm3709556f8f.12 - gsmtp')INFO:redis_state_manager:✅ Updated state: FLOW-0005 → ALERT (risk=62.4%)
INFO:redis_state_manager:✅ Updated state: FLOW-0001 → ALERT (risk=75.4%)
INFO:redis_state_manager:✅ Updated state: FLOW-0002 → RATE_LIMIT (risk=84.2%)
INFO:redis_state_manager:✅ Updated state: FLOW-0003 → ALERT (risk=64.2%)
INFO:redis_state_manager:✅ Updated state: FLOW-0004 → LOG (risk=16.5%)
INFO:redis_state_manager:✅ Updated state: FLOW-0005 → FULL_ISOLATION (risk=95.9%)
INFO:redis_state_manager:🔒 Marked isolated: FLOW-0005
INFO:redis_state_manager:✅ Updated state: FLOW-0001 → RATE_LIMIT (risk=87.5%)
INFO:redis_state_manager:✅ Updated state: FLOW-0002 → LOG (risk=33.8%)
INFO:redis_state_manager:✅ Updated state: FLOW-0003 → LOG (risk=55.8%)
INFO:redis_state_manager:✅ Updated state: FLOW-0004 → LOG (risk=56.0%)
INFO:redis_state_manager:✅ Updated state: FLOW-0005 → LOG (risk=54.5%)
INFO:redis_state_manager:✅ Updated state: FLOW-0001 → ALERT (risk=70.6%)
INFO:redis_state_manager:✅ Updated state: FLOW-0002 → ALERT (risk=79.6%)
INFO:redis_state_manager:✅ Updated state: FLOW-0003 → LOG (risk=19.2%)
INFO:redis_state_manager:✅ Updated state: FLOW-0004 → LOG (risk=55.1%)

  ✉️  EMAIL: Failed
    Webhook error: HTTPConnectionPool(host='localhost', port=8888): Max retries exceeded with url: /webhook (Caused by NewConnectionError("HTTPConnection(host='localhost', port=8888): Failed to establish a new connection: [Errno 111] Connection refused"))
  🔔 WEBHOOK: Failed
  📢 ALERT: FLOW-0005 risk=62.4%
     Description: Medium risk detected - operator notification sent
[DatabaseLogger] ✅ Logged ALERT for FLOW-0005 (risk=62.447226004844836%, email_sent=False, webhook_sent=False, rate_limit_ip=None, rate_limit_applied=None)
[DatabaseLogger] ✅ Alert ed6f376e-da95-48d9-ad52-c763fa59d28f created for FLOW-0005 (tier 2)
[Pipeline] FLOW-0001 risk=75.4% -> Tier 2 (ALERT)

[Executor] Executing ALERT for FLOW-0001...
    Email error: [Errno 111] Connection refused
  ✉️  EMAIL: Failed
    Webhook error: HTTPConnectionPool(host='localhost', port=8888): Max retries exceeded with url: /webhook (Caused by NewConnectionError("HTTPConnection(host='localhost', port=8888): Failed to establish a new connection: [Errno 111] Connection refused"))
  🔔 WEBHOOK: Failed
  📢 ALERT: FLOW-0001 risk=75.4%
     Description: Medium risk detected - operator notification sent
[DatabaseLogger] ✅ Logged ALERT for FLOW-0001 (risk=75.36527033075524%, email_sent=False, webhook_sent=False, rate_limit_ip=None, rate_limit_applied=None)
[DatabaseLogger] ✅ Alert 51831e0e-f41f-440e-bb9c-b89e1ef2da05 created for FLOW-0001 (tier 2)
[Pipeline] FLOW-0002 risk=84.2% -> Tier 3 (RATE_LIMIT)

[Executor] Executing RATE_LIMIT for FLOW-0002...
  ⏱️  RATE_LIMIT (simulation): Would limit FLOW-0002 to 10/min
[DatabaseLogger] ✅ Logged RATE_LIMIT for FLOW-0002 (risk=84.22825155919747%, email_sent=None, webhook_sent=None, rate_limit_ip=None, rate_limit_applied=False)
[DatabaseLogger] ✅ Alert 545b0833-e672-4db7-8d45-73bdf1aa6944 created for FLOW-0002 (tier 3)
[Pipeline] FLOW-0003 risk=64.2% -> Tier 2 (ALERT)

[Executor] Executing ALERT for FLOW-0003...
    Email error: (535, b'5.7.8 Username and Password not accepted. For more information, go to\n5.7.8  https://support.google.com/mail/?p=BadCredentials 5b1f17b1804b1-49ccae954f9sm122024645e9.13 - gsmtp')
  ✉️  EMAIL: Failed
    Webhook error: HTTPConnectionPool(host='localhost', port=8888): Max retries exceeded with url: /webhook (Caused by NewConnectionError("HTTPConnection(host='localhost', port=8888): Failed to establish a new connection: [Errno 111] Connection refused"))
  🔔 WEBHOOK: Failed
  📢 ALERT: FLOW-0003 risk=64.2%
     Description: Medium risk detected - operator notification sent
[DatabaseLogger] ✅ Logged ALERT for FLOW-0003 (risk=64.21927587932586%, email_sent=False, webhook_sent=False, rate_limit_ip=None, rate_limit_applied=None)
[DatabaseLogger] ✅ Alert 701e1ac8-543d-4dd0-8600-bf308d328c85 created for FLOW-0003 (tier 2)
[Pipeline] FLOW-0004 risk=16.5% -> Tier 1 (LOG)

[Executor] Executing LOG for FLOW-0004...
  ✅ LOG: FLOW-0004 risk=16.544561714792994% | Normal operation - risk is low
[DatabaseLogger] ✅ Logged LOG for FLOW-0004 (risk=16.544561714792994%, email_sent=None, webhook_sent=None, rate_limit_ip=None, rate_limit_applied=None)
[Pipeline] FLOW-0005 risk=95.9% -> Tier 4 (FULL_ISOLATION)

[Executor] Executing FULL_ISOLATION for FLOW-0005...
  🔒 FULL_ISOLATION: Triggering Module 4 for FLOW-0005...
    (Would POST to Module 4 API to isolate FLOW-0005)
     ✅ Module 4 isolation triggered
[DatabaseLogger] ✅ Logged FULL_ISOLATION for FLOW-0005 (risk=95.93725121109874%, email_sent=None, webhook_sent=None, rate_limit_ip=None, rate_limit_applied=None)
[DatabaseLogger] ✅ Alert 287017ed-8155-4af9-9146-1639162d6de4 created for FLOW-0005 (tier 4)
[DatabaseLogger] ✅ Set FLOW-0005 state to QUARANTINE
[Pipeline] Marked FLOW-0005 as isolated
[Pipeline] FLOW-0001 risk=87.5% -> Tier 3 (RATE_LIMIT)

[Executor] Executing RATE_LIMIT for FLOW-0001...
  ⏱️  RATE_LIMIT (simulation): Would limit FLOW-0001 to 10/min
[DatabaseLogger] ✅ Logged RATE_LIMIT for FLOW-0001 (risk=87.51340687375891%, email_sent=None, webhook_sent=None, rate_limit_ip=None, rate_limit_applied=False)
[DatabaseLogger] ✅ Alert e04699d5-305e-42f8-8942-1467589a9915 created for FLOW-0001 (tier 3)
[Pipeline] FLOW-0002 risk=33.8% -> Tier 1 (LOG)

[Executor] Executing LOG for FLOW-0002...
  ✅ LOG: FLOW-0002 risk=33.845145117225805% | Normal operation - risk is low
[DatabaseLogger] ✅ Logged LOG for FLOW-0002 (risk=33.845145117225805%, email_sent=None, webhook_sent=None, rate_limit_ip=None, rate_limit_applied=None)
[Pipeline] FLOW-0003 risk=55.8% -> Tier 1 (LOG)

[Executor] Executing LOG for FLOW-0003...
  ✅ LOG: FLOW-0003 risk=55.764374366411964% | Normal operation - risk is low
[DatabaseLogger] ✅ Logged LOG for FLOW-0003 (risk=55.764374366411964%, email_sent=None, webhook_sent=None, rate_limit_ip=None, rate_limit_applied=None)
[Pipeline] FLOW-0004 risk=56.0% -> Tier 1 (LOG)

[Executor] Executing LOG for FLOW-0004...
  ✅ LOG: FLOW-0004 risk=56.00772073875298% | Normal operation - risk is low
[DatabaseLogger] ✅ Logged LOG for FLOW-0004 (risk=56.00772073875298%, email_sent=None, webhook_sent=None, rate_limit_ip=None, rate_limit_applied=None)
[Pipeline] FLOW-0005 risk=54.5% -> Tier 1 (LOG)

[Executor] Executing LOG for FLOW-0005...
  ✅ LOG: FLOW-0005 risk=54.4688434038799% | Normal operation - risk is low
[DatabaseLogger] ✅ Logged LOG for FLOW-0005 (risk=54.4688434038799%, email_sent=None, webhook_sent=None, rate_limit_ip=None, rate_limit_applied=None)
[Pipeline] FLOW-0001 risk=70.6% -> Tier 2 (ALERT)

[Executor] Executing ALERT for FLOW-0001...
    Email error: (535, b'5.7.8 Username and Password not accepted. For more information, go to\n5.7.8  https://support.google.com/mail/?p=BadCredentials 5b1f17b1804b1-49cd2922ebdsm50886165e9.3 - gsmtp')
  ✉️  EMAIL: Failed
    Webhook error: HTTPConnectionPool(host='localhost', port=8888): Max retries exceeded with url: /webhook (Caused by NewConnectionError("HTTPConnection(host='localhost', port=8888): Failed to establish a new connection: [Errno 111] Connection refused"))
  🔔 WEBHOOK: Failed
  📢 ALERT: FLOW-0001 risk=70.6%
     Description: Medium risk detected - operator notification sent
[DatabaseLogger] ✅ Logged ALERT for FLOW-0001 (risk=70.59179357502983%, email_sent=False, webhook_sent=False, rate_limit_ip=None, rate_limit_applied=None)
[DatabaseLogger] ✅ Alert 32a118fb-86fa-46dd-95a9-8700d21e1bbb created for FLOW-0001 (tier 2)
[Pipeline] FLOW-0002 risk=79.6% -> Tier 2 (ALERT)

[Executor] Executing ALERT for FLOW-0002...
    Email error: (535, b'5.7.8 Username and Password not accepted. For more information, go to\n5.7.8  https://support.google.com/mail/?p=BadCredentials ffacd0b85a97d-482fbb33d58sm12763227f8f.35 - gsmtp')
  ✉️  EMAIL: Failed
    Webhook error: HTTPConnectionPool(host='localhost', port=8888): Max retries exceeded with url: /webhook (Caused by NewConnectionError("HTTPConnection(host='localhost', port=8888): Failed to establish a new connection: [Errno 111] Connection refused"))
  🔔 WEBHOOK: Failed
  📢 ALERT: FLOW-0002 risk=79.6%
     Description: Medium risk detected - operator notification sent
[DatabaseLogger] ✅ Logged ALERT for FLOW-0002 (risk=79.55148667240528%, email_sent=False, webhook_sent=False, rate_limit_ip=None, rate_limit_applied=None)
[DatabaseLogger] ✅ Alert 773925ce-0140-4a65-a0de-6291a1c8593d created for FLOW-0002 (tier 2)
[Pipeline] FLOW-0003 risk=19.2% -> Tier 1 (LOG)

[Executor] Executing LOG for FLOW-0003...
  ✅ LOG: FLOW-0003 risk=19.179771792517066% | Normal operation - risk is low
[DatabaseLogger] ✅ Logged LOG for FLOW-0003 (risk=19.179771792517066%, email_sent=None, webhook_sent=None, rate_limit_ip=None, rate_limit_applied=None)
[Pipeline] FLOW-0004 risk=55.1% -> Tier 1 (LOG)

[Executor] Executing LOG for FLOW-0004...
  ✅ LOG: FLOW-0004 risk=55.12389516393538% | Normal operation - risk is low
[DatabaseLogger] ✅ Logged LOG for FLOW-0004 (risk=55.12389516393538%, email_sent=None, webhook_sent=None, rate_limit_ip=None, rate_limit_applied=None)
[Pipeline] FLOW-0005 risk=87.0% -> Tier 3 (RATE_LIMIT)

[Executor] Executing RATE_LIMIT for FLOW-0005...
  ⏱️  RATE_LIMIT (simulation): Would limit FLOW-0005 to 10/minINFO:redis_state_manager:✅ Updated state: FLOW-0005 → RATE_LIMIT (risk=87.0%)
INFO:redis_state_manager:✅ Updated state: FLOW-0001 → LOG (risk=59.9%)
INFO:redis_state_manager:✅ Updated state: FLOW-0002 → LOG (risk=40.2%)
INFO:redis_state_manager:✅ Updated state: FLOW-0003 → ALERT (risk=72.1%)
INFO:redis_state_manager:✅ Updated state: FLOW-0004 → RATE_LIMIT (risk=93.0%)
INFO:redis_state_manager:✅ Updated state: FLOW-0005 → LOG (risk=47.8%)
INFO:redis_state_manager:✅ Updated state: FLOW-0001 → RATE_LIMIT (risk=90.3%)
INFO:redis_state_manager:✅ Updated state: FLOW-0002 → FULL_ISOLATION (risk=97.4%)
INFO:redis_state_manager:🔒 Marked isolated: FLOW-0002
INFO:redis_state_manager:✅ Updated state: FLOW-0003 → LOG (risk=14.0%)
INFO:redis_state_manager:✅ Updated state: FLOW-0004 → RATE_LIMIT (risk=89.5%)
INFO:redis_state_manager:✅ Updated state: FLOW-0005 → LOG (risk=15.8%)
INFO:redis_state_manager:✅ Updated state: FLOW-0001 → ALERT (risk=67.6%)
INFO:redis_state_manager:✅ Updated state: FLOW-0002 → LOG (risk=25.2%)
INFO:redis_state_manager:✅ Updated state: FLOW-0003 → ALERT (risk=66.1%)
INFO:redis_state_manager:✅ Updated state: FLOW-0004 → LOG (risk=57.8%)
INFO:redis_state_manager:✅ Updated state: FLOW-0005 → LOG (risk=10.6%)

[DatabaseLogger] ✅ Logged RATE_LIMIT for FLOW-0005 (risk=87.0204114190757%, email_sent=None, webhook_sent=None, rate_limit_ip=None, rate_limit_applied=False)
[DatabaseLogger] ✅ Alert 5c551352-dd5e-48c3-be50-df9ca71cec1f created for FLOW-0005 (tier 3)
[Pipeline] FLOW-0001 risk=59.9% -> Tier 1 (LOG)

[Executor] Executing LOG for FLOW-0001...
  ✅ LOG: FLOW-0001 risk=59.869427206533004% | Normal operation - risk is low
[DatabaseLogger] ✅ Logged LOG for FLOW-0001 (risk=59.869427206533004%, email_sent=None, webhook_sent=None, rate_limit_ip=None, rate_limit_applied=None)
[Pipeline] FLOW-0002 risk=40.2% -> Tier 1 (LOG)

[Executor] Executing LOG for FLOW-0002...
  ✅ LOG: FLOW-0002 risk=40.16905012502527% | Normal operation - risk is low
[DatabaseLogger] ✅ Logged LOG for FLOW-0002 (risk=40.16905012502527%, email_sent=None, webhook_sent=None, rate_limit_ip=None, rate_limit_applied=None)
[Pipeline] FLOW-0003 risk=72.1% -> Tier 2 (ALERT)

[Executor] Executing ALERT for FLOW-0003...
    Email error: (535, b'5.7.8 Username and Password not accepted. For more information, go to\n5.7.8  https://support.google.com/mail/?p=BadCredentials ffacd0b85a97d-482fbac4f9esm12787551f8f.11 - gsmtp')
  ✉️  EMAIL: Failed
    Webhook error: HTTPConnectionPool(host='localhost', port=8888): Max retries exceeded with url: /webhook (Caused by NewConnectionError("HTTPConnection(host='localhost', port=8888): Failed to establish a new connection: [Errno 111] Connection refused"))
  🔔 WEBHOOK: Failed
  📢 ALERT: FLOW-0003 risk=72.1%
     Description: Medium risk detected - operator notification sent
[DatabaseLogger] ✅ Logged ALERT for FLOW-0003 (risk=72.10707225576152%, email_sent=False, webhook_sent=False, rate_limit_ip=None, rate_limit_applied=None)
[DatabaseLogger] ✅ Alert df433bf3-7cd3-43b0-abb0-aa7de37293b0 created for FLOW-0003 (tier 2)
[Pipeline] FLOW-0004 risk=93.0% -> Tier 3 (RATE_LIMIT)

[Executor] Executing RATE_LIMIT for FLOW-0004...
  ⏱️  RATE_LIMIT (simulation): Would limit FLOW-0004 to 10/min
[DatabaseLogger] ✅ Logged RATE_LIMIT for FLOW-0004 (risk=92.99501586501393%, email_sent=None, webhook_sent=None, rate_limit_ip=None, rate_limit_applied=False)
[DatabaseLogger] ✅ Alert 9131d6b5-e04e-479c-8795-a528bb74bb34 created for FLOW-0004 (tier 3)
[Pipeline] FLOW-0005 risk=47.8% -> Tier 1 (LOG)

[Executor] Executing LOG for FLOW-0005...
  ✅ LOG: FLOW-0005 risk=47.762208666154834% | Normal operation - risk is low
[DatabaseLogger] ✅ Logged LOG for FLOW-0005 (risk=47.762208666154834%, email_sent=None, webhook_sent=None, rate_limit_ip=None, rate_limit_applied=None)
[Pipeline] FLOW-0001 risk=90.3% -> Tier 3 (RATE_LIMIT)

[Executor] Executing RATE_LIMIT for FLOW-0001...
  ⏱️  RATE_LIMIT (simulation): Would limit FLOW-0001 to 10/min
[DatabaseLogger] ✅ Logged RATE_LIMIT for FLOW-0001 (risk=90.27884393765362%, email_sent=None, webhook_sent=None, rate_limit_ip=None, rate_limit_applied=False)
[DatabaseLogger] ✅ Alert 391c8f7d-55e0-4b47-a750-e5545ff2bf4a created for FLOW-0001 (tier 3)
[Pipeline] FLOW-0002 risk=97.4% -> Tier 4 (FULL_ISOLATION)

[Executor] Executing FULL_ISOLATION for FLOW-0002...
  🔒 FULL_ISOLATION: Triggering Module 4 for FLOW-0002...
    (Would POST to Module 4 API to isolate FLOW-0002)
     ✅ Module 4 isolation triggered
[DatabaseLogger] ✅ Logged FULL_ISOLATION for FLOW-0002 (risk=97.35581725496716%, email_sent=None, webhook_sent=None, rate_limit_ip=None, rate_limit_applied=None)
[DatabaseLogger] ✅ Alert 2a8a6dbd-3a0a-4b62-8f5f-540c0cff0d01 created for FLOW-0002 (tier 4)
[DatabaseLogger] ✅ Set FLOW-0002 state to QUARANTINE
[Pipeline] Marked FLOW-0002 as isolated
[Pipeline] FLOW-0003 risk=14.0% -> Tier 1 (LOG)

[Executor] Executing LOG for FLOW-0003...
  ✅ LOG: FLOW-0003 risk=14.013315309677798% | Normal operation - risk is low
[DatabaseLogger] ✅ Logged LOG for FLOW-0003 (risk=14.013315309677798%, email_sent=None, webhook_sent=None, rate_limit_ip=None, rate_limit_applied=None)
[Pipeline] FLOW-0004 risk=89.5% -> Tier 3 (RATE_LIMIT)

[Executor] Executing RATE_LIMIT for FLOW-0004...
  ⏱️  RATE_LIMIT (simulation): Would limit FLOW-0004 to 10/min
[DatabaseLogger] ✅ Logged RATE_LIMIT for FLOW-0004 (risk=89.46474147697984%, email_sent=None, webhook_sent=None, rate_limit_ip=None, rate_limit_applied=False)
[DatabaseLogger] ✅ Alert 01c84e1d-2a38-4726-b570-50cb54789643 created for FLOW-0004 (tier 3)
[Pipeline] FLOW-0005 risk=15.8% -> Tier 1 (LOG)

[Executor] Executing LOG for FLOW-0005...
  ✅ LOG: FLOW-0005 risk=15.762487573188903% | Normal operation - risk is low
[DatabaseLogger] ✅ Logged LOG for FLOW-0005 (risk=15.762487573188903%, email_sent=None, webhook_sent=None, rate_limit_ip=None, rate_limit_applied=None)
[Pipeline] FLOW-0001 risk=67.6% -> Tier 2 (ALERT)

[Executor] Executing ALERT for FLOW-0001...
    Email error: (535, b'5.7.8 Username and Password not accepted. For more information, go to\n5.7.8  https://support.google.com/mail/?p=BadCredentials ffacd0b85a97d-482fbb2794dsm15147972f8f.25 - gsmtp')
  ✉️  EMAIL: Failed
    Webhook error: HTTPConnectionPool(host='localhost', port=8888): Max retries exceeded with url: /webhook (Caused by NewConnectionError("HTTPConnection(host='localhost', port=8888): Failed to establish a new connection: [Errno 111] Connection refused"))
  🔔 WEBHOOK: Failed
  📢 ALERT: FLOW-0001 risk=67.6%
     Description: Medium risk detected - operator notification sent
[DatabaseLogger] ✅ Logged ALERT for FLOW-0001 (risk=67.626212512551%, email_sent=False, webhook_sent=False, rate_limit_ip=None, rate_limit_applied=None)
[DatabaseLogger] ✅ Alert 9e71b3db-83d2-4ee1-ba8b-637749a3e69b created for FLOW-0001 (tier 2)
[Pipeline] FLOW-0002 risk=25.2% -> Tier 1 (LOG)

[Executor] Executing LOG for FLOW-0002...
  ✅ LOG: FLOW-0002 risk=25.163230644545763% | Normal operation - risk is low
[DatabaseLogger] ✅ Logged LOG for FLOW-0002 (risk=25.163230644545763%, email_sent=None, webhook_sent=None, rate_limit_ip=None, rate_limit_applied=None)
[Pipeline] FLOW-0003 risk=66.1% -> Tier 2 (ALERT)

[Executor] Executing ALERT for FLOW-0003...
    Email error: (535, b'5.7.8 Username and Password not accepted. For more information, go to\n5.7.8  https://support.google.com/mail/?p=BadCredentials 5b1f17b1804b1-49cd53a4678sm12793365e9.13 - gsmtp')
  ✉️  EMAIL: Failed
    Webhook error: HTTPConnectionPool(host='localhost', port=8888): Max retries exceeded with url: /webhook (Caused by NewConnectionError("HTTPConnection(host='localhost', port=8888): Failed to establish a new connection: [Errno 111] Connection refused"))
  🔔 WEBHOOK: Failed
  📢 ALERT: FLOW-0003 risk=66.1%
     Description: Medium risk detected - operator notification sent
[DatabaseLogger] ✅ Logged ALERT for FLOW-0003 (risk=66.05601415849404%, email_sent=False, webhook_sent=False, rate_limit_ip=None, rate_limit_applied=None)
[DatabaseLogger] ✅ Alert a7621a81-5f0f-474e-955e-f0d154f9bc5f created for FLOW-0003 (tier 2)
[Pipeline] FLOW-0004 risk=57.8% -> Tier 1 (LOG)

[Executor] Executing LOG for FLOW-0004...
  ✅ LOG: FLOW-0004 risk=57.848334783514105% | Normal operation - risk is low
[DatabaseLogger] ✅ Logged LOG for FLOW-0004 (risk=57.848334783514105%, email_sent=None, webhook_sent=None, rate_limit_ip=None, rate_limit_applied=None)
[Pipeline] FLOW-0005 risk=10.6% -> Tier 1 (LOG)

[Executor] Executing LOG for FLOW-0005...
  ✅ LOG: FLOW-0005 risk=10.601871267285174% | Normal operation - risk is low
[DatabaseLogger] ✅ Logged LOG for FLOW-0005 (risk=10.601871267285174%, email_sent=None, webhook_sent=None, rate_limit_ip=None, rate_limit_applied=None)
[Pipeline] FLOW-0001 risk=61.2% -> Tier 2 (ALERT)

[Executor] Executing ALERT for FLOW-0001...
    Email error: (535, b'5.7.8 Username and Password not accepted. For more information, go to\n5.7.8  https://support.google.com/mail/?p=BadCredentials ffacd0b85a97d-48432022ab8sm7516992f8f.28 - gsmtp')
  ✉️  EMAIL: Failed
    Webhook error: HTTPConnectionPool(host='localhost', port=8888): Max retries exceeded with url: /webhook (Caused by NewConnectionError("HTTPConnection(host='localhost', port=8888): Failed to establish a new connection: [Errno 111] Connection refused"))INFO:redis_state_manager:✅ Updated state: FLOW-0001 → ALERT (risk=61.2%)
INFO:redis_state_manager:✅ Updated state: FLOW-0002 → LOG (risk=28.9%)
INFO:redis_state_manager:✅ Updated state: FLOW-0003 → ALERT (risk=66.1%)
INFO:redis_state_manager:✅ Updated state: FLOW-0004 → ALERT (risk=70.3%)
INFO:redis_state_manager:✅ Updated state: FLOW-0005 → FULL_ISOLATION (risk=96.2%)
INFO:redis_state_manager:🔒 Marked isolated: FLOW-0005
INFO:redis_state_manager:✅ Updated state: FLOW-0001 → LOG (risk=28.2%)
INFO:redis_state_manager:✅ Updated state: FLOW-0002 → LOG (risk=44.2%)
INFO:redis_state_manager:✅ Updated state: FLOW-0003 → ALERT (risk=67.8%)
INFO:redis_state_manager:✅ Updated state: FLOW-0004 → LOG (risk=30.2%)
INFO:redis_state_manager:✅ Updated state: FLOW-0005 → LOG (risk=5.7%)
INFO:redis_state_manager:✅ Updated state: FLOW-0001 → RATE_LIMIT (risk=88.3%)
INFO:redis_state_manager:✅ Updated state: FLOW-0002 → LOG (risk=27.0%)
INFO:redis_state_manager:✅ Updated state: FLOW-0003 → ALERT (risk=79.9%)
INFO:redis_state_manager:✅ Updated state: FLOW-0004 → LOG (risk=25.5%)
INFO:redis_state_manager:✅ Updated state: FLOW-0005 → LOG (risk=19.3%)

  🔔 WEBHOOK: Failed
  📢 ALERT: FLOW-0001 risk=61.2%
     Description: Medium risk detected - operator notification sent
[DatabaseLogger] ✅ Logged ALERT for FLOW-0001 (risk=61.16598245715544%, email_sent=False, webhook_sent=False, rate_limit_ip=None, rate_limit_applied=None)
[DatabaseLogger] ✅ Alert 7c4ba2b1-7995-47b6-9d95-122ee914abde created for FLOW-0001 (tier 2)
[Pipeline] FLOW-0002 risk=28.9% -> Tier 1 (LOG)

[Executor] Executing LOG for FLOW-0002...
  ✅ LOG: FLOW-0002 risk=28.86521000826232% | Normal operation - risk is low
[DatabaseLogger] ✅ Logged LOG for FLOW-0002 (risk=28.86521000826232%, email_sent=None, webhook_sent=None, rate_limit_ip=None, rate_limit_applied=None)
[Pipeline] FLOW-0003 risk=66.1% -> Tier 2 (ALERT)

[Executor] Executing ALERT for FLOW-0003...
    Email error: (535, b'5.7.8 Username and Password not accepted. For more information, go to\n5.7.8  https://support.google.com/mail/?p=BadCredentials 5b1f17b1804b1-49b95013d06sm259383585e9.12 - gsmtp')
  ✉️  EMAIL: Failed
    Webhook error: HTTPConnectionPool(host='localhost', port=8888): Max retries exceeded with url: /webhook (Caused by NewConnectionError("HTTPConnection(host='localhost', port=8888): Failed to establish a new connection: [Errno 111] Connection refused"))
  🔔 WEBHOOK: Failed
  📢 ALERT: FLOW-0003 risk=66.1%
     Description: Medium risk detected - operator notification sent
[DatabaseLogger] ✅ Logged ALERT for FLOW-0003 (risk=66.09942098365974%, email_sent=False, webhook_sent=False, rate_limit_ip=None, rate_limit_applied=None)
[DatabaseLogger] ✅ Alert b4a04ecb-18d1-4341-9137-512d3425a5e7 created for FLOW-0003 (tier 2)
[Pipeline] FLOW-0004 risk=70.3% -> Tier 2 (ALERT)

[Executor] Executing ALERT for FLOW-0004...
    Email error: (535, b'5.7.8 Username and Password not accepted. For more information, go to\n5.7.8  https://support.google.com/mail/?p=BadCredentials ffacd0b85a97d-484322ce2a6sm8193015f8f.19 - gsmtp')
  ✉️  EMAIL: Failed
    Webhook error: HTTPConnectionPool(host='localhost', port=8888): Max retries exceeded with url: /webhook (Caused by NewConnectionError("HTTPConnection(host='localhost', port=8888): Failed to establish a new connection: [Errno 111] Connection refused"))
  🔔 WEBHOOK: Failed
  📢 ALERT: FLOW-0004 risk=70.3%
     Description: Medium risk detected - operator notification sent
[DatabaseLogger] ✅ Logged ALERT for FLOW-0004 (risk=70.34475489509691%, email_sent=False, webhook_sent=False, rate_limit_ip=None, rate_limit_applied=None)
[DatabaseLogger] ✅ Alert 13359413-5b47-4d62-8bdc-898e9a99b3ac created for FLOW-0004 (tier 2)
[Pipeline] FLOW-0005 risk=96.2% -> Tier 4 (FULL_ISOLATION)

[Executor] Executing FULL_ISOLATION for FLOW-0005...
  🔒 FULL_ISOLATION: Triggering Module 4 for FLOW-0005...
    (Would POST to Module 4 API to isolate FLOW-0005)
     ✅ Module 4 isolation triggered
[DatabaseLogger] ✅ Logged FULL_ISOLATION for FLOW-0005 (risk=96.2051337554389%, email_sent=None, webhook_sent=None, rate_limit_ip=None, rate_limit_applied=None)
[DatabaseLogger] ✅ Alert 2b5cda26-176e-45f5-a296-ca23895302aa created for FLOW-0005 (tier 4)
[DatabaseLogger] ✅ Set FLOW-0005 state to QUARANTINE
[Pipeline] Marked FLOW-0005 as isolated
[Pipeline] FLOW-0001 risk=28.2% -> Tier 1 (LOG)

[Executor] Executing LOG for FLOW-0001...
  ✅ LOG: FLOW-0001 risk=28.214476433994058% | Normal operation - risk is low
[DatabaseLogger] ✅ Logged LOG for FLOW-0001 (risk=28.214476433994058%, email_sent=None, webhook_sent=None, rate_limit_ip=None, rate_limit_applied=None)
[Pipeline] FLOW-0002 risk=44.2% -> Tier 1 (LOG)

[Executor] Executing LOG for FLOW-0002...
  ✅ LOG: FLOW-0002 risk=44.1507322206133% | Normal operation - risk is low
[DatabaseLogger] ✅ Logged LOG for FLOW-0002 (risk=44.1507322206133%, email_sent=None, webhook_sent=None, rate_limit_ip=None, rate_limit_applied=None)
[Pipeline] FLOW-0003 risk=67.8% -> Tier 2 (ALERT)

[Executor] Executing ALERT for FLOW-0003...
    Email error: (535, b'5.7.8 Username and Password not accepted. For more information, go to\n5.7.8  https://support.google.com/mail/?p=BadCredentials ffacd0b85a97d-48437b30959sm2990276f8f.27 - gsmtp')
  ✉️  EMAIL: Failed
    Webhook error: HTTPConnectionPool(host='localhost', port=8888): Max retries exceeded with url: /webhook (Caused by NewConnectionError("HTTPConnection(host='localhost', port=8888): Failed to establish a new connection: [Errno 111] Connection refused"))
  🔔 WEBHOOK: Failed
  📢 ALERT: FLOW-0003 risk=67.8%
     Description: Medium risk detected - operator notification sent
[DatabaseLogger] ✅ Logged ALERT for FLOW-0003 (risk=67.80923798493278%, email_sent=False, webhook_sent=False, rate_limit_ip=None, rate_limit_applied=None)
[DatabaseLogger] ✅ Alert 9c2f3607-739b-4896-a5de-d31d4e1f5494 created for FLOW-0003 (tier 2)
[Pipeline] FLOW-0004 risk=30.2% -> Tier 1 (LOG)

[Executor] Executing LOG for FLOW-0004...
  ✅ LOG: FLOW-0004 risk=30.246591483374964% | Normal operation - risk is low
[DatabaseLogger] ✅ Logged LOG for FLOW-0004 (risk=30.246591483374964%, email_sent=None, webhook_sent=None, rate_limit_ip=None, rate_limit_applied=None)
[Pipeline] FLOW-0005 risk=5.7% -> Tier 1 (LOG)

[Executor] Executing LOG for FLOW-0005...
  ✅ LOG: FLOW-0005 risk=5.685922420054723% | Normal operation - risk is low
[DatabaseLogger] ✅ Logged LOG for FLOW-0005 (risk=5.685922420054723%, email_sent=None, webhook_sent=None, rate_limit_ip=None, rate_limit_applied=None)
[Pipeline] FLOW-0001 risk=88.3% -> Tier 3 (RATE_LIMIT)

[Executor] Executing RATE_LIMIT for FLOW-0001...
  ⏱️  RATE_LIMIT (simulation): Would limit FLOW-0001 to 10/min
[DatabaseLogger] ✅ Logged RATE_LIMIT for FLOW-0001 (risk=88.32662516343177%, email_sent=None, webhook_sent=None, rate_limit_ip=None, rate_limit_applied=False)
[DatabaseLogger] ✅ Alert cb6090fe-179a-4a40-82bc-1e6ae11d4ddc created for FLOW-0001 (tier 3)
[Pipeline] FLOW-0002 risk=27.0% -> Tier 1 (LOG)

[Executor] Executing LOG for FLOW-0002...
  ✅ LOG: FLOW-0002 risk=26.993940584203532% | Normal operation - risk is low
[DatabaseLogger] ✅ Logged LOG for FLOW-0002 (risk=26.993940584203532%, email_sent=None, webhook_sent=None, rate_limit_ip=None, rate_limit_applied=None)
[Pipeline] FLOW-0003 risk=79.9% -> Tier 2 (ALERT)

[Executor] Executing ALERT for FLOW-0003...
    Email error: (535, b'5.7.8 Username and Password not accepted. For more information, go to\n5.7.8  https://support.google.com/mail/?p=BadCredentials ffacd0b85a97d-482fbab3f16sm15857335f8f.1 - gsmtp')
  ✉️  EMAIL: Failed
    Webhook error: HTTPConnectionPool(host='localhost', port=8888): Max retries exceeded with url: /webhook (Caused by NewConnectionError("HTTPConnection(host='localhost', port=8888): Failed to establish a new connection: [Errno 111] Connection refused"))
  🔔 WEBHOOK: Failed
  📢 ALERT: FLOW-0003 risk=79.9%
     Description: Medium risk detected - operator notification sent
[DatabaseLogger] ✅ Logged ALERT for FLOW-0003 (risk=79.89010752095659%, email_sent=False, webhook_sent=False, rate_limit_ip=None, rate_limit_applied=None)
[DatabaseLogger] ✅ Alert 2b843ced-ea4b-4a0e-9b47-235362b38133 created for FLOW-0003 (tier 2)
[Pipeline] FLOW-0004 risk=25.5% -> Tier 1 (LOG)

[Executor] Executing LOG for FLOW-0004...
  ✅ LOG: FLOW-0004 risk=25.519938546886895% | Normal operation - risk is low
[DatabaseLogger] ✅ Logged LOG for FLOW-0004 (risk=25.519938546886895%, email_sent=None, webhook_sent=None, rate_limit_ip=None, rate_limit_applied=None)
[Pipeline] FLOW-0005 risk=19.3% -> Tier 1 (LOG)

[Executor] Executing LOG for FLOW-0005...
  ✅ LOG: FLOW-0005 risk=19.265940191266377% | Normal operation - risk is low
[DatabaseLogger] ✅ Logged LOG for FLOW-0005 (risk=19.265940191266377%, email_sent=None, webhook_sent=None, rate_limit_ip=None, rate_limit_applied=None)
[Pipeline] FLOW-0001 risk=82.7% -> Tier 3 (RATE_LIMIT)

[Executor] Executing RATE_LIMIT for FLOW-0001...
  ⏱️  RATE_LIMIT (simulation): Would limit FLOW-0001 to 10/min
[DatabaseLogger] ✅ Logged RATE_LIMIT for FLOW-0001 (risk=82.66663241428516%, email_sent=None, webhook_sent=None, rate_limit_ip=None, rate_limit_applied=False)
[DatabaseLogger] ✅ Alert dd5a4822-76fb-4991-92b1-5bc225fbf651 created for FLOW-0001 (tier 3)INFO:redis_state_manager:✅ Updated state: FLOW-0001 → RATE_LIMIT (risk=82.7%)
INFO:redis_state_manager:✅ Updated state: FLOW-0002 → LOG (risk=20.8%)
INFO:redis_state_manager:✅ Updated state: FLOW-0003 → LOG (risk=13.7%)
INFO:redis_state_manager:✅ Updated state: FLOW-0004 → LOG (risk=15.0%)
INFO:redis_state_manager:✅ Updated state: FLOW-0005 → LOG (risk=37.5%)
INFO:redis_state_manager:✅ Updated state: FLOW-0001 → LOG (risk=29.5%)
INFO:redis_state_manager:✅ Updated state: FLOW-0002 → RATE_LIMIT (risk=88.2%)
INFO:redis_state_manager:✅ Updated state: FLOW-0003 → ALERT (risk=75.3%)
INFO:redis_state_manager:✅ Updated state: FLOW-0004 → LOG (risk=5.8%)
INFO:redis_state_manager:✅ Updated state: FLOW-0005 → ALERT (risk=67.8%)
INFO:redis_state_manager:✅ Updated state: FLOW-0001 → RATE_LIMIT (risk=87.3%)
INFO:redis_state_manager:✅ Updated state: FLOW-0002 → LOG (risk=52.5%)
INFO:redis_state_manager:✅ Updated state: FLOW-0003 → ALERT (risk=77.3%)
INFO:redis_state_manager:✅ Updated state: FLOW-0004 → LOG (risk=34.1%)
INFO:redis_state_manager:✅ Updated state: FLOW-0005 → LOG (risk=22.1%)
INFO:redis_state_manager:✅ Updated state: FLOW-0001 → LOG (risk=30.0%)
INFO:redis_state_manager:✅ Updated state: FLOW-0002 → LOG (risk=44.1%)
INFO:redis_state_manager:✅ Updated state: FLOW-0003 → LOG (risk=24.5%)
INFO:redis_state_manager:✅ Updated state: FLOW-0004 → LOG (risk=17.0%)

[Pipeline] FLOW-0002 risk=20.8% -> Tier 1 (LOG)

[Executor] Executing LOG for FLOW-0002...
  ✅ LOG: FLOW-0002 risk=20.82092120161669% | Normal operation - risk is low
[DatabaseLogger] ✅ Logged LOG for FLOW-0002 (risk=20.82092120161669%, email_sent=None, webhook_sent=None, rate_limit_ip=None, rate_limit_applied=None)
[Pipeline] FLOW-0003 risk=13.7% -> Tier 1 (LOG)

[Executor] Executing LOG for FLOW-0003...
  ✅ LOG: FLOW-0003 risk=13.685791320700616% | Normal operation - risk is low
[DatabaseLogger] ✅ Logged LOG for FLOW-0003 (risk=13.685791320700616%, email_sent=None, webhook_sent=None, rate_limit_ip=None, rate_limit_applied=None)
[Pipeline] FLOW-0004 risk=15.0% -> Tier 1 (LOG)

[Executor] Executing LOG for FLOW-0004...
  ✅ LOG: FLOW-0004 risk=15.017117511202986% | Normal operation - risk is low
[DatabaseLogger] ✅ Logged LOG for FLOW-0004 (risk=15.017117511202986%, email_sent=None, webhook_sent=None, rate_limit_ip=None, rate_limit_applied=None)
[Pipeline] FLOW-0005 risk=37.5% -> Tier 1 (LOG)

[Executor] Executing LOG for FLOW-0005...
  ✅ LOG: FLOW-0005 risk=37.52081103633508% | Normal operation - risk is low
[DatabaseLogger] ✅ Logged LOG for FLOW-0005 (risk=37.52081103633508%, email_sent=None, webhook_sent=None, rate_limit_ip=None, rate_limit_applied=None)
[Pipeline] FLOW-0001 risk=29.5% -> Tier 1 (LOG)

[Executor] Executing LOG for FLOW-0001...
  ✅ LOG: FLOW-0001 risk=29.46726067426798% | Normal operation - risk is low
[DatabaseLogger] ✅ Logged LOG for FLOW-0001 (risk=29.46726067426798%, email_sent=None, webhook_sent=None, rate_limit_ip=None, rate_limit_applied=None)
[Pipeline] FLOW-0002 risk=88.2% -> Tier 3 (RATE_LIMIT)

[Executor] Executing RATE_LIMIT for FLOW-0002...
  ⏱️  RATE_LIMIT (simulation): Would limit FLOW-0002 to 10/min
[DatabaseLogger] ✅ Logged RATE_LIMIT for FLOW-0002 (risk=88.15896803993981%, email_sent=None, webhook_sent=None, rate_limit_ip=None, rate_limit_applied=False)
[DatabaseLogger] ✅ Alert 5c970bfa-fef9-4a89-b657-688d91a57213 created for FLOW-0002 (tier 3)
[Pipeline] FLOW-0003 risk=75.3% -> Tier 2 (ALERT)

[Executor] Executing ALERT for FLOW-0003...
    Email error: (535, b'5.7.8 Username and Password not accepted. For more information, go to\n5.7.8  https://support.google.com/mail/?p=BadCredentials 5b1f17b1804b1-49ccf5a580esm60479685e9.3 - gsmtp')
  ✉️  EMAIL: Failed
    Webhook error: HTTPConnectionPool(host='localhost', port=8888): Max retries exceeded with url: /webhook (Caused by NewConnectionError("HTTPConnection(host='localhost', port=8888): Failed to establish a new connection: [Errno 111] Connection refused"))
  🔔 WEBHOOK: Failed
  📢 ALERT: FLOW-0003 risk=75.3%
     Description: Medium risk detected - operator notification sent
[DatabaseLogger] ✅ Logged ALERT for FLOW-0003 (risk=75.28541683838353%, email_sent=False, webhook_sent=False, rate_limit_ip=None, rate_limit_applied=None)
[DatabaseLogger] ✅ Alert e80f422a-2a70-4d07-9c35-349e895fecb0 created for FLOW-0003 (tier 2)
[Pipeline] FLOW-0004 risk=5.8% -> Tier 1 (LOG)

[Executor] Executing LOG for FLOW-0004...
  ✅ LOG: FLOW-0004 risk=5.777603504816553% | Normal operation - risk is low
[DatabaseLogger] ✅ Logged LOG for FLOW-0004 (risk=5.777603504816553%, email_sent=None, webhook_sent=None, rate_limit_ip=None, rate_limit_applied=None)
[Pipeline] FLOW-0005 risk=67.8% -> Tier 2 (ALERT)

[Executor] Executing ALERT for FLOW-0005...
    Email error: (535, b'5.7.8 Username and Password not accepted. For more information, go to\n5.7.8  https://support.google.com/mail/?p=BadCredentials 5b1f17b1804b1-49b9500c7cfsm201617865e9.11 - gsmtp')
  ✉️  EMAIL: Failed
    Webhook error: HTTPConnectionPool(host='localhost', port=8888): Max retries exceeded with url: /webhook (Caused by NewConnectionError("HTTPConnection(host='localhost', port=8888): Failed to establish a new connection: [Errno 111] Connection refused"))
  🔔 WEBHOOK: Failed
  📢 ALERT: FLOW-0005 risk=67.8%
     Description: Medium risk detected - operator notification sent
[DatabaseLogger] ✅ Logged ALERT for FLOW-0005 (risk=67.76001774770805%, email_sent=False, webhook_sent=False, rate_limit_ip=None, rate_limit_applied=None)
[DatabaseLogger] ✅ Alert 856ce8d1-d18c-433b-8f22-19e2504b105e created for FLOW-0005 (tier 2)
[Pipeline] FLOW-0001 risk=87.3% -> Tier 3 (RATE_LIMIT)

[Executor] Executing RATE_LIMIT for FLOW-0001...
  ⏱️  RATE_LIMIT (simulation): Would limit FLOW-0001 to 10/min
[DatabaseLogger] ✅ Logged RATE_LIMIT for FLOW-0001 (risk=87.30663003064194%, email_sent=None, webhook_sent=None, rate_limit_ip=None, rate_limit_applied=False)
[DatabaseLogger] ✅ Alert 365c3c5f-9cdb-4627-b56f-d74a95d423e8 created for FLOW-0001 (tier 3)
[Pipeline] FLOW-0002 risk=52.5% -> Tier 1 (LOG)

[Executor] Executing LOG for FLOW-0002...
  ✅ LOG: FLOW-0002 risk=52.462943159252546% | Normal operation - risk is low
[DatabaseLogger] ✅ Logged LOG for FLOW-0002 (risk=52.462943159252546%, email_sent=None, webhook_sent=None, rate_limit_ip=None, rate_limit_applied=None)
[Pipeline] FLOW-0003 risk=77.3% -> Tier 2 (ALERT)

[Executor] Executing ALERT for FLOW-0003...
    Email error: (535, b'5.7.8 Username and Password not accepted. For more information, go to\n5.7.8  https://support.google.com/mail/?p=BadCredentials 5b1f17b1804b1-49b4e2c1af7sm280758785e9.15 - gsmtp')
  ✉️  EMAIL: Failed
    Webhook error: HTTPConnectionPool(host='localhost', port=8888): Max retries exceeded with url: /webhook (Caused by NewConnectionError("HTTPConnection(host='localhost', port=8888): Failed to establish a new connection: [Errno 111] Connection refused"))
  🔔 WEBHOOK: Failed
  📢 ALERT: FLOW-0003 risk=77.3%
     Description: Medium risk detected - operator notification sent
[DatabaseLogger] ✅ Logged ALERT for FLOW-0003 (risk=77.25423303666241%, email_sent=False, webhook_sent=False, rate_limit_ip=None, rate_limit_applied=None)
[DatabaseLogger] ✅ Alert 27baca6c-ce37-4476-91fe-d151784f9ef5 created for FLOW-0003 (tier 2)
[Pipeline] FLOW-0004 risk=34.1% -> Tier 1 (LOG)

[Executor] Executing LOG for FLOW-0004...
  ✅ LOG: FLOW-0004 risk=34.06354243714759% | Normal operation - risk is low
[DatabaseLogger] ✅ Logged LOG for FLOW-0004 (risk=34.06354243714759%, email_sent=None, webhook_sent=None, rate_limit_ip=None, rate_limit_applied=None)
[Pipeline] FLOW-0005 risk=22.1% -> Tier 1 (LOG)

[Executor] Executing LOG for FLOW-0005...
  ✅ LOG: FLOW-0005 risk=22.12704826509897% | Normal operation - risk is low
[DatabaseLogger] ✅ Logged LOG for FLOW-0005 (risk=22.12704826509897%, email_sent=None, webhook_sent=None, rate_limit_ip=None, rate_limit_applied=None)
[Pipeline] FLOW-0001 risk=30.0% -> Tier 1 (LOG)

[Executor] Executing LOG for FLOW-0001...
  ✅ LOG: FLOW-0001 risk=29.96957392518018% | Normal operation - risk is low
[DatabaseLogger] ✅ Logged LOG for FLOW-0001 (risk=29.96957392518018%, email_sent=None, webhook_sent=None, rate_limit_ip=None, rate_limit_applied=None)
[Pipeline] FLOW-0002 risk=44.1% -> Tier 1 (LOG)

[Executor] Executing LOG for FLOW-0002...
  ✅ LOG: FLOW-0002 risk=44.06209650849423% | Normal operation - risk is low
[DatabaseLogger] ✅ Logged LOG for FLOW-0002 (risk=44.06209650849423%, email_sent=None, webhook_sent=None, rate_limit_ip=None, rate_limit_applied=None)
[Pipeline] FLOW-0003 risk=24.5% -> Tier 1 (LOG)

[Executor] Executing LOG for FLOW-0003...
  ✅ LOG: FLOW-0003 risk=24.453044427096753% | Normal operation - risk is low
[DatabaseLogger] ✅ Logged LOG for FLOW-0003 (risk=24.453044427096753%, email_sent=None, webhook_sent=None, rate_limit_ip=None, rate_limit_applied=None)
[Pipeline] FLOW-0004 risk=17.0% -> Tier 1 (LOG)

[Executor] Executing LOG for FLOW-0004...
  ✅ LOG: FLOW-0004 risk=16.97694985695383% | Normal operation - risk is low
[DatabaseLogger] ✅ Logged LOG for FLOW-0004 (risk=16.97694985695383%, email_sent=None, webhook_sent=None, rate_limit_ip=None, rate_limit_applied=None)
[Pipeline] FLOW-0005 risk=90.7% -> Tier 3 (RATE_LIMIT)

[Executor] Executing RATE_LIMIT for FLOW-0005...
  ⏱️  RATE_LIMIT (simulation): Would limit FLOW-0005 to 10/min
[DatabaseLogger] ✅ Logged RATE_LIMIT for FLOW-0005 (risk=90.66092768191567%, email_sent=None, webhook_sent=None, rate_limit_ip=None, rate_limit_applied=False)INFO:redis_state_manager:✅ Updated state: FLOW-0005 → RATE_LIMIT (risk=90.7%)
INFO:redis_state_manager:✅ Updated state: FLOW-0001 → ALERT (risk=67.1%)
INFO:redis_state_manager:✅ Updated state: FLOW-0002 → RATE_LIMIT (risk=84.8%)
INFO:redis_state_manager:✅ Updated state: FLOW-0003 → LOG (risk=8.8%)
INFO:redis_state_manager:✅ Updated state: FLOW-0004 → FULL_ISOLATION (risk=95.9%)
INFO:redis_state_manager:🔒 Marked isolated: FLOW-0004
INFO:redis_state_manager:✅ Updated state: FLOW-0005 → ALERT (risk=75.5%)
INFO:redis_state_manager:✅ Updated state: FLOW-0001 → RATE_LIMIT (risk=81.1%)
INFO:redis_state_manager:✅ Updated state: FLOW-0002 → LOG (risk=56.6%)
INFO:redis_state_manager:✅ Updated state: FLOW-0003 → LOG (risk=7.5%)
INFO:redis_state_manager:✅ Updated state: FLOW-0004 → ALERT (risk=71.3%)
INFO:redis_state_manager:✅ Updated state: FLOW-0005 → LOG (risk=24.6%)
INFO:redis_state_manager:✅ Updated state: FLOW-0001 → RATE_LIMIT (risk=89.1%)
INFO:redis_state_manager:✅ Updated state: FLOW-0002 → LOG (risk=38.7%)
INFO:redis_state_manager:✅ Updated state: FLOW-0003 → FULL_ISOLATION (risk=99.6%)
INFO:redis_state_manager:🔒 Marked isolated: FLOW-0003
INFO:redis_state_manager:✅ Updated state: FLOW-0004 → RATE_LIMIT (risk=86.6%)
INFO:redis_state_manager:✅ Updated state: FLOW-0005 → LOG (risk=20.5%)

[DatabaseLogger] ✅ Alert 08870307-c8c8-4ad4-a650-267237bd8438 created for FLOW-0005 (tier 3)
[Pipeline] FLOW-0001 risk=67.1% -> Tier 2 (ALERT)

[Executor] Executing ALERT for FLOW-0001...
    Email error: (535, b'5.7.8 Username and Password not accepted. For more information, go to\n5.7.8  https://support.google.com/mail/?p=BadCredentials ffacd0b85a97d-482fbb2794dsm15150552f8f.25 - gsmtp')
  ✉️  EMAIL: Failed
    Webhook error: HTTPConnectionPool(host='localhost', port=8888): Max retries exceeded with url: /webhook (Caused by NewConnectionError("HTTPConnection(host='localhost', port=8888): Failed to establish a new connection: [Errno 111] Connection refused"))
  🔔 WEBHOOK: Failed
  📢 ALERT: FLOW-0001 risk=67.1%
     Description: Medium risk detected - operator notification sent
[DatabaseLogger] ✅ Logged ALERT for FLOW-0001 (risk=67.10156271661596%, email_sent=False, webhook_sent=False, rate_limit_ip=None, rate_limit_applied=None)
[DatabaseLogger] ✅ Alert 3a4a4a13-cf5c-4cac-ba2c-bb9114d6a79c created for FLOW-0001 (tier 2)
[Pipeline] FLOW-0002 risk=84.8% -> Tier 3 (RATE_LIMIT)

[Executor] Executing RATE_LIMIT for FLOW-0002...
  ⏱️  RATE_LIMIT (simulation): Would limit FLOW-0002 to 10/min
[DatabaseLogger] ✅ Logged RATE_LIMIT for FLOW-0002 (risk=84.78486791904571%, email_sent=None, webhook_sent=None, rate_limit_ip=None, rate_limit_applied=False)
[DatabaseLogger] ✅ Alert fb7d5692-f3ec-460e-9f4f-d971a5cab970 created for FLOW-0002 (tier 3)
[Pipeline] FLOW-0003 risk=8.8% -> Tier 1 (LOG)

[Executor] Executing LOG for FLOW-0003...
  ✅ LOG: FLOW-0003 risk=8.756248452083572% | Normal operation - risk is low
[DatabaseLogger] ✅ Logged LOG for FLOW-0003 (risk=8.756248452083572%, email_sent=None, webhook_sent=None, rate_limit_ip=None, rate_limit_applied=None)
[Pipeline] FLOW-0004 risk=95.9% -> Tier 4 (FULL_ISOLATION)

[Executor] Executing FULL_ISOLATION for FLOW-0004...
  🔒 FULL_ISOLATION: Triggering Module 4 for FLOW-0004...
    (Would POST to Module 4 API to isolate FLOW-0004)
     ✅ Module 4 isolation triggered
[DatabaseLogger] ✅ Logged FULL_ISOLATION for FLOW-0004 (risk=95.89623566056494%, email_sent=None, webhook_sent=None, rate_limit_ip=None, rate_limit_applied=None)
[DatabaseLogger] ✅ Alert d9e55e1c-c50b-4a14-b60b-0e8a1dbb6550 created for FLOW-0004 (tier 4)
[DatabaseLogger] ✅ Set FLOW-0004 state to QUARANTINE
[Pipeline] Marked FLOW-0004 as isolated
[Pipeline] FLOW-0005 risk=75.5% -> Tier 2 (ALERT)

[Executor] Executing ALERT for FLOW-0005...
    Email error: (535, b'5.7.8 Username and Password not accepted. For more information, go to\n5.7.8  https://support.google.com/mail/?p=BadCredentials 5b1f17b1804b1-49ccd1e19desm124138175e9.1 - gsmtp')
  ✉️  EMAIL: Failed
    Webhook error: HTTPConnectionPool(host='localhost', port=8888): Max retries exceeded with url: /webhook (Caused by NewConnectionError("HTTPConnection(host='localhost', port=8888): Failed to establish a new connection: [Errno 111] Connection refused"))
  🔔 WEBHOOK: Failed
  📢 ALERT: FLOW-0005 risk=75.5%
     Description: Medium risk detected - operator notification sent
[DatabaseLogger] ✅ Logged ALERT for FLOW-0005 (risk=75.50651816541074%, email_sent=False, webhook_sent=False, rate_limit_ip=None, rate_limit_applied=None)
[DatabaseLogger] ✅ Alert 0458e728-91eb-411d-b7dd-d62b6784e0c9 created for FLOW-0005 (tier 2)
[Pipeline] FLOW-0001 risk=81.1% -> Tier 3 (RATE_LIMIT)

[Executor] Executing RATE_LIMIT for FLOW-0001...
  ⏱️  RATE_LIMIT (simulation): Would limit FLOW-0001 to 10/min
[DatabaseLogger] ✅ Logged RATE_LIMIT for FLOW-0001 (risk=81.10474595037836%, email_sent=None, webhook_sent=None, rate_limit_ip=None, rate_limit_applied=False)
[DatabaseLogger] ✅ Alert 7fc199eb-6bce-4f01-a498-b2401ff96af5 created for FLOW-0001 (tier 3)
[Pipeline] FLOW-0002 risk=56.6% -> Tier 1 (LOG)

[Executor] Executing LOG for FLOW-0002...
  ✅ LOG: FLOW-0002 risk=56.60156431362714% | Normal operation - risk is low
[DatabaseLogger] ✅ Logged LOG for FLOW-0002 (risk=56.60156431362714%, email_sent=None, webhook_sent=None, rate_limit_ip=None, rate_limit_applied=None)
[Pipeline] FLOW-0003 risk=7.5% -> Tier 1 (LOG)

[Executor] Executing LOG for FLOW-0003...
  ✅ LOG: FLOW-0003 risk=7.4699377571428105% | Normal operation - risk is low
[DatabaseLogger] ✅ Logged LOG for FLOW-0003 (risk=7.4699377571428105%, email_sent=None, webhook_sent=None, rate_limit_ip=None, rate_limit_applied=None)
[Pipeline] FLOW-0004 risk=71.3% -> Tier 2 (ALERT)

[Executor] Executing ALERT for FLOW-0004...
    Email error: (535, b'5.7.8 Username and Password not accepted. For more information, go to\n5.7.8  https://support.google.com/mail/?p=BadCredentials 5b1f17b1804b1-49b91c5790csm159954965e9.0 - gsmtp')
  ✉️  EMAIL: Failed
    Webhook error: HTTPConnectionPool(host='localhost', port=8888): Max retries exceeded with url: /webhook (Caused by NewConnectionError("HTTPConnection(host='localhost', port=8888): Failed to establish a new connection: [Errno 111] Connection refused"))
  🔔 WEBHOOK: Failed
  📢 ALERT: FLOW-0004 risk=71.3%
     Description: Medium risk detected - operator notification sent
[DatabaseLogger] ✅ Logged ALERT for FLOW-0004 (risk=71.26114832514702%, email_sent=False, webhook_sent=False, rate_limit_ip=None, rate_limit_applied=None)
[DatabaseLogger] ✅ Alert 2a952b79-8017-4e72-a0d2-cfb5a2200b98 created for FLOW-0004 (tier 2)
[Pipeline] FLOW-0005 risk=24.6% -> Tier 1 (LOG)

[Executor] Executing LOG for FLOW-0005...
  ✅ LOG: FLOW-0005 risk=24.60274705873838% | Normal operation - risk is low
[DatabaseLogger] ✅ Logged LOG for FLOW-0005 (risk=24.60274705873838%, email_sent=None, webhook_sent=None, rate_limit_ip=None, rate_limit_applied=None)
[Pipeline] FLOW-0001 risk=89.1% -> Tier 3 (RATE_LIMIT)

[Executor] Executing RATE_LIMIT for FLOW-0001...
  ⏱️  RATE_LIMIT (simulation): Would limit FLOW-0001 to 10/min
[DatabaseLogger] ✅ Logged RATE_LIMIT for FLOW-0001 (risk=89.05577360733473%, email_sent=None, webhook_sent=None, rate_limit_ip=None, rate_limit_applied=False)
[DatabaseLogger] ✅ Alert e54f84bf-5a29-447b-81e9-556820619ba4 created for FLOW-0001 (tier 3)
[Pipeline] FLOW-0002 risk=38.7% -> Tier 1 (LOG)

[Executor] Executing LOG for FLOW-0002...
  ✅ LOG: FLOW-0002 risk=38.71974137983504% | Normal operation - risk is low
[DatabaseLogger] ✅ Logged LOG for FLOW-0002 (risk=38.71974137983504%, email_sent=None, webhook_sent=None, rate_limit_ip=None, rate_limit_applied=None)
[Pipeline] FLOW-0003 risk=99.6% -> Tier 4 (FULL_ISOLATION)

[Executor] Executing FULL_ISOLATION for FLOW-0003...
  🔒 FULL_ISOLATION: Triggering Module 4 for FLOW-0003...
    (Would POST to Module 4 API to isolate FLOW-0003)
     ✅ Module 4 isolation triggered
[DatabaseLogger] ✅ Logged FULL_ISOLATION for FLOW-0003 (risk=99.61800145747155%, email_sent=None, webhook_sent=None, rate_limit_ip=None, rate_limit_applied=None)
[DatabaseLogger] ✅ Alert 53fc8763-3788-41bc-8a51-de578412bb1c created for FLOW-0003 (tier 4)
[DatabaseLogger] ✅ Set FLOW-0003 state to QUARANTINE
[Pipeline] Marked FLOW-0003 as isolated
[Pipeline] FLOW-0004 risk=86.6% -> Tier 3 (RATE_LIMIT)

[Executor] Executing RATE_LIMIT for FLOW-0004...
  ⏱️  RATE_LIMIT (simulation): Would limit FLOW-0004 to 10/min
[DatabaseLogger] ✅ Logged RATE_LIMIT for FLOW-0004 (risk=86.60377814134655%, email_sent=None, webhook_sent=None, rate_limit_ip=None, rate_limit_applied=False)
[DatabaseLogger] ✅ Alert cb38fc2b-164d-4cb6-bcb7-d3294ef6f569 created for FLOW-0004 (tier 3)
[Pipeline] FLOW-0005 risk=20.5% -> Tier 1 (LOG)

[Executor] Executing LOG for FLOW-0005...
  ✅ LOG: FLOW-0005 risk=20.51199713803596% | Normal operation - risk is low
[DatabaseLogger] ✅ Logged LOG for FLOW-0005 (risk=20.51199713803596%, email_sent=None, webhook_sent=None, rate_limit_ip=None, rate_limit_applied=None)
[Pipeline] FLOW-0001 risk=92.5% -> Tier 3 (RATE_LIMIT)

[Executor] Executing RATE_LIMIT for FLOW-0001...
  ⏱️  RATE_LIMIT (simulation): Would limit FLOW-0001 to 10/min
[DatabaseLogger] ✅ Logged RATE_LIMIT for FLOW-0001 (risk=92.48618379808728%, email_sent=None, webhook_sent=None, rate_limit_ip=None, rate_limit_applied=False)
[DatabaseLogger] ✅ Alert 69f0cc8e-6614-4a69-856d-e7eeb280f5c0 created for FLOW-0001 (tier 3)INFO:redis_state_manager:✅ Updated state: FLOW-0001 → RATE_LIMIT (risk=92.5%)
INFO:redis_state_manager:✅ Updated state: FLOW-0002 → ALERT (risk=61.0%)
INFO:redis_state_manager:✅ Updated state: FLOW-0003 → LOG (risk=1.9%)
INFO:redis_state_manager:✅ Updated state: FLOW-0004 → LOG (risk=47.6%)
INFO:redis_state_manager:✅ Updated state: FLOW-0005 → LOG (risk=0.8%)
INFO:redis_state_manager:✅ Updated state: FLOW-0001 → LOG (risk=55.8%)
INFO:redis_state_manager:✅ Updated state: FLOW-0002 → LOG (risk=46.2%)
INFO:redis_state_manager:✅ Updated state: FLOW-0003 → ALERT (risk=69.1%)
INFO:redis_state_manager:✅ Updated state: FLOW-0004 → LOG (risk=48.9%)
INFO:redis_state_manager:✅ Updated state: FLOW-0005 → ALERT (risk=66.5%)
INFO:redis_state_manager:✅ Updated state: FLOW-0001 → LOG (risk=43.7%)
INFO:redis_state_manager:✅ Updated state: FLOW-0002 → ALERT (risk=73.7%)
INFO:redis_state_manager:✅ Updated state: FLOW-0003 → ALERT (risk=68.1%)
INFO:redis_state_manager:✅ Updated state: FLOW-0004 → RATE_LIMIT (risk=85.7%)
INFO:redis_state_manager:✅ Updated state: FLOW-0005 → LOG (risk=27.1%)
INFO:redis_state_manager:✅ Updated state: FLOW-0001 → LOG (risk=21.5%)

[Pipeline] FLOW-0002 risk=61.0% -> Tier 2 (ALERT)

[Executor] Executing ALERT for FLOW-0002...
    Email error: (535, b'5.7.8 Username and Password not accepted. For more information, go to\n5.7.8  https://support.google.com/mail/?p=BadCredentials 5b1f17b1804b1-49b4e2c1af7sm280768245e9.15 - gsmtp')
  ✉️  EMAIL: Failed
    Webhook error: HTTPConnectionPool(host='localhost', port=8888): Max retries exceeded with url: /webhook (Caused by NewConnectionError("HTTPConnection(host='localhost', port=8888): Failed to establish a new connection: [Errno 111] Connection refused"))
  🔔 WEBHOOK: Failed
  📢 ALERT: FLOW-0002 risk=61.0%
     Description: Medium risk detected - operator notification sent
[DatabaseLogger] ✅ Logged ALERT for FLOW-0002 (risk=61.03110395744398%, email_sent=False, webhook_sent=False, rate_limit_ip=None, rate_limit_applied=None)
[DatabaseLogger] ✅ Alert d580bcbc-7277-4999-9122-ec7dcdb41f72 created for FLOW-0002 (tier 2)
[Pipeline] FLOW-0003 risk=1.9% -> Tier 1 (LOG)

[Executor] Executing LOG for FLOW-0003...
  ✅ LOG: FLOW-0003 risk=1.9283342795297553% | Normal operation - risk is low
[DatabaseLogger] ✅ Logged LOG for FLOW-0003 (risk=1.9283342795297553%, email_sent=None, webhook_sent=None, rate_limit_ip=None, rate_limit_applied=None)
[Pipeline] FLOW-0004 risk=47.6% -> Tier 1 (LOG)

[Executor] Executing LOG for FLOW-0004...
  ✅ LOG: FLOW-0004 risk=47.56715870352385% | Normal operation - risk is low
[DatabaseLogger] ✅ Logged LOG for FLOW-0004 (risk=47.56715870352385%, email_sent=None, webhook_sent=None, rate_limit_ip=None, rate_limit_applied=None)
[Pipeline] FLOW-0005 risk=0.8% -> Tier 1 (LOG)

[Executor] Executing LOG for FLOW-0005...
  ✅ LOG: FLOW-0005 risk=0.76795205249379% | Normal operation - risk is low
[DatabaseLogger] ✅ Logged LOG for FLOW-0005 (risk=0.76795205249379%, email_sent=None, webhook_sent=None, rate_limit_ip=None, rate_limit_applied=None)
[Pipeline] FLOW-0001 risk=55.8% -> Tier 1 (LOG)

[Executor] Executing LOG for FLOW-0001...
  ✅ LOG: FLOW-0001 risk=55.80037598202608% | Normal operation - risk is low
[DatabaseLogger] ✅ Logged LOG for FLOW-0001 (risk=55.80037598202608%, email_sent=None, webhook_sent=None, rate_limit_ip=None, rate_limit_applied=None)
[Pipeline] FLOW-0002 risk=46.2% -> Tier 1 (LOG)

[Executor] Executing LOG for FLOW-0002...
  ✅ LOG: FLOW-0002 risk=46.174893754328686% | Normal operation - risk is low
[DatabaseLogger] ✅ Logged LOG for FLOW-0002 (risk=46.174893754328686%, email_sent=None, webhook_sent=None, rate_limit_ip=None, rate_limit_applied=None)
[Pipeline] FLOW-0003 risk=69.1% -> Tier 2 (ALERT)

[Executor] Executing ALERT for FLOW-0003...
    Email error: (535, b'5.7.8 Username and Password not accepted. For more information, go to\n5.7.8  https://support.google.com/mail/?p=BadCredentials ffacd0b85a97d-48436e2af45sm4575683f8f.9 - gsmtp')
  ✉️  EMAIL: Failed
    Webhook error: HTTPConnectionPool(host='localhost', port=8888): Max retries exceeded with url: /webhook (Caused by NewConnectionError("HTTPConnection(host='localhost', port=8888): Failed to establish a new connection: [Errno 111] Connection refused"))
  🔔 WEBHOOK: Failed
  📢 ALERT: FLOW-0003 risk=69.1%
     Description: Medium risk detected - operator notification sent
[DatabaseLogger] ✅ Logged ALERT for FLOW-0003 (risk=69.1006418187814%, email_sent=False, webhook_sent=False, rate_limit_ip=None, rate_limit_applied=None)
[DatabaseLogger] ✅ Alert 9fc6ba0c-a8de-4503-8e7a-1af34da071b1 created for FLOW-0003 (tier 2)
[Pipeline] FLOW-0004 risk=48.9% -> Tier 1 (LOG)

[Executor] Executing LOG for FLOW-0004...
  ✅ LOG: FLOW-0004 risk=48.86144362455407% | Normal operation - risk is low
[DatabaseLogger] ✅ Logged LOG for FLOW-0004 (risk=48.86144362455407%, email_sent=None, webhook_sent=None, rate_limit_ip=None, rate_limit_applied=None)
[Pipeline] FLOW-0005 risk=66.5% -> Tier 2 (ALERT)

[Executor] Executing ALERT for FLOW-0005...
    Email error: (535, b'5.7.8 Username and Password not accepted. For more information, go to\n5.7.8  https://support.google.com/mail/?p=BadCredentials 5b1f17b1804b1-49b9266be71sm405247755e9.2 - gsmtp')
  ✉️  EMAIL: Failed
    Webhook error: HTTPConnectionPool(host='localhost', port=8888): Max retries exceeded with url: /webhook (Caused by NewConnectionError("HTTPConnection(host='localhost', port=8888): Failed to establish a new connection: [Errno 111] Connection refused"))
  🔔 WEBHOOK: Failed
  📢 ALERT: FLOW-0005 risk=66.5%
     Description: Medium risk detected - operator notification sent
[DatabaseLogger] ✅ Logged ALERT for FLOW-0005 (risk=66.46584157991855%, email_sent=False, webhook_sent=False, rate_limit_ip=None, rate_limit_applied=None)
[DatabaseLogger] ✅ Alert 67296898-97f8-4758-9930-c668bc3ea561 created for FLOW-0005 (tier 2)
[Pipeline] FLOW-0001 risk=43.7% -> Tier 1 (LOG)

[Executor] Executing LOG for FLOW-0001...
  ✅ LOG: FLOW-0001 risk=43.70264598326521% | Normal operation - risk is low
[DatabaseLogger] ✅ Logged LOG for FLOW-0001 (risk=43.70264598326521%, email_sent=None, webhook_sent=None, rate_limit_ip=None, rate_limit_applied=None)
[Pipeline] FLOW-0002 risk=73.7% -> Tier 2 (ALERT)

[Executor] Executing ALERT for FLOW-0002...
    Email error: (535, b'5.7.8 Username and Password not accepted. For more information, go to\n5.7.8  https://support.google.com/mail/?p=BadCredentials ffacd0b85a97d-484322ce2a6sm8195866f8f.19 - gsmtp')
  ✉️  EMAIL: Failed
    Webhook error: HTTPConnectionPool(host='localhost', port=8888): Max retries exceeded with url: /webhook (Caused by NewConnectionError("HTTPConnection(host='localhost', port=8888): Failed to establish a new connection: [Errno 111] Connection refused"))
  🔔 WEBHOOK: Failed
  📢 ALERT: FLOW-0002 risk=73.7%
     Description: Medium risk detected - operator notification sent
[DatabaseLogger] ✅ Logged ALERT for FLOW-0002 (risk=73.73084418618048%, email_sent=False, webhook_sent=False, rate_limit_ip=None, rate_limit_applied=None)
[DatabaseLogger] ✅ Alert 3892c638-9967-43f5-9471-daa0a091fe37 created for FLOW-0002 (tier 2)
[Pipeline] FLOW-0003 risk=68.1% -> Tier 2 (ALERT)

[Executor] Executing ALERT for FLOW-0003...
    Email error: (535, b'5.7.8 Username and Password not accepted. For more information, go to\n5.7.8  https://support.google.com/mail/?p=BadCredentials 5b1f17b1804b1-49b9266be71sm405256245e9.2 - gsmtp')
  ✉️  EMAIL: Failed
    Webhook error: HTTPConnectionPool(host='localhost', port=8888): Max retries exceeded with url: /webhook (Caused by NewConnectionError("HTTPConnection(host='localhost', port=8888): Failed to establish a new connection: [Errno 111] Connection refused"))
  🔔 WEBHOOK: Failed
  📢 ALERT: FLOW-0003 risk=68.1%
     Description: Medium risk detected - operator notification sent
[DatabaseLogger] ✅ Logged ALERT for FLOW-0003 (risk=68.13082915234294%, email_sent=False, webhook_sent=False, rate_limit_ip=None, rate_limit_applied=None)
[DatabaseLogger] ✅ Alert 7023f7c2-50ae-47a4-be05-a9977f19b1b1 created for FLOW-0003 (tier 2)
[Pipeline] FLOW-0004 risk=85.7% -> Tier 3 (RATE_LIMIT)

[Executor] Executing RATE_LIMIT for FLOW-0004...
  ⏱️  RATE_LIMIT (simulation): Would limit FLOW-0004 to 10/min
[DatabaseLogger] ✅ Logged RATE_LIMIT for FLOW-0004 (risk=85.73489019526943%, email_sent=None, webhook_sent=None, rate_limit_ip=None, rate_limit_applied=False)
[DatabaseLogger] ✅ Alert b13b0e25-9a5c-4d8c-ab96-091848a377d0 created for FLOW-0004 (tier 3)
[Pipeline] FLOW-0005 risk=27.1% -> Tier 1 (LOG)

[Executor] Executing LOG for FLOW-0005...
  ✅ LOG: FLOW-0005 risk=27.06136616180739% | Normal operation - risk is low
[DatabaseLogger] ✅ Logged LOG for FLOW-0005 (risk=27.06136616180739%, email_sent=None, webhook_sent=None, rate_limit_ip=None, rate_limit_applied=None)
[Pipeline] FLOW-0001 risk=21.5% -> Tier 1 (LOG)

[Executor] Executing LOG for FLOW-0001...
  ✅ LOG: FLOW-0001 risk=21.508115497799864% | Normal operation - risk is low
[DatabaseLogger] ✅ Logged LOG for FLOW-0001 (risk=21.508115497799864%, email_sent=None, webhook_sent=None, rate_limit_ip=None, rate_limit_applied=None)
[Pipeline] FLOW-0002 risk=11.2% -> Tier 1 (LOG)

[Executor] Executing LOG for FLOW-0002...INFO:redis_state_manager:✅ Updated state: FLOW-0002 → LOG (risk=11.2%)
INFO:redis_state_manager:✅ Updated state: FLOW-0003 → LOG (risk=41.8%)
INFO:redis_state_manager:✅ Updated state: FLOW-0004 → LOG (risk=23.9%)
INFO:redis_state_manager:✅ Updated state: FLOW-0005 → RATE_LIMIT (risk=88.6%)
INFO:redis_state_manager:✅ Updated state: FLOW-0001 → LOG (risk=46.2%)
INFO:redis_state_manager:✅ Updated state: FLOW-0002 → LOG (risk=18.9%)
INFO:redis_state_manager:✅ Updated state: FLOW-0003 → LOG (risk=26.4%)
INFO:redis_state_manager:✅ Updated state: FLOW-0004 → LOG (risk=1.2%)
INFO:redis_state_manager:✅ Updated state: FLOW-0005 → LOG (risk=41.3%)
INFO:redis_state_manager:✅ Updated state: FLOW-0001 → RATE_LIMIT (risk=87.9%)
INFO:redis_state_manager:✅ Updated state: FLOW-0002 → LOG (risk=40.9%)
INFO:redis_state_manager:✅ Updated state: FLOW-0003 → LOG (risk=34.9%)
INFO:redis_state_manager:✅ Updated state: FLOW-0004 → LOG (risk=33.4%)
INFO:redis_state_manager:✅ Updated state: FLOW-0005 → LOG (risk=29.0%)
INFO:redis_state_manager:✅ Updated state: FLOW-0001 → LOG (risk=16.7%)
INFO:redis_state_manager:✅ Updated state: FLOW-0002 → LOG (risk=22.3%)
INFO:redis_state_manager:✅ Updated state: FLOW-0003 → RATE_LIMIT (risk=86.1%)
INFO:redis_state_manager:✅ Updated state: FLOW-0004 → ALERT (risk=68.4%)
INFO:redis_state_manager:✅ Updated state: FLOW-0005 → LOG (risk=57.1%)
INFO:redis_state_manager:✅ Updated state: FLOW-0001 → LOG (risk=52.1%)
INFO:redis_state_manager:✅ Updated state: FLOW-0002 → LOG (risk=40.4%)
INFO:redis_state_manager:✅ Updated state: FLOW-0003 → LOG (risk=24.9%)

  ✅ LOG: FLOW-0002 risk=11.176424219897015% | Normal operation - risk is low
[DatabaseLogger] ✅ Logged LOG for FLOW-0002 (risk=11.176424219897015%, email_sent=None, webhook_sent=None, rate_limit_ip=None, rate_limit_applied=None)
[Pipeline] FLOW-0003 risk=41.8% -> Tier 1 (LOG)

[Executor] Executing LOG for FLOW-0003...
  ✅ LOG: FLOW-0003 risk=41.79420004940217% | Normal operation - risk is low
[DatabaseLogger] ✅ Logged LOG for FLOW-0003 (risk=41.79420004940217%, email_sent=None, webhook_sent=None, rate_limit_ip=None, rate_limit_applied=None)
[Pipeline] FLOW-0004 risk=23.9% -> Tier 1 (LOG)

[Executor] Executing LOG for FLOW-0004...
  ✅ LOG: FLOW-0004 risk=23.87120688282506% | Normal operation - risk is low
[DatabaseLogger] ✅ Logged LOG for FLOW-0004 (risk=23.87120688282506%, email_sent=None, webhook_sent=None, rate_limit_ip=None, rate_limit_applied=None)
[Pipeline] FLOW-0005 risk=88.6% -> Tier 3 (RATE_LIMIT)

[Executor] Executing RATE_LIMIT for FLOW-0005...
  ⏱️  RATE_LIMIT (simulation): Would limit FLOW-0005 to 10/min
[DatabaseLogger] ✅ Logged RATE_LIMIT for FLOW-0005 (risk=88.57566922716404%, email_sent=None, webhook_sent=None, rate_limit_ip=None, rate_limit_applied=False)
[DatabaseLogger] ✅ Alert 2eeaf50d-ba4f-4072-a009-f3ec6ac72c96 created for FLOW-0005 (tier 3)
[Pipeline] FLOW-0001 risk=46.2% -> Tier 1 (LOG)

[Executor] Executing LOG for FLOW-0001...
  ✅ LOG: FLOW-0001 risk=46.15833176294596% | Normal operation - risk is low
[DatabaseLogger] ✅ Logged LOG for FLOW-0001 (risk=46.15833176294596%, email_sent=None, webhook_sent=None, rate_limit_ip=None, rate_limit_applied=None)
[Pipeline] FLOW-0002 risk=18.9% -> Tier 1 (LOG)

[Executor] Executing LOG for FLOW-0002...
  ✅ LOG: FLOW-0002 risk=18.908621114037377% | Normal operation - risk is low
[DatabaseLogger] ✅ Logged LOG for FLOW-0002 (risk=18.908621114037377%, email_sent=None, webhook_sent=None, rate_limit_ip=None, rate_limit_applied=None)
[Pipeline] FLOW-0003 risk=26.4% -> Tier 1 (LOG)

[Executor] Executing LOG for FLOW-0003...
  ✅ LOG: FLOW-0003 risk=26.405846884509184% | Normal operation - risk is low
[DatabaseLogger] ✅ Logged LOG for FLOW-0003 (risk=26.405846884509184%, email_sent=None, webhook_sent=None, rate_limit_ip=None, rate_limit_applied=None)
[Pipeline] FLOW-0004 risk=1.2% -> Tier 1 (LOG)

[Executor] Executing LOG for FLOW-0004...
  ✅ LOG: FLOW-0004 risk=1.15887855985763% | Normal operation - risk is low
[DatabaseLogger] ✅ Logged LOG for FLOW-0004 (risk=1.15887855985763%, email_sent=None, webhook_sent=None, rate_limit_ip=None, rate_limit_applied=None)
[Pipeline] FLOW-0005 risk=41.3% -> Tier 1 (LOG)

[Executor] Executing LOG for FLOW-0005...
  ✅ LOG: FLOW-0005 risk=41.3169376299095% | Normal operation - risk is low
[DatabaseLogger] ✅ Logged LOG for FLOW-0005 (risk=41.3169376299095%, email_sent=None, webhook_sent=None, rate_limit_ip=None, rate_limit_applied=None)
[Pipeline] FLOW-0001 risk=87.9% -> Tier 3 (RATE_LIMIT)

[Executor] Executing RATE_LIMIT for FLOW-0001...
  ⏱️  RATE_LIMIT (simulation): Would limit FLOW-0001 to 10/min
[DatabaseLogger] ✅ Logged RATE_LIMIT for FLOW-0001 (risk=87.92694537137223%, email_sent=None, webhook_sent=None, rate_limit_ip=None, rate_limit_applied=False)
[DatabaseLogger] ✅ Alert 4376806d-d768-4d1a-a859-c934c38494d0 created for FLOW-0001 (tier 3)
[Pipeline] FLOW-0002 risk=40.9% -> Tier 1 (LOG)

[Executor] Executing LOG for FLOW-0002...
  ✅ LOG: FLOW-0002 risk=40.92357486229475% | Normal operation - risk is low
[DatabaseLogger] ✅ Logged LOG for FLOW-0002 (risk=40.92357486229475%, email_sent=None, webhook_sent=None, rate_limit_ip=None, rate_limit_applied=None)
[Pipeline] FLOW-0003 risk=34.9% -> Tier 1 (LOG)

[Executor] Executing LOG for FLOW-0003...
  ✅ LOG: FLOW-0003 risk=34.890030603251226% | Normal operation - risk is low
[DatabaseLogger] ✅ Logged LOG for FLOW-0003 (risk=34.890030603251226%, email_sent=None, webhook_sent=None, rate_limit_ip=None, rate_limit_applied=None)
[Pipeline] FLOW-0004 risk=33.4% -> Tier 1 (LOG)

[Executor] Executing LOG for FLOW-0004...
  ✅ LOG: FLOW-0004 risk=33.385147242548676% | Normal operation - risk is low
[DatabaseLogger] ✅ Logged LOG for FLOW-0004 (risk=33.385147242548676%, email_sent=None, webhook_sent=None, rate_limit_ip=None, rate_limit_applied=None)
[Pipeline] FLOW-0005 risk=29.0% -> Tier 1 (LOG)

[Executor] Executing LOG for FLOW-0005...
  ✅ LOG: FLOW-0005 risk=29.025200429681426% | Normal operation - risk is low
[DatabaseLogger] ✅ Logged LOG for FLOW-0005 (risk=29.025200429681426%, email_sent=None, webhook_sent=None, rate_limit_ip=None, rate_limit_applied=None)
[Pipeline] FLOW-0001 risk=16.7% -> Tier 1 (LOG)

[Executor] Executing LOG for FLOW-0001...
  ✅ LOG: FLOW-0001 risk=16.713704558332743% | Normal operation - risk is low
[DatabaseLogger] ✅ Logged LOG for FLOW-0001 (risk=16.713704558332743%, email_sent=None, webhook_sent=None, rate_limit_ip=None, rate_limit_applied=None)
[Pipeline] FLOW-0002 risk=22.3% -> Tier 1 (LOG)

[Executor] Executing LOG for FLOW-0002...
  ✅ LOG: FLOW-0002 risk=22.25367584087774% | Normal operation - risk is low
[DatabaseLogger] ✅ Logged LOG for FLOW-0002 (risk=22.25367584087774%, email_sent=None, webhook_sent=None, rate_limit_ip=None, rate_limit_applied=None)
[Pipeline] FLOW-0003 risk=86.1% -> Tier 3 (RATE_LIMIT)

[Executor] Executing RATE_LIMIT for FLOW-0003...
  ⏱️  RATE_LIMIT (simulation): Would limit FLOW-0003 to 10/min
[DatabaseLogger] ✅ Logged RATE_LIMIT for FLOW-0003 (risk=86.13271512244836%, email_sent=None, webhook_sent=None, rate_limit_ip=None, rate_limit_applied=False)
[DatabaseLogger] ✅ Alert 2985736f-2e03-4fd7-b6ed-7d40c1d3644d created for FLOW-0003 (tier 3)
[Pipeline] FLOW-0004 risk=68.4% -> Tier 2 (ALERT)

[Executor] Executing ALERT for FLOW-0004...
    Email error: (535, b'5.7.8 Username and Password not accepted. For more information, go to\n5.7.8  https://support.google.com/mail/?p=BadCredentials ffacd0b85a97d-48432022ab8sm7527339f8f.28 - gsmtp')
  ✉️  EMAIL: Failed
    Webhook error: HTTPConnectionPool(host='localhost', port=8888): Max retries exceeded with url: /webhook (Caused by NewConnectionError("HTTPConnection(host='localhost', port=8888): Failed to establish a new connection: [Errno 111] Connection refused"))
  🔔 WEBHOOK: Failed
  📢 ALERT: FLOW-0004 risk=68.4%
     Description: Medium risk detected - operator notification sent
[DatabaseLogger] ✅ Logged ALERT for FLOW-0004 (risk=68.44354405678668%, email_sent=False, webhook_sent=False, rate_limit_ip=None, rate_limit_applied=None)
[DatabaseLogger] ✅ Alert 16e981c7-87f0-4dee-b5eb-fc57ad9f9504 created for FLOW-0004 (tier 2)
[Pipeline] FLOW-0005 risk=57.1% -> Tier 1 (LOG)

[Executor] Executing LOG for FLOW-0005...
  ✅ LOG: FLOW-0005 risk=57.10352750031785% | Normal operation - risk is low
[DatabaseLogger] ✅ Logged LOG for FLOW-0005 (risk=57.10352750031785%, email_sent=None, webhook_sent=None, rate_limit_ip=None, rate_limit_applied=None)
[Pipeline] FLOW-0001 risk=52.1% -> Tier 1 (LOG)

[Executor] Executing LOG for FLOW-0001...
  ✅ LOG: FLOW-0001 risk=52.132955702667% | Normal operation - risk is low
[DatabaseLogger] ✅ Logged LOG for FLOW-0001 (risk=52.132955702667%, email_sent=None, webhook_sent=None, rate_limit_ip=None, rate_limit_applied=None)
[Pipeline] FLOW-0002 risk=40.4% -> Tier 1 (LOG)

[Executor] Executing LOG for FLOW-0002...
  ✅ LOG: FLOW-0002 risk=40.40284333847169% | Normal operation - risk is low
[DatabaseLogger] ✅ Logged LOG for FLOW-0002 (risk=40.40284333847169%, email_sent=None, webhook_sent=None, rate_limit_ip=None, rate_limit_applied=None)
[Pipeline] FLOW-0003 risk=24.9% -> Tier 1 (LOG)

[Executor] Executing LOG for FLOW-0003...
  ✅ LOG: FLOW-0003 risk=24.917727513120347% | Normal operation - risk is low
[DatabaseLogger] ✅ Logged LOG for FLOW-0003 (risk=24.917727513120347%, email_sent=None, webhook_sent=None, rate_limit_ip=None, rate_limit_applied=None)
[Pipeline] FLOW-0004 risk=9.7% -> Tier 1 (LOG)

[Executor] Executing LOG for FLOW-0004...
  ✅ LOG: FLOW-0004 risk=9.695783172101367% | Normal operation - risk is low
[DatabaseLogger] ✅ Logged LOG for FLOW-0004 (risk=9.695783172101367%, email_sent=None, webhook_sent=None, rate_limit_ip=None, rate_limit_applied=None)INFO:redis_state_manager:✅ Updated state: FLOW-0004 → LOG (risk=9.7%)
INFO:redis_state_manager:✅ Updated state: FLOW-0005 → ALERT (risk=63.9%)
INFO:redis_state_manager:✅ Updated state: FLOW-0001 → LOG (risk=24.0%)
INFO:redis_state_manager:✅ Updated state: FLOW-0002 → ALERT (risk=62.6%)
INFO:redis_state_manager:✅ Updated state: FLOW-0003 → ALERT (risk=64.5%)
INFO:redis_state_manager:✅ Updated state: FLOW-0004 → RATE_LIMIT (risk=93.1%)
INFO:redis_state_manager:✅ Updated state: FLOW-0005 → LOG (risk=4.5%)
INFO:redis_state_manager:✅ Updated state: FLOW-0001 → LOG (risk=32.5%)
INFO:redis_state_manager:✅ Updated state: FLOW-0002 → LOG (risk=27.7%)
INFO:redis_state_manager:✅ Updated state: FLOW-0003 → FULL_ISOLATION (risk=97.2%)
INFO:redis_state_manager:🔒 Marked isolated: FLOW-0003
INFO:redis_state_manager:✅ Updated state: FLOW-0004 → LOG (risk=52.1%)
INFO:redis_state_manager:✅ Updated state: FLOW-0005 → LOG (risk=9.9%)
INFO:redis_state_manager:✅ Updated state: FLOW-0001 → LOG (risk=8.4%)
INFO:redis_state_manager:✅ Updated state: FLOW-0002 → LOG (risk=7.4%)
INFO:redis_state_manager:✅ Updated state: FLOW-0003 → RATE_LIMIT (risk=94.3%)
INFO:redis_state_manager:✅ Updated state: FLOW-0004 → LOG (risk=10.1%)
INFO:redis_state_manager:✅ Updated state: FLOW-0005 → RATE_LIMIT (risk=83.0%)
INFO:redis_state_manager:✅ Updated state: FLOW-0001 → LOG (risk=6.7%)

[Pipeline] FLOW-0005 risk=63.9% -> Tier 2 (ALERT)

[Executor] Executing ALERT for FLOW-0005...
    Email error: (535, b'5.7.8 Username and Password not accepted. For more information, go to\n5.7.8  https://support.google.com/mail/?p=BadCredentials ffacd0b85a97d-482fbb20793sm14308111f8f.17 - gsmtp')
  ✉️  EMAIL: Failed
    Webhook error: HTTPConnectionPool(host='localhost', port=8888): Max retries exceeded with url: /webhook (Caused by NewConnectionError("HTTPConnection(host='localhost', port=8888): Failed to establish a new connection: [Errno 111] Connection refused"))
  🔔 WEBHOOK: Failed
  📢 ALERT: FLOW-0005 risk=63.9%
     Description: Medium risk detected - operator notification sent
[DatabaseLogger] ✅ Logged ALERT for FLOW-0005 (risk=63.9358624165781%, email_sent=False, webhook_sent=False, rate_limit_ip=None, rate_limit_applied=None)
[DatabaseLogger] ✅ Alert b3b81b72-1550-493c-b596-6eab9ee457d9 created for FLOW-0005 (tier 2)
[Pipeline] FLOW-0001 risk=24.0% -> Tier 1 (LOG)

[Executor] Executing LOG for FLOW-0001...
  ✅ LOG: FLOW-0001 risk=24.03122658035913% | Normal operation - risk is low
[DatabaseLogger] ✅ Logged LOG for FLOW-0001 (risk=24.03122658035913%, email_sent=None, webhook_sent=None, rate_limit_ip=None, rate_limit_applied=None)
[Pipeline] FLOW-0002 risk=62.6% -> Tier 2 (ALERT)

[Executor] Executing ALERT for FLOW-0002...
    Email error: (535, b'5.7.8 Username and Password not accepted. For more information, go to\n5.7.8  https://support.google.com/mail/?p=BadCredentials ffacd0b85a97d-484397f33fesm1044108f8f.15 - gsmtp')
  ✉️  EMAIL: Failed
    Webhook error: HTTPConnectionPool(host='localhost', port=8888): Max retries exceeded with url: /webhook (Caused by NewConnectionError("HTTPConnection(host='localhost', port=8888): Failed to establish a new connection: [Errno 111] Connection refused"))
  🔔 WEBHOOK: Failed
  📢 ALERT: FLOW-0002 risk=62.6%
     Description: Medium risk detected - operator notification sent
[DatabaseLogger] ✅ Logged ALERT for FLOW-0002 (risk=62.58660763996152%, email_sent=False, webhook_sent=False, rate_limit_ip=None, rate_limit_applied=None)
[DatabaseLogger] ✅ Alert bebeb349-215d-4c81-9e54-2146bee40e66 created for FLOW-0002 (tier 2)
[Pipeline] FLOW-0003 risk=64.5% -> Tier 2 (ALERT)

[Executor] Executing ALERT for FLOW-0003...
    Email error: (535, b'5.7.8 Username and Password not accepted. For more information, go to\n5.7.8  https://support.google.com/mail/?p=BadCredentials 5b1f17b1804b1-49b963c3c0asm306059815e9.10 - gsmtp')
  ✉️  EMAIL: Failed
    Webhook error: HTTPConnectionPool(host='localhost', port=8888): Max retries exceeded with url: /webhook (Caused by NewConnectionError("HTTPConnection(host='localhost', port=8888): Failed to establish a new connection: [Errno 111] Connection refused"))
  🔔 WEBHOOK: Failed
  📢 ALERT: FLOW-0003 risk=64.5%
     Description: Medium risk detected - operator notification sent
[DatabaseLogger] ✅ Logged ALERT for FLOW-0003 (risk=64.53707444680951%, email_sent=False, webhook_sent=False, rate_limit_ip=None, rate_limit_applied=None)
[DatabaseLogger] ✅ Alert a921d500-3794-47b6-981f-9785e3411c04 created for FLOW-0003 (tier 2)
[Pipeline] FLOW-0004 risk=93.1% -> Tier 3 (RATE_LIMIT)

[Executor] Executing RATE_LIMIT for FLOW-0004...
  ⏱️  RATE_LIMIT (simulation): Would limit FLOW-0004 to 10/min
[DatabaseLogger] ✅ Logged RATE_LIMIT for FLOW-0004 (risk=93.07885446123707%, email_sent=None, webhook_sent=None, rate_limit_ip=None, rate_limit_applied=False)
[DatabaseLogger] ✅ Alert fdc9794f-eea9-4773-a24a-bac59805c717 created for FLOW-0004 (tier 3)
[Pipeline] FLOW-0005 risk=4.5% -> Tier 1 (LOG)

[Executor] Executing LOG for FLOW-0005...
  ✅ LOG: FLOW-0005 risk=4.487775072642011% | Normal operation - risk is low
[DatabaseLogger] ✅ Logged LOG for FLOW-0005 (risk=4.487775072642011%, email_sent=None, webhook_sent=None, rate_limit_ip=None, rate_limit_applied=None)
[Pipeline] FLOW-0001 risk=32.5% -> Tier 1 (LOG)

[Executor] Executing LOG for FLOW-0001...
  ✅ LOG: FLOW-0001 risk=32.481608900669265% | Normal operation - risk is low
[DatabaseLogger] ✅ Logged LOG for FLOW-0001 (risk=32.481608900669265%, email_sent=None, webhook_sent=None, rate_limit_ip=None, rate_limit_applied=None)
[Pipeline] FLOW-0002 risk=27.7% -> Tier 1 (LOG)

[Executor] Executing LOG for FLOW-0002...
  ✅ LOG: FLOW-0002 risk=27.7186022288345% | Normal operation - risk is low
[DatabaseLogger] ✅ Logged LOG for FLOW-0002 (risk=27.7186022288345%, email_sent=None, webhook_sent=None, rate_limit_ip=None, rate_limit_applied=None)
[Pipeline] FLOW-0003 risk=97.2% -> Tier 4 (FULL_ISOLATION)

[Executor] Executing FULL_ISOLATION for FLOW-0003...
  🔒 FULL_ISOLATION: Triggering Module 4 for FLOW-0003...
    (Would POST to Module 4 API to isolate FLOW-0003)
     ✅ Module 4 isolation triggered
[DatabaseLogger] ✅ Logged FULL_ISOLATION for FLOW-0003 (risk=97.20364559542483%, email_sent=None, webhook_sent=None, rate_limit_ip=None, rate_limit_applied=None)
[DatabaseLogger] ✅ Alert 4967f4f2-94b0-41ce-8f06-158c3306be81 created for FLOW-0003 (tier 4)
[DatabaseLogger] ✅ Set FLOW-0003 state to QUARANTINE
[Pipeline] Marked FLOW-0003 as isolated
[Pipeline] FLOW-0004 risk=52.1% -> Tier 1 (LOG)

[Executor] Executing LOG for FLOW-0004...
  ✅ LOG: FLOW-0004 risk=52.07815703231858% | Normal operation - risk is low
[DatabaseLogger] ✅ Logged LOG for FLOW-0004 (risk=52.07815703231858%, email_sent=None, webhook_sent=None, rate_limit_ip=None, rate_limit_applied=None)
[Pipeline] FLOW-0005 risk=9.9% -> Tier 1 (LOG)

[Executor] Executing LOG for FLOW-0005...
  ✅ LOG: FLOW-0005 risk=9.858411785246318% | Normal operation - risk is low
[DatabaseLogger] ✅ Logged LOG for FLOW-0005 (risk=9.858411785246318%, email_sent=None, webhook_sent=None, rate_limit_ip=None, rate_limit_applied=None)
[Pipeline] FLOW-0001 risk=8.4% -> Tier 1 (LOG)

[Executor] Executing LOG for FLOW-0001...
  ✅ LOG: FLOW-0001 risk=8.403003269421635% | Normal operation - risk is low
[DatabaseLogger] ✅ Logged LOG for FLOW-0001 (risk=8.403003269421635%, email_sent=None, webhook_sent=None, rate_limit_ip=None, rate_limit_applied=None)
[Pipeline] FLOW-0002 risk=7.4% -> Tier 1 (LOG)

[Executor] Executing LOG for FLOW-0002...
  ✅ LOG: FLOW-0002 risk=7.443516230955605% | Normal operation - risk is low
[DatabaseLogger] ✅ Logged LOG for FLOW-0002 (risk=7.443516230955605%, email_sent=None, webhook_sent=None, rate_limit_ip=None, rate_limit_applied=None)
[Pipeline] FLOW-0003 risk=94.3% -> Tier 3 (RATE_LIMIT)

[Executor] Executing RATE_LIMIT for FLOW-0003...
  ⏱️  RATE_LIMIT (simulation): Would limit FLOW-0003 to 10/min
[DatabaseLogger] ✅ Logged RATE_LIMIT for FLOW-0003 (risk=94.29271656656209%, email_sent=None, webhook_sent=None, rate_limit_ip=None, rate_limit_applied=False)
[DatabaseLogger] ✅ Alert 2d7687ee-76c8-4b5e-8e2a-653989ebdde8 created for FLOW-0003 (tier 3)
[Pipeline] FLOW-0004 risk=10.1% -> Tier 1 (LOG)

[Executor] Executing LOG for FLOW-0004...
  ✅ LOG: FLOW-0004 risk=10.077436757797486% | Normal operation - risk is low
[DatabaseLogger] ✅ Logged LOG for FLOW-0004 (risk=10.077436757797486%, email_sent=None, webhook_sent=None, rate_limit_ip=None, rate_limit_applied=None)
[Pipeline] FLOW-0005 risk=83.0% -> Tier 3 (RATE_LIMIT)

[Executor] Executing RATE_LIMIT for FLOW-0005...
  ⏱️  RATE_LIMIT (simulation): Would limit FLOW-0005 to 10/min
[DatabaseLogger] ✅ Logged RATE_LIMIT for FLOW-0005 (risk=83.02062508736542%, email_sent=None, webhook_sent=None, rate_limit_ip=None, rate_limit_applied=False)
[DatabaseLogger] ✅ Alert 99cf339d-f003-4ab6-9fcf-4794b008d5af created for FLOW-0005 (tier 3)
[Pipeline] FLOW-0001 risk=6.7% -> Tier 1 (LOG)

[Executor] Executing LOG for FLOW-0001...
  ✅ LOG: FLOW-0001 risk=6.735586390692343% | Normal operation - risk is low
[DatabaseLogger] ✅ Logged LOG for FLOW-0001 (risk=6.735586390692343%, email_sent=None, webhook_sent=None, rate_limit_ip=None, rate_limit_applied=None)
[Pipeline] FLOW-0002 risk=99.9% -> Tier 4 (FULL_ISOLATION)

[Executor] Executing FULL_ISOLATION for FLOW-0002...
  🔒 FULL_ISOLATION: Triggering Module 4 for FLOW-0002...
    (Would POST to Module 4 API to isolate FLOW-0002)INFO:redis_state_manager:✅ Updated state: FLOW-0002 → FULL_ISOLATION (risk=99.9%)
INFO:redis_state_manager:🔒 Marked isolated: FLOW-0002
INFO:redis_state_manager:✅ Updated state: FLOW-0003 → LOG (risk=14.1%)
INFO:redis_state_manager:✅ Updated state: FLOW-0004 → LOG (risk=8.3%)
INFO:redis_state_manager:✅ Updated state: FLOW-0005 → LOG (risk=53.6%)
INFO:redis_state_manager:✅ Updated state: FLOW-0001 → LOG (risk=0.4%)
INFO:redis_state_manager:✅ Updated state: FLOW-0002 → LOG (risk=5.0%)
INFO:redis_state_manager:✅ Updated state: FLOW-0003 → RATE_LIMIT (risk=91.1%)
INFO:redis_state_manager:✅ Updated state: FLOW-0004 → LOG (risk=23.5%)
INFO:redis_state_manager:✅ Updated state: FLOW-0005 → LOG (risk=1.0%)
INFO:redis_state_manager:✅ Updated state: FLOW-0001 → RATE_LIMIT (risk=88.0%)
INFO:redis_state_manager:✅ Updated state: FLOW-0002 → LOG (risk=55.4%)
INFO:redis_state_manager:✅ Updated state: FLOW-0003 → LOG (risk=52.1%)
INFO:redis_state_manager:✅ Updated state: FLOW-0004 → LOG (risk=26.0%)
INFO:redis_state_manager:✅ Updated state: FLOW-0005 → LOG (risk=23.8%)
INFO:redis_state_manager:✅ Updated state: FLOW-0001 → ALERT (risk=65.1%)
INFO:redis_state_manager:✅ Updated state: FLOW-0002 → LOG (risk=44.1%)
INFO:redis_state_manager:✅ Updated state: FLOW-0003 → ALERT (risk=65.7%)
INFO:redis_state_manager:✅ Updated state: FLOW-0004 → ALERT (risk=70.0%)

     ✅ Module 4 isolation triggered
[DatabaseLogger] ✅ Logged FULL_ISOLATION for FLOW-0002 (risk=99.90268423882664%, email_sent=None, webhook_sent=None, rate_limit_ip=None, rate_limit_applied=None)
[DatabaseLogger] ✅ Alert 3b3c1dd7-91be-4a3f-9397-f7fd52a65c31 created for FLOW-0002 (tier 4)
[DatabaseLogger] ✅ Set FLOW-0002 state to QUARANTINE
[Pipeline] Marked FLOW-0002 as isolated
[Pipeline] FLOW-0003 risk=14.1% -> Tier 1 (LOG)

[Executor] Executing LOG for FLOW-0003...
  ✅ LOG: FLOW-0003 risk=14.068013938549711% | Normal operation - risk is low
[DatabaseLogger] ✅ Logged LOG for FLOW-0003 (risk=14.068013938549711%, email_sent=None, webhook_sent=None, rate_limit_ip=None, rate_limit_applied=None)
[Pipeline] FLOW-0004 risk=8.3% -> Tier 1 (LOG)

[Executor] Executing LOG for FLOW-0004...
  ✅ LOG: FLOW-0004 risk=8.32932902049814% | Normal operation - risk is low
[DatabaseLogger] ✅ Logged LOG for FLOW-0004 (risk=8.32932902049814%, email_sent=None, webhook_sent=None, rate_limit_ip=None, rate_limit_applied=None)
[Pipeline] FLOW-0005 risk=53.6% -> Tier 1 (LOG)

[Executor] Executing LOG for FLOW-0005...
  ✅ LOG: FLOW-0005 risk=53.637422165939626% | Normal operation - risk is low
[DatabaseLogger] ✅ Logged LOG for FLOW-0005 (risk=53.637422165939626%, email_sent=None, webhook_sent=None, rate_limit_ip=None, rate_limit_applied=None)
[Pipeline] FLOW-0001 risk=0.4% -> Tier 1 (LOG)

[Executor] Executing LOG for FLOW-0001...
  ✅ LOG: FLOW-0001 risk=0.39708914046021615% | Normal operation - risk is low
[DatabaseLogger] ✅ Logged LOG for FLOW-0001 (risk=0.39708914046021615%, email_sent=None, webhook_sent=None, rate_limit_ip=None, rate_limit_applied=None)
[Pipeline] FLOW-0002 risk=5.0% -> Tier 1 (LOG)

[Executor] Executing LOG for FLOW-0002...
  ✅ LOG: FLOW-0002 risk=4.967446882775648% | Normal operation - risk is low
[DatabaseLogger] ✅ Logged LOG for FLOW-0002 (risk=4.967446882775648%, email_sent=None, webhook_sent=None, rate_limit_ip=None, rate_limit_applied=None)
[Pipeline] FLOW-0003 risk=91.1% -> Tier 3 (RATE_LIMIT)

[Executor] Executing RATE_LIMIT for FLOW-0003...
  ⏱️  RATE_LIMIT (simulation): Would limit FLOW-0003 to 10/min
[DatabaseLogger] ✅ Logged RATE_LIMIT for FLOW-0003 (risk=91.069173524571%, email_sent=None, webhook_sent=None, rate_limit_ip=None, rate_limit_applied=False)
[DatabaseLogger] ✅ Alert 83662af9-5fd3-469b-85d8-55422179e7fc created for FLOW-0003 (tier 3)
[Pipeline] FLOW-0004 risk=23.5% -> Tier 1 (LOG)

[Executor] Executing LOG for FLOW-0004...
  ✅ LOG: FLOW-0004 risk=23.494367085099228% | Normal operation - risk is low
[DatabaseLogger] ✅ Logged LOG for FLOW-0004 (risk=23.494367085099228%, email_sent=None, webhook_sent=None, rate_limit_ip=None, rate_limit_applied=None)
[Pipeline] FLOW-0005 risk=1.0% -> Tier 1 (LOG)

[Executor] Executing LOG for FLOW-0005...
  ✅ LOG: FLOW-0005 risk=1.0459557102856731% | Normal operation - risk is low
[DatabaseLogger] ✅ Logged LOG for FLOW-0005 (risk=1.0459557102856731%, email_sent=None, webhook_sent=None, rate_limit_ip=None, rate_limit_applied=None)
[Pipeline] FLOW-0001 risk=88.0% -> Tier 3 (RATE_LIMIT)

[Executor] Executing RATE_LIMIT for FLOW-0001...
  ⏱️  RATE_LIMIT (simulation): Would limit FLOW-0001 to 10/min
[DatabaseLogger] ✅ Logged RATE_LIMIT for FLOW-0001 (risk=88.00698305821462%, email_sent=None, webhook_sent=None, rate_limit_ip=None, rate_limit_applied=False)
[DatabaseLogger] ✅ Alert f310ea83-a297-4ba5-97ec-b8091fd15c45 created for FLOW-0001 (tier 3)
[Pipeline] FLOW-0002 risk=55.4% -> Tier 1 (LOG)

[Executor] Executing LOG for FLOW-0002...
  ✅ LOG: FLOW-0002 risk=55.35645304692491% | Normal operation - risk is low
[DatabaseLogger] ✅ Logged LOG for FLOW-0002 (risk=55.35645304692491%, email_sent=None, webhook_sent=None, rate_limit_ip=None, rate_limit_applied=None)
[Pipeline] FLOW-0003 risk=52.1% -> Tier 1 (LOG)

[Executor] Executing LOG for FLOW-0003...
  ✅ LOG: FLOW-0003 risk=52.13986582896766% | Normal operation - risk is low
[DatabaseLogger] ✅ Logged LOG for FLOW-0003 (risk=52.13986582896766%, email_sent=None, webhook_sent=None, rate_limit_ip=None, rate_limit_applied=None)
[Pipeline] FLOW-0004 risk=26.0% -> Tier 1 (LOG)

[Executor] Executing LOG for FLOW-0004...
  ✅ LOG: FLOW-0004 risk=25.995439395724308% | Normal operation - risk is low
[DatabaseLogger] ✅ Logged LOG for FLOW-0004 (risk=25.995439395724308%, email_sent=None, webhook_sent=None, rate_limit_ip=None, rate_limit_applied=None)
[Pipeline] FLOW-0005 risk=23.8% -> Tier 1 (LOG)

[Executor] Executing LOG for FLOW-0005...
  ✅ LOG: FLOW-0005 risk=23.809901654582013% | Normal operation - risk is low
[DatabaseLogger] ✅ Logged LOG for FLOW-0005 (risk=23.809901654582013%, email_sent=None, webhook_sent=None, rate_limit_ip=None, rate_limit_applied=None)
[Pipeline] FLOW-0001 risk=65.1% -> Tier 2 (ALERT)

[Executor] Executing ALERT for FLOW-0001...
    Email error: (535, b'5.7.8 Username and Password not accepted. For more information, go to\n5.7.8  https://support.google.com/mail/?p=BadCredentials ffacd0b85a97d-482fbb20122sm14468732f8f.20 - gsmtp')
  ✉️  EMAIL: Failed
    Webhook error: HTTPConnectionPool(host='localhost', port=8888): Max retries exceeded with url: /webhook (Caused by NewConnectionError("HTTPConnection(host='localhost', port=8888): Failed to establish a new connection: [Errno 111] Connection refused"))
  🔔 WEBHOOK: Failed
  📢 ALERT: FLOW-0001 risk=65.1%
     Description: Medium risk detected - operator notification sent
[DatabaseLogger] ✅ Logged ALERT for FLOW-0001 (risk=65.1130597815821%, email_sent=False, webhook_sent=False, rate_limit_ip=None, rate_limit_applied=None)
[DatabaseLogger] ✅ Alert fa8c4960-e515-4d4e-93f3-6d4a67ea01f5 created for FLOW-0001 (tier 2)
[Pipeline] FLOW-0002 risk=44.1% -> Tier 1 (LOG)

[Executor] Executing LOG for FLOW-0002...
  ✅ LOG: FLOW-0002 risk=44.149352001965475% | Normal operation - risk is low
[DatabaseLogger] ✅ Logged LOG for FLOW-0002 (risk=44.149352001965475%, email_sent=None, webhook_sent=None, rate_limit_ip=None, rate_limit_applied=None)
[Pipeline] FLOW-0003 risk=65.7% -> Tier 2 (ALERT)

[Executor] Executing ALERT for FLOW-0003...
    Email error: (535, b'5.7.8 Username and Password not accepted. For more information, go to\n5.7.8  https://support.google.com/mail/?p=BadCredentials ffacd0b85a97d-482fbb2005esm14524278f8f.24 - gsmtp')
  ✉️  EMAIL: Failed
    Webhook error: HTTPConnectionPool(host='localhost', port=8888): Max retries exceeded with url: /webhook (Caused by NewConnectionError("HTTPConnection(host='localhost', port=8888): Failed to establish a new connection: [Errno 111] Connection refused"))
  🔔 WEBHOOK: Failed
  📢 ALERT: FLOW-0003 risk=65.7%
     Description: Medium risk detected - operator notification sent
[DatabaseLogger] ✅ Logged ALERT for FLOW-0003 (risk=65.72113881005399%, email_sent=False, webhook_sent=False, rate_limit_ip=None, rate_limit_applied=None)
[DatabaseLogger] ✅ Alert df757100-e59c-4f1f-a83d-e4e4be684cf1 created for FLOW-0003 (tier 2)
[Pipeline] FLOW-0004 risk=70.0% -> Tier 2 (ALERT)

[Executor] Executing ALERT for FLOW-0004...
    Email error: (535, b'5.7.8 Username and Password not accepted. For more information, go to\n5.7.8  https://support.google.com/mail/?p=BadCredentials 5b1f17b1804b1-49b95013ce4sm164802725e9.14 - gsmtp')
  ✉️  EMAIL: Failed
    Webhook error: HTTPConnectionPool(host='localhost', port=8888): Max retries exceeded with url: /webhook (Caused by NewConnectionError("HTTPConnection(host='localhost', port=8888): Failed to establish a new connection: [Errno 111] Connection refused"))
  🔔 WEBHOOK: Failed
  📢 ALERT: FLOW-0004 risk=70.0%
     Description: Medium risk detected - operator notification sent
[DatabaseLogger] ✅ Logged ALERT for FLOW-0004 (risk=69.96118916661135%, email_sent=False, webhook_sent=False, rate_limit_ip=None, rate_limit_applied=None)
[DatabaseLogger] ✅ Alert d89f034c-3910-4fb8-a996-1e9ecb473100 created for FLOW-0004 (tier 2)
[Pipeline] FLOW-0005 risk=10.0% -> Tier 1 (LOG)

[Executor] Executing LOG for FLOW-0005...
  ✅ LOG: FLOW-0005 risk=10.018738991625549% | Normal operation - risk is low
[DatabaseLogger] ✅ Logged LOG for FLOW-0005 (risk=10.018738991625549%, email_sent=None, webhook_sent=None, rate_limit_ip=None, rate_limit_applied=None)INFO:redis_state_manager:✅ Updated state: FLOW-0005 → LOG (risk=10.0%)
INFO:redis_state_manager:✅ Updated state: FLOW-0001 → LOG (risk=48.0%)
INFO:redis_state_manager:✅ Updated state: FLOW-0002 → ALERT (risk=64.4%)
INFO:redis_state_manager:✅ Updated state: FLOW-0003 → LOG (risk=6.0%)
INFO:redis_state_manager:✅ Updated state: FLOW-0004 → LOG (risk=59.4%)
INFO:redis_state_manager:✅ Updated state: FLOW-0005 → ALERT (risk=66.7%)
INFO:redis_state_manager:✅ Updated state: FLOW-0001 → ALERT (risk=73.0%)
INFO:redis_state_manager:✅ Updated state: FLOW-0002 → RATE_LIMIT (risk=80.1%)
INFO:redis_state_manager:✅ Updated state: FLOW-0003 → LOG (risk=40.5%)
INFO:redis_state_manager:✅ Updated state: FLOW-0004 → LOG (risk=57.2%)
INFO:redis_state_manager:✅ Updated state: FLOW-0005 → LOG (risk=25.3%)
INFO:redis_state_manager:✅ Updated state: FLOW-0001 → LOG (risk=31.8%)
INFO:redis_state_manager:✅ Updated state: FLOW-0002 → ALERT (risk=77.7%)
INFO:redis_state_manager:✅ Updated state: FLOW-0003 → LOG (risk=53.3%)
INFO:redis_state_manager:✅ Updated state: FLOW-0004 → LOG (risk=5.7%)
INFO:redis_state_manager:✅ Updated state: FLOW-0005 → ALERT (risk=70.4%)
INFO:redis_state_manager:✅ Updated state: FLOW-0001 → LOG (risk=23.6%)

[Pipeline] FLOW-0001 risk=48.0% -> Tier 1 (LOG)

[Executor] Executing LOG for FLOW-0001...
  ✅ LOG: FLOW-0001 risk=47.974832360863% | Normal operation - risk is low
[DatabaseLogger] ✅ Logged LOG for FLOW-0001 (risk=47.974832360863%, email_sent=None, webhook_sent=None, rate_limit_ip=None, rate_limit_applied=None)
[Pipeline] FLOW-0002 risk=64.4% -> Tier 2 (ALERT)

[Executor] Executing ALERT for FLOW-0002...
    Email error: (535, b'5.7.8 Username and Password not accepted. For more information, go to\n5.7.8  https://support.google.com/mail/?p=BadCredentials 5b1f17b1804b1-49ccea6b814sm82547905e9.0 - gsmtp')
  ✉️  EMAIL: Failed
    Webhook error: HTTPConnectionPool(host='localhost', port=8888): Max retries exceeded with url: /webhook (Caused by NewConnectionError("HTTPConnection(host='localhost', port=8888): Failed to establish a new connection: [Errno 111] Connection refused"))
  🔔 WEBHOOK: Failed
  📢 ALERT: FLOW-0002 risk=64.4%
     Description: Medium risk detected - operator notification sent
[DatabaseLogger] ✅ Logged ALERT for FLOW-0002 (risk=64.35035606290919%, email_sent=False, webhook_sent=False, rate_limit_ip=None, rate_limit_applied=None)
[DatabaseLogger] ✅ Alert d7294f41-7898-4502-aea9-f033cab8524a created for FLOW-0002 (tier 2)
[Pipeline] FLOW-0003 risk=6.0% -> Tier 1 (LOG)

[Executor] Executing LOG for FLOW-0003...
  ✅ LOG: FLOW-0003 risk=5.959346718673215% | Normal operation - risk is low
[DatabaseLogger] ✅ Logged LOG for FLOW-0003 (risk=5.959346718673215%, email_sent=None, webhook_sent=None, rate_limit_ip=None, rate_limit_applied=None)
[Pipeline] FLOW-0004 risk=59.4% -> Tier 1 (LOG)

[Executor] Executing LOG for FLOW-0004...
  ✅ LOG: FLOW-0004 risk=59.36803874458448% | Normal operation - risk is low
[DatabaseLogger] ✅ Logged LOG for FLOW-0004 (risk=59.36803874458448%, email_sent=None, webhook_sent=None, rate_limit_ip=None, rate_limit_applied=None)
[Pipeline] FLOW-0005 risk=66.7% -> Tier 2 (ALERT)

[Executor] Executing ALERT for FLOW-0005...
    Email error: (535, b'5.7.8 Username and Password not accepted. For more information, go to\n5.7.8  https://support.google.com/mail/?p=BadCredentials 5b1f17b1804b1-49b91c9cf95sm146971405e9.1 - gsmtp')
  ✉️  EMAIL: Failed
    Webhook error: HTTPConnectionPool(host='localhost', port=8888): Max retries exceeded with url: /webhook (Caused by NewConnectionError("HTTPConnection(host='localhost', port=8888): Failed to establish a new connection: [Errno 111] Connection refused"))
  🔔 WEBHOOK: Failed
  📢 ALERT: FLOW-0005 risk=66.7%
     Description: Medium risk detected - operator notification sent
[DatabaseLogger] ✅ Logged ALERT for FLOW-0005 (risk=66.67547272053228%, email_sent=False, webhook_sent=False, rate_limit_ip=None, rate_limit_applied=None)
[DatabaseLogger] ✅ Alert a1fbc3cf-e460-47b6-87d0-f1c678757884 created for FLOW-0005 (tier 2)
[Pipeline] FLOW-0001 risk=73.0% -> Tier 2 (ALERT)

[Executor] Executing ALERT for FLOW-0001...
    Email error: (535, b'5.7.8 Username and Password not accepted. For more information, go to\n5.7.8  https://support.google.com/mail/?p=BadCredentials ffacd0b85a97d-482fbab3f3asm14954436f8f.3 - gsmtp')
  ✉️  EMAIL: Failed
    Webhook error: HTTPConnectionPool(host='localhost', port=8888): Max retries exceeded with url: /webhook (Caused by NewConnectionError("HTTPConnection(host='localhost', port=8888): Failed to establish a new connection: [Errno 111] Connection refused"))
  🔔 WEBHOOK: Failed
  📢 ALERT: FLOW-0001 risk=73.0%
     Description: Medium risk detected - operator notification sent
[DatabaseLogger] ✅ Logged ALERT for FLOW-0001 (risk=72.99596736118642%, email_sent=False, webhook_sent=False, rate_limit_ip=None, rate_limit_applied=None)
[DatabaseLogger] ✅ Alert c1f45ef4-4c19-44a5-a525-6f22e2480e2d created for FLOW-0001 (tier 2)
[Pipeline] FLOW-0002 risk=80.1% -> Tier 3 (RATE_LIMIT)

[Executor] Executing RATE_LIMIT for FLOW-0002...
  ⏱️  RATE_LIMIT (simulation): Would limit FLOW-0002 to 10/min
[DatabaseLogger] ✅ Logged RATE_LIMIT for FLOW-0002 (risk=80.14303540399393%, email_sent=None, webhook_sent=None, rate_limit_ip=None, rate_limit_applied=False)
[DatabaseLogger] ✅ Alert 306fad26-e183-450e-a84c-448a773d2b9a created for FLOW-0002 (tier 3)
[Pipeline] FLOW-0003 risk=40.5% -> Tier 1 (LOG)

[Executor] Executing LOG for FLOW-0003...
  ✅ LOG: FLOW-0003 risk=40.54204161340333% | Normal operation - risk is low
[DatabaseLogger] ✅ Logged LOG for FLOW-0003 (risk=40.54204161340333%, email_sent=None, webhook_sent=None, rate_limit_ip=None, rate_limit_applied=None)
[Pipeline] FLOW-0004 risk=57.2% -> Tier 1 (LOG)

[Executor] Executing LOG for FLOW-0004...
  ✅ LOG: FLOW-0004 risk=57.21372445808011% | Normal operation - risk is low
[DatabaseLogger] ✅ Logged LOG for FLOW-0004 (risk=57.21372445808011%, email_sent=None, webhook_sent=None, rate_limit_ip=None, rate_limit_applied=None)
[Pipeline] FLOW-0005 risk=25.3% -> Tier 1 (LOG)

[Executor] Executing LOG for FLOW-0005...
  ✅ LOG: FLOW-0005 risk=25.292263327489838% | Normal operation - risk is low
[DatabaseLogger] ✅ Logged LOG for FLOW-0005 (risk=25.292263327489838%, email_sent=None, webhook_sent=None, rate_limit_ip=None, rate_limit_applied=None)
[Pipeline] FLOW-0001 risk=31.8% -> Tier 1 (LOG)

[Executor] Executing LOG for FLOW-0001...
  ✅ LOG: FLOW-0001 risk=31.79177157656456% | Normal operation - risk is low
[DatabaseLogger] ✅ Logged LOG for FLOW-0001 (risk=31.79177157656456%, email_sent=None, webhook_sent=None, rate_limit_ip=None, rate_limit_applied=None)
[Pipeline] FLOW-0002 risk=77.7% -> Tier 2 (ALERT)

[Executor] Executing ALERT for FLOW-0002...
    Email error: [Errno -3] Temporary failure in name resolution
  ✉️  EMAIL: Failed
    Webhook error: HTTPConnectionPool(host='localhost', port=8888): Max retries exceeded with url: /webhook (Caused by NewConnectionError("HTTPConnection(host='localhost', port=8888): Failed to establish a new connection: [Errno 111] Connection refused"))
  🔔 WEBHOOK: Failed
  📢 ALERT: FLOW-0002 risk=77.7%
     Description: Medium risk detected - operator notification sent
[DatabaseLogger] ✅ Logged ALERT for FLOW-0002 (risk=77.74228604221786%, email_sent=False, webhook_sent=False, rate_limit_ip=None, rate_limit_applied=None)
[DatabaseLogger] ✅ Alert 7d392c51-0f27-4dfd-bfd6-25af8bf50e15 created for FLOW-0002 (tier 2)
[Pipeline] FLOW-0003 risk=53.3% -> Tier 1 (LOG)

[Executor] Executing LOG for FLOW-0003...
  ✅ LOG: FLOW-0003 risk=53.34706398778696% | Normal operation - risk is low
[DatabaseLogger] ✅ Logged LOG for FLOW-0003 (risk=53.34706398778696%, email_sent=None, webhook_sent=None, rate_limit_ip=None, rate_limit_applied=None)
[Pipeline] FLOW-0004 risk=5.7% -> Tier 1 (LOG)

[Executor] Executing LOG for FLOW-0004...
  ✅ LOG: FLOW-0004 risk=5.672507693982736% | Normal operation - risk is low
[DatabaseLogger] ✅ Logged LOG for FLOW-0004 (risk=5.672507693982736%, email_sent=None, webhook_sent=None, rate_limit_ip=None, rate_limit_applied=None)
[Pipeline] FLOW-0005 risk=70.4% -> Tier 2 (ALERT)

[Executor] Executing ALERT for FLOW-0005...
    Email error: [Errno -3] Temporary failure in name resolution
  ✉️  EMAIL: Failed
    Webhook error: HTTPConnectionPool(host='localhost', port=8888): Max retries exceeded with url: /webhook (Caused by NewConnectionError("HTTPConnection(host='localhost', port=8888): Failed to establish a new connection: [Errno 111] Connection refused"))
  🔔 WEBHOOK: Failed
  📢 ALERT: FLOW-0005 risk=70.4%
     Description: Medium risk detected - operator notification sent
[DatabaseLogger] ✅ Logged ALERT for FLOW-0005 (risk=70.38982859842426%, email_sent=False, webhook_sent=False, rate_limit_ip=None, rate_limit_applied=None)
[DatabaseLogger] ✅ Alert 5e541a78-2442-4cd7-8497-697317b665c6 created for FLOW-0005 (tier 2)
[Pipeline] FLOW-0001 risk=23.6% -> Tier 1 (LOG)

[Executor] Executing LOG for FLOW-0001...
  ✅ LOG: FLOW-0001 risk=23.640825915086907% | Normal operation - risk is low
[DatabaseLogger] ✅ Logged LOG for FLOW-0001 (risk=23.640825915086907%, email_sent=None, webhook_sent=None, rate_limit_ip=None, rate_limit_applied=None)
[Pipeline] FLOW-0002 risk=48.5% -> Tier 1 (LOG)INFO:redis_state_manager:✅ Updated state: FLOW-0002 → LOG (risk=48.5%)
INFO:redis_state_manager:✅ Updated state: FLOW-0003 → LOG (risk=46.8%)
INFO:redis_state_manager:✅ Updated state: FLOW-0004 → LOG (risk=15.4%)
INFO:redis_state_manager:✅ Updated state: FLOW-0005 → LOG (risk=25.6%)
INFO:redis_state_manager:✅ Updated state: FLOW-0001 → ALERT (risk=61.4%)
INFO:redis_state_manager:✅ Updated state: FLOW-0002 → LOG (risk=32.6%)
INFO:redis_state_manager:✅ Updated state: FLOW-0003 → RATE_LIMIT (risk=87.3%)
INFO:redis_state_manager:✅ Updated state: FLOW-0004 → FULL_ISOLATION (risk=99.6%)
INFO:redis_state_manager:🔒 Marked isolated: FLOW-0004
INFO:redis_state_manager:✅ Updated state: FLOW-0005 → LOG (risk=25.3%)
INFO:redis_state_manager:✅ Updated state: FLOW-0001 → RATE_LIMIT (risk=85.0%)
INFO:redis_state_manager:✅ Updated state: FLOW-0002 → LOG (risk=46.9%)
INFO:redis_state_manager:✅ Updated state: FLOW-0003 → LOG (risk=33.9%)
INFO:redis_state_manager:✅ Updated state: FLOW-0004 → LOG (risk=20.5%)
INFO:redis_state_manager:✅ Updated state: FLOW-0005 → ALERT (risk=79.3%)
INFO:redis_state_manager:✅ Updated state: FLOW-0001 → LOG (risk=59.6%)
INFO:redis_state_manager:✅ Updated state: FLOW-0002 → RATE_LIMIT (risk=83.7%)
INFO:redis_state_manager:✅ Updated state: FLOW-0003 → ALERT (risk=63.8%)
INFO:redis_state_manager:✅ Updated state: FLOW-0004 → LOG (risk=38.0%)


[Executor] Executing LOG for FLOW-0002...
  ✅ LOG: FLOW-0002 risk=48.546252878631755% | Normal operation - risk is low
[DatabaseLogger] ✅ Logged LOG for FLOW-0002 (risk=48.546252878631755%, email_sent=None, webhook_sent=None, rate_limit_ip=None, rate_limit_applied=None)
[Pipeline] FLOW-0003 risk=46.8% -> Tier 1 (LOG)

[Executor] Executing LOG for FLOW-0003...
  ✅ LOG: FLOW-0003 risk=46.7932544773439% | Normal operation - risk is low
[DatabaseLogger] ✅ Logged LOG for FLOW-0003 (risk=46.7932544773439%, email_sent=None, webhook_sent=None, rate_limit_ip=None, rate_limit_applied=None)
[Pipeline] FLOW-0004 risk=15.4% -> Tier 1 (LOG)

[Executor] Executing LOG for FLOW-0004...
  ✅ LOG: FLOW-0004 risk=15.357035698824891% | Normal operation - risk is low
[DatabaseLogger] ✅ Logged LOG for FLOW-0004 (risk=15.357035698824891%, email_sent=None, webhook_sent=None, rate_limit_ip=None, rate_limit_applied=None)
[Pipeline] FLOW-0005 risk=25.6% -> Tier 1 (LOG)

[Executor] Executing LOG for FLOW-0005...
  ✅ LOG: FLOW-0005 risk=25.58441664288671% | Normal operation - risk is low
[DatabaseLogger] ✅ Logged LOG for FLOW-0005 (risk=25.58441664288671%, email_sent=None, webhook_sent=None, rate_limit_ip=None, rate_limit_applied=None)
[Pipeline] FLOW-0001 risk=61.4% -> Tier 2 (ALERT)

[Executor] Executing ALERT for FLOW-0001...
    Email error: [Errno -3] Temporary failure in name resolution
  ✉️  EMAIL: Failed
    Webhook error: HTTPConnectionPool(host='localhost', port=8888): Max retries exceeded with url: /webhook (Caused by NewConnectionError("HTTPConnection(host='localhost', port=8888): Failed to establish a new connection: [Errno 111] Connection refused"))
  🔔 WEBHOOK: Failed
  📢 ALERT: FLOW-0001 risk=61.4%
     Description: Medium risk detected - operator notification sent
[DatabaseLogger] ✅ Logged ALERT for FLOW-0001 (risk=61.41428283224334%, email_sent=False, webhook_sent=False, rate_limit_ip=None, rate_limit_applied=None)
[DatabaseLogger] ✅ Alert 78780a26-d00c-406e-b50d-26ad8be2954a created for FLOW-0001 (tier 2)
[Pipeline] FLOW-0002 risk=32.6% -> Tier 1 (LOG)

[Executor] Executing LOG for FLOW-0002...
  ✅ LOG: FLOW-0002 risk=32.56410276046319% | Normal operation - risk is low
[DatabaseLogger] ✅ Logged LOG for FLOW-0002 (risk=32.56410276046319%, email_sent=None, webhook_sent=None, rate_limit_ip=None, rate_limit_applied=None)
[Pipeline] FLOW-0003 risk=87.3% -> Tier 3 (RATE_LIMIT)

[Executor] Executing RATE_LIMIT for FLOW-0003...
  ⏱️  RATE_LIMIT (simulation): Would limit FLOW-0003 to 10/min
[DatabaseLogger] ✅ Logged RATE_LIMIT for FLOW-0003 (risk=87.32023191954929%, email_sent=None, webhook_sent=None, rate_limit_ip=None, rate_limit_applied=False)
[DatabaseLogger] ✅ Alert 577239a6-ef85-4c6f-b510-0c9e9890796e created for FLOW-0003 (tier 3)
[Pipeline] FLOW-0004 risk=99.6% -> Tier 4 (FULL_ISOLATION)

[Executor] Executing FULL_ISOLATION for FLOW-0004...
  🔒 FULL_ISOLATION: Triggering Module 4 for FLOW-0004...
    (Would POST to Module 4 API to isolate FLOW-0004)
     ✅ Module 4 isolation triggered
[DatabaseLogger] ✅ Logged FULL_ISOLATION for FLOW-0004 (risk=99.55086405431759%, email_sent=None, webhook_sent=None, rate_limit_ip=None, rate_limit_applied=None)
[DatabaseLogger] ✅ Alert 999aeb0a-376c-4582-b49d-00e9520ff28d created for FLOW-0004 (tier 4)
[DatabaseLogger] ✅ Set FLOW-0004 state to QUARANTINE
[Pipeline] Marked FLOW-0004 as isolated
[Pipeline] FLOW-0005 risk=25.3% -> Tier 1 (LOG)

[Executor] Executing LOG for FLOW-0005...
  ✅ LOG: FLOW-0005 risk=25.29046384256742% | Normal operation - risk is low
[DatabaseLogger] ✅ Logged LOG for FLOW-0005 (risk=25.29046384256742%, email_sent=None, webhook_sent=None, rate_limit_ip=None, rate_limit_applied=None)
[Pipeline] FLOW-0001 risk=85.0% -> Tier 3 (RATE_LIMIT)

[Executor] Executing RATE_LIMIT for FLOW-0001...
  ⏱️  RATE_LIMIT (simulation): Would limit FLOW-0001 to 10/min
[DatabaseLogger] ✅ Logged RATE_LIMIT for FLOW-0001 (risk=84.96584953017262%, email_sent=None, webhook_sent=None, rate_limit_ip=None, rate_limit_applied=False)
[DatabaseLogger] ✅ Alert 3ac9f2cb-91f0-4565-af7b-40091d15ab74 created for FLOW-0001 (tier 3)
[Pipeline] FLOW-0002 risk=46.9% -> Tier 1 (LOG)

[Executor] Executing LOG for FLOW-0002...
  ✅ LOG: FLOW-0002 risk=46.8964278658391% | Normal operation - risk is low
[DatabaseLogger] ✅ Logged LOG for FLOW-0002 (risk=46.8964278658391%, email_sent=None, webhook_sent=None, rate_limit_ip=None, rate_limit_applied=None)
[Pipeline] FLOW-0003 risk=33.9% -> Tier 1 (LOG)

[Executor] Executing LOG for FLOW-0003...
  ✅ LOG: FLOW-0003 risk=33.94585262789605% | Normal operation - risk is low
[DatabaseLogger] ✅ Logged LOG for FLOW-0003 (risk=33.94585262789605%, email_sent=None, webhook_sent=None, rate_limit_ip=None, rate_limit_applied=None)
[Pipeline] FLOW-0004 risk=20.5% -> Tier 1 (LOG)

[Executor] Executing LOG for FLOW-0004...
  ✅ LOG: FLOW-0004 risk=20.53574758447878% | Normal operation - risk is low
[DatabaseLogger] ✅ Logged LOG for FLOW-0004 (risk=20.53574758447878%, email_sent=None, webhook_sent=None, rate_limit_ip=None, rate_limit_applied=None)
[Pipeline] FLOW-0005 risk=79.3% -> Tier 2 (ALERT)

[Executor] Executing ALERT for FLOW-0005...
    Email error: (535, b'5.7.8 Username and Password not accepted. For more information, go to\n5.7.8  https://support.google.com/mail/?p=BadCredentials 5b1f17b1804b1-49b94dd2517sm188071275e9.7 - gsmtp')
  ✉️  EMAIL: Failed
    Webhook error: HTTPConnectionPool(host='localhost', port=8888): Max retries exceeded with url: /webhook (Caused by NewConnectionError("HTTPConnection(host='localhost', port=8888): Failed to establish a new connection: [Errno 111] Connection refused"))
  🔔 WEBHOOK: Failed
  📢 ALERT: FLOW-0005 risk=79.3%
     Description: Medium risk detected - operator notification sent
[DatabaseLogger] ✅ Logged ALERT for FLOW-0005 (risk=79.31317149779414%, email_sent=False, webhook_sent=False, rate_limit_ip=None, rate_limit_applied=None)
[DatabaseLogger] ✅ Alert 83d09d8c-0cf8-4e4c-8ab1-d9f01d31a3f1 created for FLOW-0005 (tier 2)
[Pipeline] FLOW-0001 risk=59.6% -> Tier 1 (LOG)

[Executor] Executing LOG for FLOW-0001...
  ✅ LOG: FLOW-0001 risk=59.585410580788306% | Normal operation - risk is low
[DatabaseLogger] ✅ Logged LOG for FLOW-0001 (risk=59.585410580788306%, email_sent=None, webhook_sent=None, rate_limit_ip=None, rate_limit_applied=None)
[Pipeline] FLOW-0002 risk=83.7% -> Tier 3 (RATE_LIMIT)

[Executor] Executing RATE_LIMIT for FLOW-0002...
  ⏱️  RATE_LIMIT (simulation): Would limit FLOW-0002 to 10/min
[DatabaseLogger] ✅ Logged RATE_LIMIT for FLOW-0002 (risk=83.73507480419065%, email_sent=None, webhook_sent=None, rate_limit_ip=None, rate_limit_applied=False)
[DatabaseLogger] ✅ Alert 3ddb9a8a-c80d-4ffa-8f4f-8b7201db5296 created for FLOW-0002 (tier 3)
[Pipeline] FLOW-0003 risk=63.8% -> Tier 2 (ALERT)

[Executor] Executing ALERT for FLOW-0003...
    Email error: (535, b'5.7.8 Username and Password not accepted. For more information, go to\n5.7.8  https://support.google.com/mail/?p=BadCredentials 5b1f17b1804b1-49b91c5790csm160168485e9.0 - gsmtp')
  ✉️  EMAIL: Failed
    Webhook error: HTTPConnectionPool(host='localhost', port=8888): Max retries exceeded with url: /webhook (Caused by NewConnectionError("HTTPConnection(host='localhost', port=8888): Failed to establish a new connection: [Errno 111] Connection refused"))
  🔔 WEBHOOK: Failed
  📢 ALERT: FLOW-0003 risk=63.8%
     Description: Medium risk detected - operator notification sent
[DatabaseLogger] ✅ Logged ALERT for FLOW-0003 (risk=63.78541817729175%, email_sent=False, webhook_sent=False, rate_limit_ip=None, rate_limit_applied=None)
[DatabaseLogger] ✅ Alert f44c1b51-f769-4549-a179-11c458f3e5b5 created for FLOW-0003 (tier 2)
[Pipeline] FLOW-0004 risk=38.0% -> Tier 1 (LOG)

[Executor] Executing LOG for FLOW-0004...
  ✅ LOG: FLOW-0004 risk=38.048390771682115% | Normal operation - risk is low
[DatabaseLogger] ✅ Logged LOG for FLOW-0004 (risk=38.048390771682115%, email_sent=None, webhook_sent=None, rate_limit_ip=None, rate_limit_applied=None)
[Pipeline] FLOW-0005 risk=11.2% -> Tier 1 (LOG)

[Executor] Executing LOG for FLOW-0005...INFO:redis_state_manager:✅ Updated state: FLOW-0005 → LOG (risk=11.2%)
INFO:redis_state_manager:✅ Updated state: FLOW-0001 → ALERT (risk=77.3%)
INFO:redis_state_manager:✅ Updated state: FLOW-0002 → ALERT (risk=69.6%)
INFO:redis_state_manager:✅ Updated state: FLOW-0003 → LOG (risk=29.8%)
INFO:redis_state_manager:✅ Updated state: FLOW-0004 → FULL_ISOLATION (risk=95.6%)
INFO:redis_state_manager:🔒 Marked isolated: FLOW-0004
INFO:redis_state_manager:✅ Updated state: FLOW-0005 → ALERT (risk=70.1%)
INFO:redis_state_manager:✅ Updated state: FLOW-0001 → LOG (risk=21.4%)
INFO:redis_state_manager:✅ Updated state: FLOW-0002 → LOG (risk=24.5%)
INFO:redis_state_manager:✅ Updated state: FLOW-0003 → RATE_LIMIT (risk=81.3%)
INFO:redis_state_manager:✅ Updated state: FLOW-0004 → LOG (risk=5.4%)
INFO:redis_state_manager:✅ Updated state: FLOW-0005 → LOG (risk=41.6%)
INFO:redis_state_manager:✅ Updated state: FLOW-0001 → ALERT (risk=60.1%)
INFO:redis_state_manager:✅ Updated state: FLOW-0002 → LOG (risk=56.0%)
INFO:redis_state_manager:✅ Updated state: FLOW-0003 → LOG (risk=29.2%)
INFO:redis_state_manager:✅ Updated state: FLOW-0004 → FULL_ISOLATION (risk=97.0%)
INFO:redis_state_manager:🔒 Marked isolated: FLOW-0004

  ✅ LOG: FLOW-0005 risk=11.2296663487917% | Normal operation - risk is low
[DatabaseLogger] ✅ Logged LOG for FLOW-0005 (risk=11.2296663487917%, email_sent=None, webhook_sent=None, rate_limit_ip=None, rate_limit_applied=None)
[Pipeline] FLOW-0001 risk=77.3% -> Tier 2 (ALERT)

[Executor] Executing ALERT for FLOW-0001...
    Email error: (535, b'5.7.8 Username and Password not accepted. For more information, go to\n5.7.8  https://support.google.com/mail/?p=BadCredentials 5b1f17b1804b1-49b4c3211e1sm255658035e9.9 - gsmtp')
  ✉️  EMAIL: Failed
    Webhook error: HTTPConnectionPool(host='localhost', port=8888): Max retries exceeded with url: /webhook (Caused by NewConnectionError("HTTPConnection(host='localhost', port=8888): Failed to establish a new connection: [Errno 111] Connection refused"))
  🔔 WEBHOOK: Failed
  📢 ALERT: FLOW-0001 risk=77.3%
     Description: Medium risk detected - operator notification sent
[DatabaseLogger] ✅ Logged ALERT for FLOW-0001 (risk=77.30352634528354%, email_sent=False, webhook_sent=False, rate_limit_ip=None, rate_limit_applied=None)
[DatabaseLogger] ✅ Alert 18d0e83d-31e1-4ba2-9e0f-790abd2b6517 created for FLOW-0001 (tier 2)
[Pipeline] FLOW-0002 risk=69.6% -> Tier 2 (ALERT)

[Executor] Executing ALERT for FLOW-0002...
    Email error: (535, b'5.7.8 Username and Password not accepted. For more information, go to\n5.7.8  https://support.google.com/mail/?p=BadCredentials 5b1f17b1804b1-49b945816f2sm224248425e9.8 - gsmtp')
  ✉️  EMAIL: Failed
    Webhook error: HTTPConnectionPool(host='localhost', port=8888): Max retries exceeded with url: /webhook (Caused by NewConnectionError("HTTPConnection(host='localhost', port=8888): Failed to establish a new connection: [Errno 111] Connection refused"))
  🔔 WEBHOOK: Failed
  📢 ALERT: FLOW-0002 risk=69.6%
     Description: Medium risk detected - operator notification sent
[DatabaseLogger] ✅ Logged ALERT for FLOW-0002 (risk=69.59195811022789%, email_sent=False, webhook_sent=False, rate_limit_ip=None, rate_limit_applied=None)
[DatabaseLogger] ✅ Alert e5b2b845-89ba-4a5b-bced-0d6f7fbfb97c created for FLOW-0002 (tier 2)
[Pipeline] FLOW-0003 risk=29.8% -> Tier 1 (LOG)

[Executor] Executing LOG for FLOW-0003...
  ✅ LOG: FLOW-0003 risk=29.82186606145185% | Normal operation - risk is low
[DatabaseLogger] ✅ Logged LOG for FLOW-0003 (risk=29.82186606145185%, email_sent=None, webhook_sent=None, rate_limit_ip=None, rate_limit_applied=None)
[Pipeline] FLOW-0004 risk=95.6% -> Tier 4 (FULL_ISOLATION)

[Executor] Executing FULL_ISOLATION for FLOW-0004...
  🔒 FULL_ISOLATION: Triggering Module 4 for FLOW-0004...
    (Would POST to Module 4 API to isolate FLOW-0004)
     ✅ Module 4 isolation triggered
[DatabaseLogger] ✅ Logged FULL_ISOLATION for FLOW-0004 (risk=95.64738927137955%, email_sent=None, webhook_sent=None, rate_limit_ip=None, rate_limit_applied=None)
[DatabaseLogger] ✅ Alert 8bddc886-1811-40da-b70a-d966fa2d58d4 created for FLOW-0004 (tier 4)
[DatabaseLogger] ✅ Set FLOW-0004 state to QUARANTINE
[Pipeline] Marked FLOW-0004 as isolated
[Pipeline] FLOW-0005 risk=70.1% -> Tier 2 (ALERT)

[Executor] Executing ALERT for FLOW-0005...
    Email error: (535, b'5.7.8 Username and Password not accepted. For more information, go to\n5.7.8  https://support.google.com/mail/?p=BadCredentials 5b1f17b1804b1-49b4c3211e1sm255672145e9.9 - gsmtp')
  ✉️  EMAIL: Failed
    Webhook error: HTTPConnectionPool(host='localhost', port=8888): Max retries exceeded with url: /webhook (Caused by NewConnectionError("HTTPConnection(host='localhost', port=8888): Failed to establish a new connection: [Errno 111] Connection refused"))
  🔔 WEBHOOK: Failed
  📢 ALERT: FLOW-0005 risk=70.1%
     Description: Medium risk detected - operator notification sent
[DatabaseLogger] ✅ Logged ALERT for FLOW-0005 (risk=70.12965839866932%, email_sent=False, webhook_sent=False, rate_limit_ip=None, rate_limit_applied=None)
[DatabaseLogger] ✅ Alert fdebf6a7-88f0-4d0c-8add-1bb54dd653bc created for FLOW-0005 (tier 2)
[Pipeline] FLOW-0001 risk=21.4% -> Tier 1 (LOG)

[Executor] Executing LOG for FLOW-0001...
  ✅ LOG: FLOW-0001 risk=21.3734265305555% | Normal operation - risk is low
[DatabaseLogger] ✅ Logged LOG for FLOW-0001 (risk=21.3734265305555%, email_sent=None, webhook_sent=None, rate_limit_ip=None, rate_limit_applied=None)
[Pipeline] FLOW-0002 risk=24.5% -> Tier 1 (LOG)

[Executor] Executing LOG for FLOW-0002...
  ✅ LOG: FLOW-0002 risk=24.54420967215498% | Normal operation - risk is low
[DatabaseLogger] ✅ Logged LOG for FLOW-0002 (risk=24.54420967215498%, email_sent=None, webhook_sent=None, rate_limit_ip=None, rate_limit_applied=None)
[Pipeline] FLOW-0003 risk=81.3% -> Tier 3 (RATE_LIMIT)

[Executor] Executing RATE_LIMIT for FLOW-0003...
  ⏱️  RATE_LIMIT (simulation): Would limit FLOW-0003 to 10/min
[DatabaseLogger] ✅ Logged RATE_LIMIT for FLOW-0003 (risk=81.2792593775829%, email_sent=None, webhook_sent=None, rate_limit_ip=None, rate_limit_applied=False)
[DatabaseLogger] ✅ Alert b1edbe45-bdf4-48c9-b3a9-05db83cddcad created for FLOW-0003 (tier 3)
[Pipeline] FLOW-0004 risk=5.4% -> Tier 1 (LOG)

[Executor] Executing LOG for FLOW-0004...
  ✅ LOG: FLOW-0004 risk=5.424612263027546% | Normal operation - risk is low
[DatabaseLogger] ✅ Logged LOG for FLOW-0004 (risk=5.424612263027546%, email_sent=None, webhook_sent=None, rate_limit_ip=None, rate_limit_applied=None)
[Pipeline] FLOW-0005 risk=41.6% -> Tier 1 (LOG)

[Executor] Executing LOG for FLOW-0005...
  ✅ LOG: FLOW-0005 risk=41.576804477150915% | Normal operation - risk is low
[DatabaseLogger] ✅ Logged LOG for FLOW-0005 (risk=41.576804477150915%, email_sent=None, webhook_sent=None, rate_limit_ip=None, rate_limit_applied=None)
[Pipeline] FLOW-0001 risk=60.1% -> Tier 2 (ALERT)

[Executor] Executing ALERT for FLOW-0001...
    Email error: (535, b'5.7.8 Username and Password not accepted. For more information, go to\n5.7.8  https://support.google.com/mail/?p=BadCredentials 5b1f17b1804b1-49cc9497b3esm142427015e9.5 - gsmtp')
  ✉️  EMAIL: Failed
    Webhook error: HTTPConnectionPool(host='localhost', port=8888): Max retries exceeded with url: /webhook (Caused by NewConnectionError("HTTPConnection(host='localhost', port=8888): Failed to establish a new connection: [Errno 111] Connection refused"))
  🔔 WEBHOOK: Failed
  📢 ALERT: FLOW-0001 risk=60.1%
     Description: Medium risk detected - operator notification sent
[DatabaseLogger] ✅ Logged ALERT for FLOW-0001 (risk=60.09280796452094%, email_sent=False, webhook_sent=False, rate_limit_ip=None, rate_limit_applied=None)
[DatabaseLogger] ✅ Alert 70381ea3-c4cf-4252-8547-98d705c8032b created for FLOW-0001 (tier 2)
[Pipeline] FLOW-0002 risk=56.0% -> Tier 1 (LOG)

[Executor] Executing LOG for FLOW-0002...
  ✅ LOG: FLOW-0002 risk=56.026422859050065% | Normal operation - risk is low
[DatabaseLogger] ✅ Logged LOG for FLOW-0002 (risk=56.026422859050065%, email_sent=None, webhook_sent=None, rate_limit_ip=None, rate_limit_applied=None)
[Pipeline] FLOW-0003 risk=29.2% -> Tier 1 (LOG)

[Executor] Executing LOG for FLOW-0003...
  ✅ LOG: FLOW-0003 risk=29.16110395252683% | Normal operation - risk is low
[DatabaseLogger] ✅ Logged LOG for FLOW-0003 (risk=29.16110395252683%, email_sent=None, webhook_sent=None, rate_limit_ip=None, rate_limit_applied=None)
[Pipeline] FLOW-0004 risk=97.0% -> Tier 4 (FULL_ISOLATION)

[Executor] Executing FULL_ISOLATION for FLOW-0004...
  🔒 FULL_ISOLATION: Triggering Module 4 for FLOW-0004...
    (Would POST to Module 4 API to isolate FLOW-0004)
     ✅ Module 4 isolation triggered
[DatabaseLogger] ✅ Logged FULL_ISOLATION for FLOW-0004 (risk=96.98461898271529%, email_sent=None, webhook_sent=None, rate_limit_ip=None, rate_limit_applied=None)
[DatabaseLogger] ✅ Alert c1f49c94-3ac3-4cb4-89ab-2b6d187003d6 created for FLOW-0004 (tier 4)
[DatabaseLogger] ✅ Set FLOW-0004 state to QUARANTINE
[Pipeline] Marked FLOW-0004 as isolated
[Pipeline] FLOW-0005 risk=98.2% -> Tier 4 (FULL_ISOLATION)

[Executor] Executing FULL_ISOLATION for FLOW-0005...
  🔒 FULL_ISOLATION: Triggering Module 4 for FLOW-0005...
    (Would POST to Module 4 API to isolate FLOW-0005)INFO:redis_state_manager:✅ Updated state: FLOW-0005 → FULL_ISOLATION (risk=98.2%)
INFO:redis_state_manager:🔒 Marked isolated: FLOW-0005
INFO:redis_state_manager:✅ Updated state: FLOW-0001 → RATE_LIMIT (risk=85.7%)
INFO:redis_state_manager:✅ Updated state: FLOW-0002 → LOG (risk=2.9%)
INFO:redis_state_manager:✅ Updated state: FLOW-0003 → LOG (risk=2.1%)
INFO:redis_state_manager:✅ Updated state: FLOW-0004 → LOG (risk=45.8%)
INFO:redis_state_manager:✅ Updated state: FLOW-0005 → LOG (risk=28.5%)
INFO:redis_state_manager:✅ Updated state: FLOW-0001 → LOG (risk=54.2%)
INFO:redis_state_manager:✅ Updated state: FLOW-0002 → LOG (risk=25.0%)
INFO:redis_state_manager:✅ Updated state: FLOW-0003 → LOG (risk=45.2%)
INFO:redis_state_manager:✅ Updated state: FLOW-0004 → LOG (risk=3.2%)
INFO:redis_state_manager:✅ Updated state: FLOW-0005 → LOG (risk=19.2%)
INFO:redis_state_manager:✅ Updated state: FLOW-0001 → ALERT (risk=64.6%)
INFO:redis_state_manager:✅ Updated state: FLOW-0002 → LOG (risk=13.0%)
INFO:redis_state_manager:✅ Updated state: FLOW-0003 → LOG (risk=37.8%)
INFO:redis_state_manager:✅ Updated state: FLOW-0004 → LOG (risk=34.4%)
INFO:redis_state_manager:✅ Updated state: FLOW-0005 → LOG (risk=28.4%)
INFO:redis_state_manager:✅ Updated state: FLOW-0001 → ALERT (risk=73.2%)
INFO:redis_state_manager:✅ Updated state: FLOW-0002 → LOG (risk=57.4%)
INFO:redis_state_manager:✅ Updated state: FLOW-0003 → LOG (risk=17.0%)
INFO:redis_state_manager:✅ Updated state: FLOW-0004 → LOG (risk=1.6%)

     ✅ Module 4 isolation triggered
[DatabaseLogger] ✅ Logged FULL_ISOLATION for FLOW-0005 (risk=98.24779107633465%, email_sent=None, webhook_sent=None, rate_limit_ip=None, rate_limit_applied=None)
[DatabaseLogger] ✅ Alert b5ac4b03-c59e-42bf-8621-4c88dfd698eb created for FLOW-0005 (tier 4)
[DatabaseLogger] ✅ Set FLOW-0005 state to QUARANTINE
[Pipeline] Marked FLOW-0005 as isolated
[Pipeline] FLOW-0001 risk=85.7% -> Tier 3 (RATE_LIMIT)

[Executor] Executing RATE_LIMIT for FLOW-0001...
  ⏱️  RATE_LIMIT (simulation): Would limit FLOW-0001 to 10/min
[DatabaseLogger] ✅ Logged RATE_LIMIT for FLOW-0001 (risk=85.7102741352734%, email_sent=None, webhook_sent=None, rate_limit_ip=None, rate_limit_applied=False)
[DatabaseLogger] ✅ Alert d63c77c0-3844-4871-a3e8-667242351ebc created for FLOW-0001 (tier 3)
[Pipeline] FLOW-0002 risk=2.9% -> Tier 1 (LOG)

[Executor] Executing LOG for FLOW-0002...
  ✅ LOG: FLOW-0002 risk=2.89433892243816% | Normal operation - risk is low
[DatabaseLogger] ✅ Logged LOG for FLOW-0002 (risk=2.89433892243816%, email_sent=None, webhook_sent=None, rate_limit_ip=None, rate_limit_applied=None)
[Pipeline] FLOW-0003 risk=2.1% -> Tier 1 (LOG)

[Executor] Executing LOG for FLOW-0003...
  ✅ LOG: FLOW-0003 risk=2.128798353175121% | Normal operation - risk is low
[DatabaseLogger] ✅ Logged LOG for FLOW-0003 (risk=2.128798353175121%, email_sent=None, webhook_sent=None, rate_limit_ip=None, rate_limit_applied=None)
[Pipeline] FLOW-0004 risk=45.8% -> Tier 1 (LOG)

[Executor] Executing LOG for FLOW-0004...
  ✅ LOG: FLOW-0004 risk=45.832939855754546% | Normal operation - risk is low
[DatabaseLogger] ✅ Logged LOG for FLOW-0004 (risk=45.832939855754546%, email_sent=None, webhook_sent=None, rate_limit_ip=None, rate_limit_applied=None)
[Pipeline] FLOW-0005 risk=28.5% -> Tier 1 (LOG)

[Executor] Executing LOG for FLOW-0005...
  ✅ LOG: FLOW-0005 risk=28.525265624411418% | Normal operation - risk is low
[DatabaseLogger] ✅ Logged LOG for FLOW-0005 (risk=28.525265624411418%, email_sent=None, webhook_sent=None, rate_limit_ip=None, rate_limit_applied=None)
[Pipeline] FLOW-0001 risk=54.2% -> Tier 1 (LOG)

[Executor] Executing LOG for FLOW-0001...
  ✅ LOG: FLOW-0001 risk=54.20090046418365% | Normal operation - risk is low
[DatabaseLogger] ✅ Logged LOG for FLOW-0001 (risk=54.20090046418365%, email_sent=None, webhook_sent=None, rate_limit_ip=None, rate_limit_applied=None)
[Pipeline] FLOW-0002 risk=25.0% -> Tier 1 (LOG)

[Executor] Executing LOG for FLOW-0002...
  ✅ LOG: FLOW-0002 risk=25.0101220480961% | Normal operation - risk is low
[DatabaseLogger] ✅ Logged LOG for FLOW-0002 (risk=25.0101220480961%, email_sent=None, webhook_sent=None, rate_limit_ip=None, rate_limit_applied=None)
[Pipeline] FLOW-0003 risk=45.2% -> Tier 1 (LOG)

[Executor] Executing LOG for FLOW-0003...
  ✅ LOG: FLOW-0003 risk=45.21255970838646% | Normal operation - risk is low
[DatabaseLogger] ✅ Logged LOG for FLOW-0003 (risk=45.21255970838646%, email_sent=None, webhook_sent=None, rate_limit_ip=None, rate_limit_applied=None)
[Pipeline] FLOW-0004 risk=3.2% -> Tier 1 (LOG)

[Executor] Executing LOG for FLOW-0004...
  ✅ LOG: FLOW-0004 risk=3.1686314799708493% | Normal operation - risk is low
[DatabaseLogger] ✅ Logged LOG for FLOW-0004 (risk=3.1686314799708493%, email_sent=None, webhook_sent=None, rate_limit_ip=None, rate_limit_applied=None)
[Pipeline] FLOW-0005 risk=19.2% -> Tier 1 (LOG)

[Executor] Executing LOG for FLOW-0005...
  ✅ LOG: FLOW-0005 risk=19.226777526794162% | Normal operation - risk is low
[DatabaseLogger] ✅ Logged LOG for FLOW-0005 (risk=19.226777526794162%, email_sent=None, webhook_sent=None, rate_limit_ip=None, rate_limit_applied=None)
[Pipeline] FLOW-0001 risk=64.6% -> Tier 2 (ALERT)

[Executor] Executing ALERT for FLOW-0001...
    Email error: (535, b'5.7.8 Username and Password not accepted. For more information, go to\n5.7.8  https://support.google.com/mail/?p=BadCredentials 5b1f17b1804b1-49cd2922ebdsm51278915e9.3 - gsmtp')
  ✉️  EMAIL: Failed
    Webhook error: HTTPConnectionPool(host='localhost', port=8888): Max retries exceeded with url: /webhook (Caused by NewConnectionError("HTTPConnection(host='localhost', port=8888): Failed to establish a new connection: [Errno 111] Connection refused"))
  🔔 WEBHOOK: Failed
  📢 ALERT: FLOW-0001 risk=64.6%
     Description: Medium risk detected - operator notification sent
[DatabaseLogger] ✅ Logged ALERT for FLOW-0001 (risk=64.64117119839518%, email_sent=False, webhook_sent=False, rate_limit_ip=None, rate_limit_applied=None)
[DatabaseLogger] ✅ Alert 8f002c7a-aae3-4745-82c4-d685cd260ca5 created for FLOW-0001 (tier 2)
[Pipeline] FLOW-0002 risk=13.0% -> Tier 1 (LOG)

[Executor] Executing LOG for FLOW-0002...
  ✅ LOG: FLOW-0002 risk=12.973992532815558% | Normal operation - risk is low
[DatabaseLogger] ✅ Logged LOG for FLOW-0002 (risk=12.973992532815558%, email_sent=None, webhook_sent=None, rate_limit_ip=None, rate_limit_applied=None)
[Pipeline] FLOW-0003 risk=37.8% -> Tier 1 (LOG)

[Executor] Executing LOG for FLOW-0003...
  ✅ LOG: FLOW-0003 risk=37.782811723148974% | Normal operation - risk is low
[DatabaseLogger] ✅ Logged LOG for FLOW-0003 (risk=37.782811723148974%, email_sent=None, webhook_sent=None, rate_limit_ip=None, rate_limit_applied=None)
[Pipeline] FLOW-0004 risk=34.4% -> Tier 1 (LOG)

[Executor] Executing LOG for FLOW-0004...
  ✅ LOG: FLOW-0004 risk=34.422651956576324% | Normal operation - risk is low
[DatabaseLogger] ✅ Logged LOG for FLOW-0004 (risk=34.422651956576324%, email_sent=None, webhook_sent=None, rate_limit_ip=None, rate_limit_applied=None)
[Pipeline] FLOW-0005 risk=28.4% -> Tier 1 (LOG)

[Executor] Executing LOG for FLOW-0005...
  ✅ LOG: FLOW-0005 risk=28.410953309730704% | Normal operation - risk is low
[DatabaseLogger] ✅ Logged LOG for FLOW-0005 (risk=28.410953309730704%, email_sent=None, webhook_sent=None, rate_limit_ip=None, rate_limit_applied=None)
[Pipeline] FLOW-0001 risk=73.2% -> Tier 2 (ALERT)

[Executor] Executing ALERT for FLOW-0001...
    Email error: (535, b'5.7.8 Username and Password not accepted. For more information, go to\n5.7.8  https://support.google.com/mail/?p=BadCredentials 5b1f17b1804b1-49b95018ee8sm186157955e9.15 - gsmtp')
  ✉️  EMAIL: Failed
    Webhook error: HTTPConnectionPool(host='localhost', port=8888): Max retries exceeded with url: /webhook (Caused by NewConnectionError("HTTPConnection(host='localhost', port=8888): Failed to establish a new connection: [Errno 111] Connection refused"))
  🔔 WEBHOOK: Failed
  📢 ALERT: FLOW-0001 risk=73.2%
     Description: Medium risk detected - operator notification sent
[DatabaseLogger] ✅ Logged ALERT for FLOW-0001 (risk=73.21238399081764%, email_sent=False, webhook_sent=False, rate_limit_ip=None, rate_limit_applied=None)
[DatabaseLogger] ✅ Alert 310abcb1-da24-4abf-a974-e6f90b3fd90d created for FLOW-0001 (tier 2)
[Pipeline] FLOW-0002 risk=57.4% -> Tier 1 (LOG)

[Executor] Executing LOG for FLOW-0002...
  ✅ LOG: FLOW-0002 risk=57.411930863233586% | Normal operation - risk is low
[DatabaseLogger] ✅ Logged LOG for FLOW-0002 (risk=57.411930863233586%, email_sent=None, webhook_sent=None, rate_limit_ip=None, rate_limit_applied=None)
[Pipeline] FLOW-0003 risk=17.0% -> Tier 1 (LOG)

[Executor] Executing LOG for FLOW-0003...
  ✅ LOG: FLOW-0003 risk=17.04177737572465% | Normal operation - risk is low
[DatabaseLogger] ✅ Logged LOG for FLOW-0003 (risk=17.04177737572465%, email_sent=None, webhook_sent=None, rate_limit_ip=None, rate_limit_applied=None)
[Pipeline] FLOW-0004 risk=1.6% -> Tier 1 (LOG)

[Executor] Executing LOG for FLOW-0004...
  ✅ LOG: FLOW-0004 risk=1.6483242143304633% | Normal operation - risk is low
[DatabaseLogger] ✅ Logged LOG for FLOW-0004 (risk=1.6483242143304633%, email_sent=None, webhook_sent=None, rate_limit_ip=None, rate_limit_applied=None)
[Pipeline] FLOW-0005 risk=93.0% -> Tier 3 (RATE_LIMIT)

[Executor] Executing RATE_LIMIT for FLOW-0005...
  ⏱️  RATE_LIMIT (simulation): Would limit FLOW-0005 to 10/min
[DatabaseLogger] ✅ Logged RATE_LIMIT for FLOW-0005 (risk=92.9875321097229%, email_sent=None, webhook_sent=None, rate_limit_ip=None, rate_limit_applied=False)INFO:redis_state_manager:✅ Updated state: FLOW-0005 → RATE_LIMIT (risk=93.0%)
INFO:redis_state_manager:✅ Updated state: FLOW-0001 → LOG (risk=20.4%)
INFO:redis_state_manager:✅ Updated state: FLOW-0002 → RATE_LIMIT (risk=93.8%)
INFO:redis_state_manager:✅ Updated state: FLOW-0003 → LOG (risk=17.9%)
INFO:redis_state_manager:✅ Updated state: FLOW-0004 → LOG (risk=33.3%)
INFO:redis_state_manager:✅ Updated state: FLOW-0005 → RATE_LIMIT (risk=87.2%)
INFO:redis_state_manager:✅ Updated state: FLOW-0001 → LOG (risk=20.9%)
INFO:redis_state_manager:✅ Updated state: FLOW-0002 → LOG (risk=52.5%)
INFO:redis_state_manager:✅ Updated state: FLOW-0003 → LOG (risk=47.7%)
INFO:redis_state_manager:✅ Updated state: FLOW-0004 → LOG (risk=43.0%)
INFO:redis_state_manager:✅ Updated state: FLOW-0005 → FULL_ISOLATION (risk=95.9%)
INFO:redis_state_manager:🔒 Marked isolated: FLOW-0005
INFO:redis_state_manager:✅ Updated state: FLOW-0001 → RATE_LIMIT (risk=94.9%)
INFO:redis_state_manager:✅ Updated state: FLOW-0002 → ALERT (risk=74.8%)
INFO:redis_state_manager:✅ Updated state: FLOW-0003 → ALERT (risk=74.4%)
INFO:redis_state_manager:✅ Updated state: FLOW-0004 → ALERT (risk=61.0%)
INFO:redis_state_manager:✅ Updated state: FLOW-0005 → ALERT (risk=72.8%)

[DatabaseLogger] ✅ Alert 74b7e945-6428-4027-8f93-187a1d36d117 created for FLOW-0005 (tier 3)
[Pipeline] FLOW-0001 risk=20.4% -> Tier 1 (LOG)

[Executor] Executing LOG for FLOW-0001...
  ✅ LOG: FLOW-0001 risk=20.41823848826302% | Normal operation - risk is low
[DatabaseLogger] ✅ Logged LOG for FLOW-0001 (risk=20.41823848826302%, email_sent=None, webhook_sent=None, rate_limit_ip=None, rate_limit_applied=None)
[Pipeline] FLOW-0002 risk=93.8% -> Tier 3 (RATE_LIMIT)

[Executor] Executing RATE_LIMIT for FLOW-0002...
  ⏱️  RATE_LIMIT (simulation): Would limit FLOW-0002 to 10/min
[DatabaseLogger] ✅ Logged RATE_LIMIT for FLOW-0002 (risk=93.83538916498672%, email_sent=None, webhook_sent=None, rate_limit_ip=None, rate_limit_applied=False)
[DatabaseLogger] ✅ Alert 1e0136fe-788f-4def-8dad-a14c4ed335f3 created for FLOW-0002 (tier 3)
[Pipeline] FLOW-0003 risk=17.9% -> Tier 1 (LOG)

[Executor] Executing LOG for FLOW-0003...
  ✅ LOG: FLOW-0003 risk=17.886867956742897% | Normal operation - risk is low
[DatabaseLogger] ✅ Logged LOG for FLOW-0003 (risk=17.886867956742897%, email_sent=None, webhook_sent=None, rate_limit_ip=None, rate_limit_applied=None)
[Pipeline] FLOW-0004 risk=33.3% -> Tier 1 (LOG)

[Executor] Executing LOG for FLOW-0004...
  ✅ LOG: FLOW-0004 risk=33.268538952862784% | Normal operation - risk is low
[DatabaseLogger] ✅ Logged LOG for FLOW-0004 (risk=33.268538952862784%, email_sent=None, webhook_sent=None, rate_limit_ip=None, rate_limit_applied=None)
[Pipeline] FLOW-0005 risk=87.2% -> Tier 3 (RATE_LIMIT)

[Executor] Executing RATE_LIMIT for FLOW-0005...
  ⏱️  RATE_LIMIT (simulation): Would limit FLOW-0005 to 10/min
[DatabaseLogger] ✅ Logged RATE_LIMIT for FLOW-0005 (risk=87.15650352359376%, email_sent=None, webhook_sent=None, rate_limit_ip=None, rate_limit_applied=False)
[DatabaseLogger] ✅ Alert dbd68b52-343d-485f-b7dc-83713d20db75 created for FLOW-0005 (tier 3)
[Pipeline] FLOW-0001 risk=20.9% -> Tier 1 (LOG)

[Executor] Executing LOG for FLOW-0001...
  ✅ LOG: FLOW-0001 risk=20.920870250208104% | Normal operation - risk is low
[DatabaseLogger] ✅ Logged LOG for FLOW-0001 (risk=20.920870250208104%, email_sent=None, webhook_sent=None, rate_limit_ip=None, rate_limit_applied=None)
[Pipeline] FLOW-0002 risk=52.5% -> Tier 1 (LOG)

[Executor] Executing LOG for FLOW-0002...
  ✅ LOG: FLOW-0002 risk=52.48598775315269% | Normal operation - risk is low
[DatabaseLogger] ✅ Logged LOG for FLOW-0002 (risk=52.48598775315269%, email_sent=None, webhook_sent=None, rate_limit_ip=None, rate_limit_applied=None)
[Pipeline] FLOW-0003 risk=47.7% -> Tier 1 (LOG)

[Executor] Executing LOG for FLOW-0003...
  ✅ LOG: FLOW-0003 risk=47.689962184484486% | Normal operation - risk is low
[DatabaseLogger] ✅ Logged LOG for FLOW-0003 (risk=47.689962184484486%, email_sent=None, webhook_sent=None, rate_limit_ip=None, rate_limit_applied=None)
[Pipeline] FLOW-0004 risk=43.0% -> Tier 1 (LOG)

[Executor] Executing LOG for FLOW-0004...
  ✅ LOG: FLOW-0004 risk=42.95751839584018% | Normal operation - risk is low
[DatabaseLogger] ✅ Logged LOG for FLOW-0004 (risk=42.95751839584018%, email_sent=None, webhook_sent=None, rate_limit_ip=None, rate_limit_applied=None)
[Pipeline] FLOW-0005 risk=95.9% -> Tier 4 (FULL_ISOLATION)

[Executor] Executing FULL_ISOLATION for FLOW-0005...
  🔒 FULL_ISOLATION: Triggering Module 4 for FLOW-0005...
    (Would POST to Module 4 API to isolate FLOW-0005)
     ✅ Module 4 isolation triggered
[DatabaseLogger] ✅ Logged FULL_ISOLATION for FLOW-0005 (risk=95.90406941289388%, email_sent=None, webhook_sent=None, rate_limit_ip=None, rate_limit_applied=None)
[DatabaseLogger] ✅ Alert ec9faed0-9998-4880-b03e-458b8c3f4d86 created for FLOW-0005 (tier 4)
[DatabaseLogger] ✅ Set FLOW-0005 state to QUARANTINE
[Pipeline] Marked FLOW-0005 as isolated
[Pipeline] FLOW-0001 risk=94.9% -> Tier 3 (RATE_LIMIT)

[Executor] Executing RATE_LIMIT for FLOW-0001...
  ⏱️  RATE_LIMIT (simulation): Would limit FLOW-0001 to 10/min
[DatabaseLogger] ✅ Logged RATE_LIMIT for FLOW-0001 (risk=94.89214604644684%, email_sent=None, webhook_sent=None, rate_limit_ip=None, rate_limit_applied=False)
[DatabaseLogger] ✅ Alert fc68e295-0a39-4b42-baeb-795164b6787d created for FLOW-0001 (tier 3)
[Pipeline] FLOW-0002 risk=74.8% -> Tier 2 (ALERT)

[Executor] Executing ALERT for FLOW-0002...
    Email error: (535, b'5.7.8 Username and Password not accepted. For more information, go to\n5.7.8  https://support.google.com/mail/?p=BadCredentials 5b1f17b1804b1-49b9500c7cfsm201985905e9.11 - gsmtp')
  ✉️  EMAIL: Failed
    Webhook error: HTTPConnectionPool(host='localhost', port=8888): Max retries exceeded with url: /webhook (Caused by NewConnectionError("HTTPConnection(host='localhost', port=8888): Failed to establish a new connection: [Errno 111] Connection refused"))
  🔔 WEBHOOK: Failed
  📢 ALERT: FLOW-0002 risk=74.8%
     Description: Medium risk detected - operator notification sent
[DatabaseLogger] ✅ Logged ALERT for FLOW-0002 (risk=74.79751714442517%, email_sent=False, webhook_sent=False, rate_limit_ip=None, rate_limit_applied=None)
[DatabaseLogger] ✅ Alert 4693d5f5-8f6b-4494-9850-f265f897d50f created for FLOW-0002 (tier 2)
[Pipeline] FLOW-0003 risk=74.4% -> Tier 2 (ALERT)

[Executor] Executing ALERT for FLOW-0003...
    Email error: (535, b'5.7.8 Username and Password not accepted. For more information, go to\n5.7.8  https://support.google.com/mail/?p=BadCredentials ffacd0b85a97d-48437b30959sm3023411f8f.27 - gsmtp')
  ✉️  EMAIL: Failed
    Webhook error: HTTPConnectionPool(host='localhost', port=8888): Max retries exceeded with url: /webhook (Caused by NewConnectionError("HTTPConnection(host='localhost', port=8888): Failed to establish a new connection: [Errno 111] Connection refused"))
  🔔 WEBHOOK: Failed
  📢 ALERT: FLOW-0003 risk=74.4%
     Description: Medium risk detected - operator notification sent
[DatabaseLogger] ✅ Logged ALERT for FLOW-0003 (risk=74.43049280915442%, email_sent=False, webhook_sent=False, rate_limit_ip=None, rate_limit_applied=None)
[DatabaseLogger] ✅ Alert 42fa9368-3f77-4b20-869c-c7f1d36f4a34 created for FLOW-0003 (tier 2)
[Pipeline] FLOW-0004 risk=61.0% -> Tier 2 (ALERT)

[Executor] Executing ALERT for FLOW-0004...
    Email error: (535, b'5.7.8 Username and Password not accepted. For more information, go to\n5.7.8  https://support.google.com/mail/?p=BadCredentials 5b1f17b1804b1-49ccf59324esm77458955e9.5 - gsmtp')
  ✉️  EMAIL: Failed
    Webhook error: HTTPConnectionPool(host='localhost', port=8888): Max retries exceeded with url: /webhook (Caused by NewConnectionError("HTTPConnection(host='localhost', port=8888): Failed to establish a new connection: [Errno 111] Connection refused"))
  🔔 WEBHOOK: Failed
  📢 ALERT: FLOW-0004 risk=61.0%
     Description: Medium risk detected - operator notification sent
[DatabaseLogger] ✅ Logged ALERT for FLOW-0004 (risk=61.019555568169636%, email_sent=False, webhook_sent=False, rate_limit_ip=None, rate_limit_applied=None)
[DatabaseLogger] ✅ Alert 74943306-1aea-429c-8af8-4fea8c0da6d1 created for FLOW-0004 (tier 2)
[Pipeline] FLOW-0005 risk=72.8% -> Tier 2 (ALERT)

[Executor] Executing ALERT for FLOW-0005...
    Email error: (535, b'5.7.8 Username and Password not accepted. For more information, go to\n5.7.8  https://support.google.com/mail/?p=BadCredentials 5b1f17b1804b1-49b91728319sm179188285e9.12 - gsmtp')
  ✉️  EMAIL: Failed
    Webhook error: HTTPConnectionPool(host='localhost', port=8888): Max retries exceeded with url: /webhook (Caused by NewConnectionError("HTTPConnection(host='localhost', port=8888): Failed to establish a new connection: [Errno 111] Connection refused"))
  🔔 WEBHOOK: Failed
  📢 ALERT: FLOW-0005 risk=72.8%
     Description: Medium risk detected - operator notification sent
[DatabaseLogger] ✅ Logged ALERT for FLOW-0005 (risk=72.78440707423587%, email_sent=False, webhook_sent=False, rate_limit_ip=None, rate_limit_applied=None)
[DatabaseLogger] ✅ Alert cf2fda84-7a23-4d58-9f3c-ab333b024375 created for FLOW-0005 (tier 2)
[Pipeline] FLOW-0001 risk=78.1% -> Tier 2 (ALERT)

[Executor] Executing ALERT for FLOW-0001...
    Email error: (535, b'5.7.8 Username and Password not accepted. For more information, go to\n5.7.8  https://support.google.com/mail/?p=BadCredentials 5b1f17b1804b1-49b9266be71sm406116735e9.2 - gsmtp')INFO:redis_state_manager:✅ Updated state: FLOW-0001 → ALERT (risk=78.1%)
INFO:redis_state_manager:✅ Updated state: FLOW-0002 → LOG (risk=22.7%)
INFO:redis_state_manager:✅ Updated state: FLOW-0003 → LOG (risk=3.3%)
INFO:redis_state_manager:✅ Updated state: FLOW-0004 → ALERT (risk=60.4%)
INFO:redis_state_manager:✅ Updated state: FLOW-0005 → LOG (risk=28.8%)
INFO:redis_state_manager:✅ Updated state: FLOW-0001 → RATE_LIMIT (risk=90.8%)
INFO:redis_state_manager:✅ Updated state: FLOW-0002 → ALERT (risk=66.9%)
INFO:redis_state_manager:✅ Updated state: FLOW-0003 → ALERT (risk=70.0%)
INFO:redis_state_manager:✅ Updated state: FLOW-0004 → ALERT (risk=62.3%)
INFO:redis_state_manager:✅ Updated state: FLOW-0005 → ALERT (risk=72.8%)
INFO:redis_state_manager:✅ Updated state: FLOW-0001 → LOG (risk=49.1%)
INFO:redis_state_manager:✅ Updated state: FLOW-0002 → LOG (risk=50.9%)
INFO:redis_state_manager:✅ Updated state: FLOW-0003 → LOG (risk=42.6%)
INFO:redis_state_manager:✅ Updated state: FLOW-0004 → LOG (risk=53.3%)

  ✉️  EMAIL: Failed
    Webhook error: HTTPConnectionPool(host='localhost', port=8888): Max retries exceeded with url: /webhook (Caused by NewConnectionError("HTTPConnection(host='localhost', port=8888): Failed to establish a new connection: [Errno 111] Connection refused"))
  🔔 WEBHOOK: Failed
  📢 ALERT: FLOW-0001 risk=78.1%
     Description: Medium risk detected - operator notification sent
[DatabaseLogger] ✅ Logged ALERT for FLOW-0001 (risk=78.11820641336114%, email_sent=False, webhook_sent=False, rate_limit_ip=None, rate_limit_applied=None)
[DatabaseLogger] ✅ Alert 1ea11368-8e2a-465c-8c95-661c9f66b988 created for FLOW-0001 (tier 2)
[Pipeline] FLOW-0002 risk=22.7% -> Tier 1 (LOG)

[Executor] Executing LOG for FLOW-0002...
  ✅ LOG: FLOW-0002 risk=22.74083890109679% | Normal operation - risk is low
[DatabaseLogger] ✅ Logged LOG for FLOW-0002 (risk=22.74083890109679%, email_sent=None, webhook_sent=None, rate_limit_ip=None, rate_limit_applied=None)
[Pipeline] FLOW-0003 risk=3.3% -> Tier 1 (LOG)

[Executor] Executing LOG for FLOW-0003...
  ✅ LOG: FLOW-0003 risk=3.3085294097858764% | Normal operation - risk is low
[DatabaseLogger] ✅ Logged LOG for FLOW-0003 (risk=3.3085294097858764%, email_sent=None, webhook_sent=None, rate_limit_ip=None, rate_limit_applied=None)
[Pipeline] FLOW-0004 risk=60.4% -> Tier 2 (ALERT)

[Executor] Executing ALERT for FLOW-0004...
    Email error: (535, b'5.7.8 Username and Password not accepted. For more information, go to\n5.7.8  https://support.google.com/mail/?p=BadCredentials 5b1f17b1804b1-49cd53a4678sm13184465e9.13 - gsmtp')
  ✉️  EMAIL: Failed
    Webhook error: HTTPConnectionPool(host='localhost', port=8888): Max retries exceeded with url: /webhook (Caused by NewConnectionError("HTTPConnection(host='localhost', port=8888): Failed to establish a new connection: [Errno 111] Connection refused"))
  🔔 WEBHOOK: Failed
  📢 ALERT: FLOW-0004 risk=60.4%
     Description: Medium risk detected - operator notification sent
[DatabaseLogger] ✅ Logged ALERT for FLOW-0004 (risk=60.35602691892938%, email_sent=False, webhook_sent=False, rate_limit_ip=None, rate_limit_applied=None)
[DatabaseLogger] ✅ Alert b0b9cfd6-5a1c-477e-95bd-3be8f53133a1 created for FLOW-0004 (tier 2)
[Pipeline] FLOW-0005 risk=28.8% -> Tier 1 (LOG)

[Executor] Executing LOG for FLOW-0005...
  ✅ LOG: FLOW-0005 risk=28.81884879685696% | Normal operation - risk is low
[DatabaseLogger] ✅ Logged LOG for FLOW-0005 (risk=28.81884879685696%, email_sent=None, webhook_sent=None, rate_limit_ip=None, rate_limit_applied=None)
[Pipeline] FLOW-0001 risk=90.8% -> Tier 3 (RATE_LIMIT)

[Executor] Executing RATE_LIMIT for FLOW-0001...
  ⏱️  RATE_LIMIT (simulation): Would limit FLOW-0001 to 10/min
[DatabaseLogger] ✅ Logged RATE_LIMIT for FLOW-0001 (risk=90.83399900860164%, email_sent=None, webhook_sent=None, rate_limit_ip=None, rate_limit_applied=False)
[DatabaseLogger] ✅ Alert 9e72eb6b-f283-4bc8-8f3e-a35b2658b076 created for FLOW-0001 (tier 3)
[Pipeline] FLOW-0002 risk=66.9% -> Tier 2 (ALERT)

[Executor] Executing ALERT for FLOW-0002...
    Email error: (535, b'5.7.8 Username and Password not accepted. For more information, go to\n5.7.8  https://support.google.com/mail/?p=BadCredentials 5b1f17b1804b1-49b94dcaf61sm174884175e9.4 - gsmtp')
  ✉️  EMAIL: Failed
    Webhook error: HTTPConnectionPool(host='localhost', port=8888): Max retries exceeded with url: /webhook (Caused by NewConnectionError("HTTPConnection(host='localhost', port=8888): Failed to establish a new connection: [Errno 111] Connection refused"))
  🔔 WEBHOOK: Failed
  📢 ALERT: FLOW-0002 risk=66.9%
     Description: Medium risk detected - operator notification sent
[DatabaseLogger] ✅ Logged ALERT for FLOW-0002 (risk=66.89581661143762%, email_sent=False, webhook_sent=False, rate_limit_ip=None, rate_limit_applied=None)
[DatabaseLogger] ✅ Alert b153853f-8c25-4035-ba51-3ff8d2626bab created for FLOW-0002 (tier 2)
[Pipeline] FLOW-0003 risk=70.0% -> Tier 2 (ALERT)

[Executor] Executing ALERT for FLOW-0003...
    Email error: (535, b'5.7.8 Username and Password not accepted. For more information, go to\n5.7.8  https://support.google.com/mail/?p=BadCredentials 5b1f17b1804b1-49b91c52fdbsm146106585e9.0 - gsmtp')
  ✉️  EMAIL: Failed
    Webhook error: HTTPConnectionPool(host='localhost', port=8888): Max retries exceeded with url: /webhook (Caused by NewConnectionError("HTTPConnection(host='localhost', port=8888): Failed to establish a new connection: [Errno 111] Connection refused"))
  🔔 WEBHOOK: Failed
  📢 ALERT: FLOW-0003 risk=70.0%
     Description: Medium risk detected - operator notification sent
[DatabaseLogger] ✅ Logged ALERT for FLOW-0003 (risk=69.953973852915%, email_sent=False, webhook_sent=False, rate_limit_ip=None, rate_limit_applied=None)
[DatabaseLogger] ✅ Alert 2da1a8f5-4079-4ac4-800a-b32acde31258 created for FLOW-0003 (tier 2)
[Pipeline] FLOW-0004 risk=62.3% -> Tier 2 (ALERT)

[Executor] Executing ALERT for FLOW-0004...
    Email error: (535, b'5.7.8 Username and Password not accepted. For more information, go to\n5.7.8  https://support.google.com/mail/?p=BadCredentials ffacd0b85a97d-48436e2af3asm3746044f8f.12 - gsmtp')
  ✉️  EMAIL: Failed
    Webhook error: HTTPConnectionPool(host='localhost', port=8888): Max retries exceeded with url: /webhook (Caused by NewConnectionError("HTTPConnection(host='localhost', port=8888): Failed to establish a new connection: [Errno 111] Connection refused"))
  🔔 WEBHOOK: Failed
  📢 ALERT: FLOW-0004 risk=62.3%
     Description: Medium risk detected - operator notification sent
[DatabaseLogger] ✅ Logged ALERT for FLOW-0004 (risk=62.289297385370475%, email_sent=False, webhook_sent=False, rate_limit_ip=None, rate_limit_applied=None)
[DatabaseLogger] ✅ Alert 005247f9-07c3-429b-8096-09c70a1707f2 created for FLOW-0004 (tier 2)
[Pipeline] FLOW-0005 risk=72.8% -> Tier 2 (ALERT)

[Executor] Executing ALERT for FLOW-0005...
    Email error: (535, b'5.7.8 Username and Password not accepted. For more information, go to\n5.7.8  https://support.google.com/mail/?p=BadCredentials 5b1f17b1804b1-49b90f78244sm227407565e9.10 - gsmtp')
  ✉️  EMAIL: Failed
    Webhook error: HTTPConnectionPool(host='localhost', port=8888): Max retries exceeded with url: /webhook (Caused by NewConnectionError("HTTPConnection(host='localhost', port=8888): Failed to establish a new connection: [Errno 111] Connection refused"))
  🔔 WEBHOOK: Failed
  📢 ALERT: FLOW-0005 risk=72.8%
     Description: Medium risk detected - operator notification sent
[DatabaseLogger] ✅ Logged ALERT for FLOW-0005 (risk=72.82534326265144%, email_sent=False, webhook_sent=False, rate_limit_ip=None, rate_limit_applied=None)
[DatabaseLogger] ✅ Alert cff9f8ff-085c-414b-8936-5dc9a0e39eaf created for FLOW-0005 (tier 2)
[Pipeline] FLOW-0001 risk=49.1% -> Tier 1 (LOG)

[Executor] Executing LOG for FLOW-0001...
  ✅ LOG: FLOW-0001 risk=49.106004278187726% | Normal operation - risk is low
[DatabaseLogger] ✅ Logged LOG for FLOW-0001 (risk=49.106004278187726%, email_sent=None, webhook_sent=None, rate_limit_ip=None, rate_limit_applied=None)
[Pipeline] FLOW-0002 risk=50.9% -> Tier 1 (LOG)

[Executor] Executing LOG for FLOW-0002...
  ✅ LOG: FLOW-0002 risk=50.94370771884094% | Normal operation - risk is low
[DatabaseLogger] ✅ Logged LOG for FLOW-0002 (risk=50.94370771884094%, email_sent=None, webhook_sent=None, rate_limit_ip=None, rate_limit_applied=None)
[Pipeline] FLOW-0003 risk=42.6% -> Tier 1 (LOG)

[Executor] Executing LOG for FLOW-0003...
  ✅ LOG: FLOW-0003 risk=42.62114800353754% | Normal operation - risk is low
[DatabaseLogger] ✅ Logged LOG for FLOW-0003 (risk=42.62114800353754%, email_sent=None, webhook_sent=None, rate_limit_ip=None, rate_limit_applied=None)
[Pipeline] FLOW-0004 risk=53.3% -> Tier 1 (LOG)

[Executor] Executing LOG for FLOW-0004...
  ✅ LOG: FLOW-0004 risk=53.29660166471868% | Normal operation - risk is low
[DatabaseLogger] ✅ Logged LOG for FLOW-0004 (risk=53.29660166471868%, email_sent=None, webhook_sent=None, rate_limit_ip=None, rate_limit_applied=None)
[Pipeline] FLOW-0005 risk=56.7% -> Tier 1 (LOG)

[Executor] Executing LOG for FLOW-0005...INFO:redis_state_manager:✅ Updated state: FLOW-0005 → LOG (risk=56.7%)
INFO:redis_state_manager:✅ Updated state: FLOW-0001 → LOG (risk=18.5%)
INFO:redis_state_manager:✅ Updated state: FLOW-0002 → ALERT (risk=62.7%)
INFO:redis_state_manager:✅ Updated state: FLOW-0003 → LOG (risk=46.1%)
INFO:redis_state_manager:✅ Updated state: FLOW-0004 → FULL_ISOLATION (risk=98.3%)
INFO:redis_state_manager:🔒 Marked isolated: FLOW-0004
INFO:redis_state_manager:✅ Updated state: FLOW-0005 → ALERT (risk=78.1%)
INFO:redis_state_manager:✅ Updated state: FLOW-0001 → LOG (risk=23.4%)
INFO:redis_state_manager:✅ Updated state: FLOW-0002 → ALERT (risk=75.9%)
INFO:redis_state_manager:✅ Updated state: FLOW-0003 → LOG (risk=1.5%)
INFO:redis_state_manager:✅ Updated state: FLOW-0004 → LOG (risk=33.5%)
INFO:redis_state_manager:✅ Updated state: FLOW-0005 → FULL_ISOLATION (risk=97.8%)
INFO:redis_state_manager:🔒 Marked isolated: FLOW-0005
INFO:redis_state_manager:✅ Updated state: FLOW-0001 → ALERT (risk=79.5%)
INFO:redis_state_manager:✅ Updated state: FLOW-0002 → LOG (risk=9.1%)
INFO:redis_state_manager:✅ Updated state: FLOW-0003 → LOG (risk=46.0%)
INFO:redis_state_manager:✅ Updated state: FLOW-0004 → LOG (risk=34.8%)

  ✅ LOG: FLOW-0005 risk=56.67485681605412% | Normal operation - risk is low
[DatabaseLogger] ✅ Logged LOG for FLOW-0005 (risk=56.67485681605412%, email_sent=None, webhook_sent=None, rate_limit_ip=None, rate_limit_applied=None)
[Pipeline] FLOW-0001 risk=18.5% -> Tier 1 (LOG)

[Executor] Executing LOG for FLOW-0001...
  ✅ LOG: FLOW-0001 risk=18.493552335576375% | Normal operation - risk is low
[DatabaseLogger] ✅ Logged LOG for FLOW-0001 (risk=18.493552335576375%, email_sent=None, webhook_sent=None, rate_limit_ip=None, rate_limit_applied=None)
[Pipeline] FLOW-0002 risk=62.7% -> Tier 2 (ALERT)

[Executor] Executing ALERT for FLOW-0002...
    Email error: (535, b'5.7.8 Username and Password not accepted. For more information, go to\n5.7.8  https://support.google.com/mail/?p=BadCredentials 5b1f17b1804b1-49cd33074e3sm27135035e9.3 - gsmtp')
  ✉️  EMAIL: Failed
    Webhook error: HTTPConnectionPool(host='localhost', port=8888): Max retries exceeded with url: /webhook (Caused by NewConnectionError("HTTPConnection(host='localhost', port=8888): Failed to establish a new connection: [Errno 111] Connection refused"))
  🔔 WEBHOOK: Failed
  📢 ALERT: FLOW-0002 risk=62.7%
     Description: Medium risk detected - operator notification sent
[DatabaseLogger] ✅ Logged ALERT for FLOW-0002 (risk=62.72314627461179%, email_sent=False, webhook_sent=False, rate_limit_ip=None, rate_limit_applied=None)
[DatabaseLogger] ✅ Alert c335741e-3a9e-4830-892b-fdb3001fdb5c created for FLOW-0002 (tier 2)
[Pipeline] FLOW-0003 risk=46.1% -> Tier 1 (LOG)

[Executor] Executing LOG for FLOW-0003...
  ✅ LOG: FLOW-0003 risk=46.120674578027135% | Normal operation - risk is low
[DatabaseLogger] ✅ Logged LOG for FLOW-0003 (risk=46.120674578027135%, email_sent=None, webhook_sent=None, rate_limit_ip=None, rate_limit_applied=None)
[Pipeline] FLOW-0004 risk=98.3% -> Tier 4 (FULL_ISOLATION)

[Executor] Executing FULL_ISOLATION for FLOW-0004...
  🔒 FULL_ISOLATION: Triggering Module 4 for FLOW-0004...
    (Would POST to Module 4 API to isolate FLOW-0004)
     ✅ Module 4 isolation triggered
[DatabaseLogger] ✅ Logged FULL_ISOLATION for FLOW-0004 (risk=98.26892985271247%, email_sent=None, webhook_sent=None, rate_limit_ip=None, rate_limit_applied=None)
[DatabaseLogger] ✅ Alert bcc044bf-d5b3-41c0-8a19-ee01cb506282 created for FLOW-0004 (tier 4)
[DatabaseLogger] ✅ Set FLOW-0004 state to QUARANTINE
[Pipeline] Marked FLOW-0004 as isolated
[Pipeline] FLOW-0005 risk=78.1% -> Tier 2 (ALERT)

[Executor] Executing ALERT for FLOW-0005...
    Email error: (535, b'5.7.8 Username and Password not accepted. For more information, go to\n5.7.8  https://support.google.com/mail/?p=BadCredentials 5b1f17b1804b1-49ccf59324esm77492805e9.5 - gsmtp')
  ✉️  EMAIL: Failed
    Webhook error: HTTPConnectionPool(host='localhost', port=8888): Max retries exceeded with url: /webhook (Caused by NewConnectionError("HTTPConnection(host='localhost', port=8888): Failed to establish a new connection: [Errno 111] Connection refused"))
  🔔 WEBHOOK: Failed
  📢 ALERT: FLOW-0005 risk=78.1%
     Description: Medium risk detected - operator notification sent
[DatabaseLogger] ✅ Logged ALERT for FLOW-0005 (risk=78.14512547826833%, email_sent=False, webhook_sent=False, rate_limit_ip=None, rate_limit_applied=None)
[DatabaseLogger] ✅ Alert 3822697c-153e-4d19-b174-d8e0f3dbabd0 created for FLOW-0005 (tier 2)
[Pipeline] FLOW-0001 risk=23.4% -> Tier 1 (LOG)

[Executor] Executing LOG for FLOW-0001...
  ✅ LOG: FLOW-0001 risk=23.354909750212443% | Normal operation - risk is low
[DatabaseLogger] ✅ Logged LOG for FLOW-0001 (risk=23.354909750212443%, email_sent=None, webhook_sent=None, rate_limit_ip=None, rate_limit_applied=None)
[Pipeline] FLOW-0002 risk=75.9% -> Tier 2 (ALERT)

[Executor] Executing ALERT for FLOW-0002...
    Email error: (535, b'5.7.8 Username and Password not accepted. For more information, go to\n5.7.8  https://support.google.com/mail/?p=BadCredentials ffacd0b85a97d-482fbab3fcesm13974581f8f.5 - gsmtp')
  ✉️  EMAIL: Failed
    Webhook error: HTTPConnectionPool(host='localhost', port=8888): Max retries exceeded with url: /webhook (Caused by NewConnectionError("HTTPConnection(host='localhost', port=8888): Failed to establish a new connection: [Errno 111] Connection refused"))
  🔔 WEBHOOK: Failed
  📢 ALERT: FLOW-0002 risk=75.9%
     Description: Medium risk detected - operator notification sent
[DatabaseLogger] ✅ Logged ALERT for FLOW-0002 (risk=75.86276127729765%, email_sent=False, webhook_sent=False, rate_limit_ip=None, rate_limit_applied=None)
[DatabaseLogger] ✅ Alert d0e2a304-172e-4b48-a5e4-d55eac21e658 created for FLOW-0002 (tier 2)
[Pipeline] FLOW-0003 risk=1.5% -> Tier 1 (LOG)

[Executor] Executing LOG for FLOW-0003...
  ✅ LOG: FLOW-0003 risk=1.504541426325785% | Normal operation - risk is low
[DatabaseLogger] ✅ Logged LOG for FLOW-0003 (risk=1.504541426325785%, email_sent=None, webhook_sent=None, rate_limit_ip=None, rate_limit_applied=None)
[Pipeline] FLOW-0004 risk=33.5% -> Tier 1 (LOG)

[Executor] Executing LOG for FLOW-0004...
  ✅ LOG: FLOW-0004 risk=33.472230391793154% | Normal operation - risk is low
[DatabaseLogger] ✅ Logged LOG for FLOW-0004 (risk=33.472230391793154%, email_sent=None, webhook_sent=None, rate_limit_ip=None, rate_limit_applied=None)
[Pipeline] FLOW-0005 risk=97.8% -> Tier 4 (FULL_ISOLATION)

[Executor] Executing FULL_ISOLATION for FLOW-0005...
  🔒 FULL_ISOLATION: Triggering Module 4 for FLOW-0005...
    (Would POST to Module 4 API to isolate FLOW-0005)
     ✅ Module 4 isolation triggered
[DatabaseLogger] ✅ Logged FULL_ISOLATION for FLOW-0005 (risk=97.81378611651076%, email_sent=None, webhook_sent=None, rate_limit_ip=None, rate_limit_applied=None)
[DatabaseLogger] ✅ Alert cfcefd38-a23a-4a1b-8eb0-6724d2e38f53 created for FLOW-0005 (tier 4)
[DatabaseLogger] ✅ Set FLOW-0005 state to QUARANTINE
[Pipeline] Marked FLOW-0005 as isolated
[Pipeline] FLOW-0001 risk=79.5% -> Tier 2 (ALERT)

[Executor] Executing ALERT for FLOW-0001...
    Email error: (535, b'5.7.8 Username and Password not accepted. For more information, go to\n5.7.8  https://support.google.com/mail/?p=BadCredentials ffacd0b85a97d-482fbb33d58sm12790755f8f.35 - gsmtp')
  ✉️  EMAIL: Failed
    Webhook error: HTTPConnectionPool(host='localhost', port=8888): Max retries exceeded with url: /webhook (Caused by NewConnectionError("HTTPConnection(host='localhost', port=8888): Failed to establish a new connection: [Errno 111] Connection refused"))
  🔔 WEBHOOK: Failed
  📢 ALERT: FLOW-0001 risk=79.5%
     Description: Medium risk detected - operator notification sent
[DatabaseLogger] ✅ Logged ALERT for FLOW-0001 (risk=79.53526002803757%, email_sent=False, webhook_sent=False, rate_limit_ip=None, rate_limit_applied=None)
[DatabaseLogger] ✅ Alert 80e22a52-6eb5-4c74-a489-2148280bfd26 created for FLOW-0001 (tier 2)
[Pipeline] FLOW-0002 risk=9.1% -> Tier 1 (LOG)

[Executor] Executing LOG for FLOW-0002...
  ✅ LOG: FLOW-0002 risk=9.08918161716521% | Normal operation - risk is low
[DatabaseLogger] ✅ Logged LOG for FLOW-0002 (risk=9.08918161716521%, email_sent=None, webhook_sent=None, rate_limit_ip=None, rate_limit_applied=None)
[Pipeline] FLOW-0003 risk=46.0% -> Tier 1 (LOG)

[Executor] Executing LOG for FLOW-0003...
  ✅ LOG: FLOW-0003 risk=45.95641537530279% | Normal operation - risk is low
[DatabaseLogger] ✅ Logged LOG for FLOW-0003 (risk=45.95641537530279%, email_sent=None, webhook_sent=None, rate_limit_ip=None, rate_limit_applied=None)
[Pipeline] FLOW-0004 risk=34.8% -> Tier 1 (LOG)

[Executor] Executing LOG for FLOW-0004...
  ✅ LOG: FLOW-0004 risk=34.81094555100006% | Normal operation - risk is low
[DatabaseLogger] ✅ Logged LOG for FLOW-0004 (risk=34.81094555100006%, email_sent=None, webhook_sent=None, rate_limit_ip=None, rate_limit_applied=None)
[Pipeline] FLOW-0005 risk=34.7% -> Tier 1 (LOG)

[Executor] Executing LOG for FLOW-0005...
  ✅ LOG: FLOW-0005 risk=34.651401701347176% | Normal operation - risk is low
[DatabaseLogger] ✅ Logged LOG for FLOW-0005 (risk=34.651401701347176%, email_sent=None, webhook_sent=None, rate_limit_ip=None, rate_limit_applied=None)INFO:redis_state_manager:✅ Updated state: FLOW-0005 → LOG (risk=34.7%)
INFO:redis_state_manager:✅ Updated state: FLOW-0001 → LOG (risk=52.0%)
INFO:redis_state_manager:✅ Updated state: FLOW-0002 → LOG (risk=3.3%)
INFO:redis_state_manager:✅ Updated state: FLOW-0003 → LOG (risk=8.0%)
INFO:redis_state_manager:✅ Updated state: FLOW-0004 → LOG (risk=2.3%)
INFO:redis_state_manager:✅ Updated state: FLOW-0005 → LOG (risk=54.4%)
INFO:redis_state_manager:✅ Updated state: FLOW-0001 → RATE_LIMIT (risk=80.0%)
INFO:redis_state_manager:✅ Updated state: FLOW-0002 → ALERT (risk=70.4%)
INFO:redis_state_manager:✅ Updated state: FLOW-0003 → LOG (risk=5.0%)
INFO:redis_state_manager:✅ Updated state: FLOW-0004 → RATE_LIMIT (risk=92.7%)
INFO:redis_state_manager:✅ Updated state: FLOW-0005 → LOG (risk=43.1%)
INFO:redis_state_manager:✅ Updated state: FLOW-0001 → LOG (risk=23.7%)
INFO:redis_state_manager:✅ Updated state: FLOW-0002 → LOG (risk=11.4%)
INFO:redis_state_manager:✅ Updated state: FLOW-0003 → LOG (risk=13.4%)
INFO:redis_state_manager:✅ Updated state: FLOW-0004 → LOG (risk=59.0%)
INFO:redis_state_manager:✅ Updated state: FLOW-0005 → ALERT (risk=73.1%)
INFO:redis_state_manager:✅ Updated state: FLOW-0001 → LOG (risk=42.9%)
INFO:redis_state_manager:✅ Updated state: FLOW-0002 → LOG (risk=28.1%)
INFO:redis_state_manager:✅ Updated state: FLOW-0003 → LOG (risk=54.5%)
INFO:redis_state_manager:✅ Updated state: FLOW-0004 → LOG (risk=24.6%)
INFO:redis_state_manager:✅ Updated state: FLOW-0005 → LOG (risk=57.4%)

[Pipeline] FLOW-0001 risk=52.0% -> Tier 1 (LOG)

[Executor] Executing LOG for FLOW-0001...
  ✅ LOG: FLOW-0001 risk=51.99703240741348% | Normal operation - risk is low
[DatabaseLogger] ✅ Logged LOG for FLOW-0001 (risk=51.99703240741348%, email_sent=None, webhook_sent=None, rate_limit_ip=None, rate_limit_applied=None)
[Pipeline] FLOW-0002 risk=3.3% -> Tier 1 (LOG)

[Executor] Executing LOG for FLOW-0002...
  ✅ LOG: FLOW-0002 risk=3.347338350640481% | Normal operation - risk is low
[DatabaseLogger] ✅ Logged LOG for FLOW-0002 (risk=3.347338350640481%, email_sent=None, webhook_sent=None, rate_limit_ip=None, rate_limit_applied=None)
[Pipeline] FLOW-0003 risk=8.0% -> Tier 1 (LOG)

[Executor] Executing LOG for FLOW-0003...
  ✅ LOG: FLOW-0003 risk=8.043136711145094% | Normal operation - risk is low
[DatabaseLogger] ✅ Logged LOG for FLOW-0003 (risk=8.043136711145094%, email_sent=None, webhook_sent=None, rate_limit_ip=None, rate_limit_applied=None)
[Pipeline] FLOW-0004 risk=2.3% -> Tier 1 (LOG)

[Executor] Executing LOG for FLOW-0004...
  ✅ LOG: FLOW-0004 risk=2.3037433577221123% | Normal operation - risk is low
[DatabaseLogger] ✅ Logged LOG for FLOW-0004 (risk=2.3037433577221123%, email_sent=None, webhook_sent=None, rate_limit_ip=None, rate_limit_applied=None)
[Pipeline] FLOW-0005 risk=54.4% -> Tier 1 (LOG)

[Executor] Executing LOG for FLOW-0005...
  ✅ LOG: FLOW-0005 risk=54.39083124104469% | Normal operation - risk is low
[DatabaseLogger] ✅ Logged LOG for FLOW-0005 (risk=54.39083124104469%, email_sent=None, webhook_sent=None, rate_limit_ip=None, rate_limit_applied=None)
[Pipeline] FLOW-0001 risk=80.0% -> Tier 3 (RATE_LIMIT)

[Executor] Executing RATE_LIMIT for FLOW-0001...
  ⏱️  RATE_LIMIT (simulation): Would limit FLOW-0001 to 10/min
[DatabaseLogger] ✅ Logged RATE_LIMIT for FLOW-0001 (risk=80.01044598077125%, email_sent=None, webhook_sent=None, rate_limit_ip=None, rate_limit_applied=False)
[DatabaseLogger] ✅ Alert f4bb13c5-103c-4e59-9db4-9a3953bf050f created for FLOW-0001 (tier 3)
[Pipeline] FLOW-0002 risk=70.4% -> Tier 2 (ALERT)

[Executor] Executing ALERT for FLOW-0002...
    Email error: (535, b'5.7.8 Username and Password not accepted. For more information, go to\n5.7.8  https://support.google.com/mail/?p=BadCredentials 5b1f17b1804b1-49b4c3211e1sm255793265e9.9 - gsmtp')
  ✉️  EMAIL: Failed
    Webhook error: HTTPConnectionPool(host='localhost', port=8888): Max retries exceeded with url: /webhook (Caused by NewConnectionError("HTTPConnection(host='localhost', port=8888): Failed to establish a new connection: [Errno 111] Connection refused"))
  🔔 WEBHOOK: Failed
  📢 ALERT: FLOW-0002 risk=70.4%
     Description: Medium risk detected - operator notification sent
[DatabaseLogger] ✅ Logged ALERT for FLOW-0002 (risk=70.42205451378132%, email_sent=False, webhook_sent=False, rate_limit_ip=None, rate_limit_applied=None)
[DatabaseLogger] ✅ Alert 1bb4052a-409f-424a-8814-670538d9a65f created for FLOW-0002 (tier 2)
[Pipeline] FLOW-0003 risk=5.0% -> Tier 1 (LOG)

[Executor] Executing LOG for FLOW-0003...
  ✅ LOG: FLOW-0003 risk=5.021631816451668% | Normal operation - risk is low
[DatabaseLogger] ✅ Logged LOG for FLOW-0003 (risk=5.021631816451668%, email_sent=None, webhook_sent=None, rate_limit_ip=None, rate_limit_applied=None)
[Pipeline] FLOW-0004 risk=92.7% -> Tier 3 (RATE_LIMIT)

[Executor] Executing RATE_LIMIT for FLOW-0004...
  ⏱️  RATE_LIMIT (simulation): Would limit FLOW-0004 to 10/min
[DatabaseLogger] ✅ Logged RATE_LIMIT for FLOW-0004 (risk=92.69249052047604%, email_sent=None, webhook_sent=None, rate_limit_ip=None, rate_limit_applied=False)
[DatabaseLogger] ✅ Alert 36a60073-2f76-4fd4-a5eb-200f8b89ccf7 created for FLOW-0004 (tier 3)
[Pipeline] FLOW-0005 risk=43.1% -> Tier 1 (LOG)

[Executor] Executing LOG for FLOW-0005...
  ✅ LOG: FLOW-0005 risk=43.06680383266321% | Normal operation - risk is low
[DatabaseLogger] ✅ Logged LOG for FLOW-0005 (risk=43.06680383266321%, email_sent=None, webhook_sent=None, rate_limit_ip=None, rate_limit_applied=None)
[Pipeline] FLOW-0001 risk=23.7% -> Tier 1 (LOG)

[Executor] Executing LOG for FLOW-0001...
  ✅ LOG: FLOW-0001 risk=23.67102635845243% | Normal operation - risk is low
[DatabaseLogger] ✅ Logged LOG for FLOW-0001 (risk=23.67102635845243%, email_sent=None, webhook_sent=None, rate_limit_ip=None, rate_limit_applied=None)
[Pipeline] FLOW-0002 risk=11.4% -> Tier 1 (LOG)

[Executor] Executing LOG for FLOW-0002...
  ✅ LOG: FLOW-0002 risk=11.447225809679814% | Normal operation - risk is low
[DatabaseLogger] ✅ Logged LOG for FLOW-0002 (risk=11.447225809679814%, email_sent=None, webhook_sent=None, rate_limit_ip=None, rate_limit_applied=None)
[Pipeline] FLOW-0003 risk=13.4% -> Tier 1 (LOG)

[Executor] Executing LOG for FLOW-0003...
  ✅ LOG: FLOW-0003 risk=13.380477220846574% | Normal operation - risk is low
[DatabaseLogger] ✅ Logged LOG for FLOW-0003 (risk=13.380477220846574%, email_sent=None, webhook_sent=None, rate_limit_ip=None, rate_limit_applied=None)
[Pipeline] FLOW-0004 risk=59.0% -> Tier 1 (LOG)

[Executor] Executing LOG for FLOW-0004...
  ✅ LOG: FLOW-0004 risk=59.011189086003405% | Normal operation - risk is low
[DatabaseLogger] ✅ Logged LOG for FLOW-0004 (risk=59.011189086003405%, email_sent=None, webhook_sent=None, rate_limit_ip=None, rate_limit_applied=None)
[Pipeline] FLOW-0005 risk=73.1% -> Tier 2 (ALERT)

[Executor] Executing ALERT for FLOW-0005...
    Email error: (535, b'5.7.8 Username and Password not accepted. For more information, go to\n5.7.8  https://support.google.com/mail/?p=BadCredentials 5b1f17b1804b1-49b95013d06sm259940325e9.12 - gsmtp')
  ✉️  EMAIL: Failed
    Webhook error: HTTPConnectionPool(host='localhost', port=8888): Max retries exceeded with url: /webhook (Caused by NewConnectionError("HTTPConnection(host='localhost', port=8888): Failed to establish a new connection: [Errno 111] Connection refused"))
  🔔 WEBHOOK: Failed
  📢 ALERT: FLOW-0005 risk=73.1%
     Description: Medium risk detected - operator notification sent
[DatabaseLogger] ✅ Logged ALERT for FLOW-0005 (risk=73.0523263691522%, email_sent=False, webhook_sent=False, rate_limit_ip=None, rate_limit_applied=None)
[DatabaseLogger] ✅ Alert 568d59c9-25d9-47d2-a1f5-26b2ec209ab6 created for FLOW-0005 (tier 2)
[Pipeline] FLOW-0001 risk=42.9% -> Tier 1 (LOG)

[Executor] Executing LOG for FLOW-0001...
  ✅ LOG: FLOW-0001 risk=42.893460880177955% | Normal operation - risk is low
[DatabaseLogger] ✅ Logged LOG for FLOW-0001 (risk=42.893460880177955%, email_sent=None, webhook_sent=None, rate_limit_ip=None, rate_limit_applied=None)
[Pipeline] FLOW-0002 risk=28.1% -> Tier 1 (LOG)

[Executor] Executing LOG for FLOW-0002...
  ✅ LOG: FLOW-0002 risk=28.116597458304867% | Normal operation - risk is low
[DatabaseLogger] ✅ Logged LOG for FLOW-0002 (risk=28.116597458304867%, email_sent=None, webhook_sent=None, rate_limit_ip=None, rate_limit_applied=None)
[Pipeline] FLOW-0003 risk=54.5% -> Tier 1 (LOG)

[Executor] Executing LOG for FLOW-0003...
  ✅ LOG: FLOW-0003 risk=54.5066223445851% | Normal operation - risk is low
[DatabaseLogger] ✅ Logged LOG for FLOW-0003 (risk=54.5066223445851%, email_sent=None, webhook_sent=None, rate_limit_ip=None, rate_limit_applied=None)
[Pipeline] FLOW-0004 risk=24.6% -> Tier 1 (LOG)

[Executor] Executing LOG for FLOW-0004...
  ✅ LOG: FLOW-0004 risk=24.620900912610363% | Normal operation - risk is low
[DatabaseLogger] ✅ Logged LOG for FLOW-0004 (risk=24.620900912610363%, email_sent=None, webhook_sent=None, rate_limit_ip=None, rate_limit_applied=None)
[Pipeline] FLOW-0005 risk=57.4% -> Tier 1 (LOG)

[Executor] Executing LOG for FLOW-0005...
  ✅ LOG: FLOW-0005 risk=57.439545120742416% | Normal operation - risk is low
[DatabaseLogger] ✅ Logged LOG for FLOW-0005 (risk=57.439545120742416%, email_sent=None, webhook_sent=None, rate_limit_ip=None, rate_limit_applied=None)
[Pipeline] FLOW-0001 risk=52.7% -> Tier 1 (LOG)

[Executor] Executing LOG for FLOW-0001...
  ✅ LOG: FLOW-0001 risk=52.7382404217789% | Normal operation - risk is low
[DatabaseLogger] ✅ Logged LOG for FLOW-0001 (risk=52.7382404217789%, email_sent=None, webhook_sent=None, rate_limit_ip=None, rate_limit_applied=None)INFO:redis_state_manager:✅ Updated state: FLOW-0001 → LOG (risk=52.7%)
INFO:redis_state_manager:✅ Updated state: FLOW-0002 → RATE_LIMIT (risk=84.0%)
INFO:redis_state_manager:✅ Updated state: FLOW-0003 → ALERT (risk=75.8%)
INFO:redis_state_manager:✅ Updated state: FLOW-0004 → RATE_LIMIT (risk=82.0%)
INFO:redis_state_manager:✅ Updated state: FLOW-0005 → FULL_ISOLATION (risk=99.6%)
INFO:redis_state_manager:🔒 Marked isolated: FLOW-0005
INFO:redis_state_manager:✅ Updated state: FLOW-0001 → ALERT (risk=66.6%)
INFO:redis_state_manager:✅ Updated state: FLOW-0002 → ALERT (risk=76.6%)
INFO:redis_state_manager:✅ Updated state: FLOW-0003 → ALERT (risk=68.1%)
INFO:redis_state_manager:✅ Updated state: FLOW-0004 → LOG (risk=19.3%)
INFO:redis_state_manager:✅ Updated state: FLOW-0005 → LOG (risk=37.6%)
INFO:redis_state_manager:✅ Updated state: FLOW-0001 → LOG (risk=37.4%)
INFO:redis_state_manager:✅ Updated state: FLOW-0002 → LOG (risk=6.8%)
INFO:redis_state_manager:✅ Updated state: FLOW-0003 → ALERT (risk=78.3%)
INFO:redis_state_manager:✅ Updated state: FLOW-0004 → LOG (risk=54.1%)

[Pipeline] FLOW-0002 risk=84.0% -> Tier 3 (RATE_LIMIT)

[Executor] Executing RATE_LIMIT for FLOW-0002...
  ⏱️  RATE_LIMIT (simulation): Would limit FLOW-0002 to 10/min
[DatabaseLogger] ✅ Logged RATE_LIMIT for FLOW-0002 (risk=84.04115937120196%, email_sent=None, webhook_sent=None, rate_limit_ip=None, rate_limit_applied=False)
[DatabaseLogger] ✅ Alert 61322f4c-7ab2-4bcd-8d2c-d39208c9f529 created for FLOW-0002 (tier 3)
[Pipeline] FLOW-0003 risk=75.8% -> Tier 2 (ALERT)

[Executor] Executing ALERT for FLOW-0003...
    Email error: (535, b'5.7.8 Username and Password not accepted. For more information, go to\n5.7.8  https://support.google.com/mail/?p=BadCredentials 5b1f17b1804b1-49ccd1e19desm124734115e9.1 - gsmtp')
  ✉️  EMAIL: Failed
    Webhook error: HTTPConnectionPool(host='localhost', port=8888): Max retries exceeded with url: /webhook (Caused by NewConnectionError("HTTPConnection(host='localhost', port=8888): Failed to establish a new connection: [Errno 111] Connection refused"))
  🔔 WEBHOOK: Failed
  📢 ALERT: FLOW-0003 risk=75.8%
     Description: Medium risk detected - operator notification sent
[DatabaseLogger] ✅ Logged ALERT for FLOW-0003 (risk=75.77901129984303%, email_sent=False, webhook_sent=False, rate_limit_ip=None, rate_limit_applied=None)
[DatabaseLogger] ✅ Alert be2aab9a-df1d-4140-b824-dff26533981b created for FLOW-0003 (tier 2)
[Pipeline] FLOW-0004 risk=82.0% -> Tier 3 (RATE_LIMIT)

[Executor] Executing RATE_LIMIT for FLOW-0004...
  ⏱️  RATE_LIMIT (simulation): Would limit FLOW-0004 to 10/min
[DatabaseLogger] ✅ Logged RATE_LIMIT for FLOW-0004 (risk=81.99224929433379%, email_sent=None, webhook_sent=None, rate_limit_ip=None, rate_limit_applied=False)
[DatabaseLogger] ✅ Alert 8746ae76-4e39-47ee-bc03-7f22bc9ca34e created for FLOW-0004 (tier 3)
[Pipeline] FLOW-0005 risk=99.6% -> Tier 4 (FULL_ISOLATION)

[Executor] Executing FULL_ISOLATION for FLOW-0005...
  🔒 FULL_ISOLATION: Triggering Module 4 for FLOW-0005...
    (Would POST to Module 4 API to isolate FLOW-0005)
     ✅ Module 4 isolation triggered
[DatabaseLogger] ✅ Logged FULL_ISOLATION for FLOW-0005 (risk=99.62170088904406%, email_sent=None, webhook_sent=None, rate_limit_ip=None, rate_limit_applied=None)
[DatabaseLogger] ✅ Alert d1c0adcb-1715-485e-a058-36ad3255a6be created for FLOW-0005 (tier 4)
[DatabaseLogger] ✅ Set FLOW-0005 state to QUARANTINE
[Pipeline] Marked FLOW-0005 as isolated
[Pipeline] FLOW-0001 risk=66.6% -> Tier 2 (ALERT)

[Executor] Executing ALERT for FLOW-0001...
    Email error: (535, b'5.7.8 Username and Password not accepted. For more information, go to\n5.7.8  https://support.google.com/mail/?p=BadCredentials 5b1f17b1804b1-49b94dcaf61sm174994155e9.4 - gsmtp')
  ✉️  EMAIL: Failed
    Webhook error: HTTPConnectionPool(host='localhost', port=8888): Max retries exceeded with url: /webhook (Caused by NewConnectionError("HTTPConnection(host='localhost', port=8888): Failed to establish a new connection: [Errno 111] Connection refused"))
  🔔 WEBHOOK: Failed
  📢 ALERT: FLOW-0001 risk=66.6%
     Description: Medium risk detected - operator notification sent
[DatabaseLogger] ✅ Logged ALERT for FLOW-0001 (risk=66.64788467484846%, email_sent=False, webhook_sent=False, rate_limit_ip=None, rate_limit_applied=None)
[DatabaseLogger] ✅ Alert 371b37bc-4c1c-4956-9c3c-2a34c18b0d99 created for FLOW-0001 (tier 2)
[Pipeline] FLOW-0002 risk=76.6% -> Tier 2 (ALERT)

[Executor] Executing ALERT for FLOW-0002...
    Email error: (535, b'5.7.8 Username and Password not accepted. For more information, go to\n5.7.8  https://support.google.com/mail/?p=BadCredentials 5b1f17b1804b1-49ccf5a580esm60880575e9.3 - gsmtp')
  ✉️  EMAIL: Failed
    Webhook error: HTTPConnectionPool(host='localhost', port=8888): Max retries exceeded with url: /webhook (Caused by NewConnectionError("HTTPConnection(host='localhost', port=8888): Failed to establish a new connection: [Errno 111] Connection refused"))
  🔔 WEBHOOK: Failed
  📢 ALERT: FLOW-0002 risk=76.6%
     Description: Medium risk detected - operator notification sent
[DatabaseLogger] ✅ Logged ALERT for FLOW-0002 (risk=76.61955158026802%, email_sent=False, webhook_sent=False, rate_limit_ip=None, rate_limit_applied=None)
[DatabaseLogger] ✅ Alert f12dc3e9-7d9a-4e9e-baa6-87b4fdfa877d created for FLOW-0002 (tier 2)
[Pipeline] FLOW-0003 risk=68.1% -> Tier 2 (ALERT)

[Executor] Executing ALERT for FLOW-0003...
    Email error: (535, b'5.7.8 Username and Password not accepted. For more information, go to\n5.7.8  https://support.google.com/mail/?p=BadCredentials ffacd0b85a97d-482fbb2794dsm15192917f8f.25 - gsmtp')
  ✉️  EMAIL: Failed
    Webhook error: HTTPConnectionPool(host='localhost', port=8888): Max retries exceeded with url: /webhook (Caused by NewConnectionError("HTTPConnection(host='localhost', port=8888): Failed to establish a new connection: [Errno 111] Connection refused"))
  🔔 WEBHOOK: Failed
  📢 ALERT: FLOW-0003 risk=68.1%
     Description: Medium risk detected - operator notification sent
[DatabaseLogger] ✅ Logged ALERT for FLOW-0003 (risk=68.10322639512512%, email_sent=False, webhook_sent=False, rate_limit_ip=None, rate_limit_applied=None)
[DatabaseLogger] ✅ Alert 9d9904d6-f4b6-4572-9191-a7ddcef1102e created for FLOW-0003 (tier 2)
[Pipeline] FLOW-0004 risk=19.3% -> Tier 1 (LOG)

[Executor] Executing LOG for FLOW-0004...
  ✅ LOG: FLOW-0004 risk=19.311187915082368% | Normal operation - risk is low
[DatabaseLogger] ✅ Logged LOG for FLOW-0004 (risk=19.311187915082368%, email_sent=None, webhook_sent=None, rate_limit_ip=None, rate_limit_applied=None)
[Pipeline] FLOW-0005 risk=37.6% -> Tier 1 (LOG)

[Executor] Executing LOG for FLOW-0005...
  ✅ LOG: FLOW-0005 risk=37.64642340587234% | Normal operation - risk is low
[DatabaseLogger] ✅ Logged LOG for FLOW-0005 (risk=37.64642340587234%, email_sent=None, webhook_sent=None, rate_limit_ip=None, rate_limit_applied=None)
[Pipeline] FLOW-0001 risk=37.4% -> Tier 1 (LOG)

[Executor] Executing LOG for FLOW-0001...
  ✅ LOG: FLOW-0001 risk=37.41797267365756% | Normal operation - risk is low
[DatabaseLogger] ✅ Logged LOG for FLOW-0001 (risk=37.41797267365756%, email_sent=None, webhook_sent=None, rate_limit_ip=None, rate_limit_applied=None)
[Pipeline] FLOW-0002 risk=6.8% -> Tier 1 (LOG)

[Executor] Executing LOG for FLOW-0002...
  ✅ LOG: FLOW-0002 risk=6.78527520328065% | Normal operation - risk is low
[DatabaseLogger] ✅ Logged LOG for FLOW-0002 (risk=6.78527520328065%, email_sent=None, webhook_sent=None, rate_limit_ip=None, rate_limit_applied=None)
[Pipeline] FLOW-0003 risk=78.3% -> Tier 2 (ALERT)

[Executor] Executing ALERT for FLOW-0003...
    Email error: (535, b'5.7.8 Username and Password not accepted. For more information, go to\n5.7.8  https://support.google.com/mail/?p=BadCredentials 5b1f17b1804b1-49ccd1e19desm124820645e9.1 - gsmtp')
  ✉️  EMAIL: Failed
    Webhook error: HTTPConnectionPool(host='localhost', port=8888): Max retries exceeded with url: /webhook (Caused by NewConnectionError("HTTPConnection(host='localhost', port=8888): Failed to establish a new connection: [Errno 111] Connection refused"))
  🔔 WEBHOOK: Failed
  📢 ALERT: FLOW-0003 risk=78.3%
     Description: Medium risk detected - operator notification sent
[DatabaseLogger] ✅ Logged ALERT for FLOW-0003 (risk=78.3235062895137%, email_sent=False, webhook_sent=False, rate_limit_ip=None, rate_limit_applied=None)
[DatabaseLogger] ✅ Alert 0fd8843a-87c9-424b-89ba-991964b343f8 created for FLOW-0003 (tier 2)
[Pipeline] FLOW-0004 risk=54.1% -> Tier 1 (LOG)

[Executor] Executing LOG for FLOW-0004...
  ✅ LOG: FLOW-0004 risk=54.074551102246375% | Normal operation - risk is low
[DatabaseLogger] ✅ Logged LOG for FLOW-0004 (risk=54.074551102246375%, email_sent=None, webhook_sent=None, rate_limit_ip=None, rate_limit_applied=None)
[Pipeline] FLOW-0005 risk=72.6% -> Tier 2 (ALERT)

[Executor] Executing ALERT for FLOW-0005...
    Email error: (535, b'5.7.8 Username and Password not accepted. For more information, go to\n5.7.8  https://support.google.com/mail/?p=BadCredentials 5b1f17b1804b1-49b49cc6446sm239654995e9.7 - gsmtp')
  ✉️  EMAIL: FailedINFO:redis_state_manager:✅ Updated state: FLOW-0005 → ALERT (risk=72.6%)
INFO:redis_state_manager:✅ Updated state: FLOW-0001 → ALERT (risk=76.2%)
INFO:redis_state_manager:✅ Updated state: FLOW-0002 → RATE_LIMIT (risk=80.0%)
INFO:redis_state_manager:✅ Updated state: FLOW-0003 → LOG (risk=20.0%)
INFO:redis_state_manager:✅ Updated state: FLOW-0004 → FULL_ISOLATION (risk=95.4%)
INFO:redis_state_manager:🔒 Marked isolated: FLOW-0004
INFO:redis_state_manager:✅ Updated state: FLOW-0005 → RATE_LIMIT (risk=85.3%)
INFO:redis_state_manager:✅ Updated state: FLOW-0001 → LOG (risk=12.1%)
INFO:redis_state_manager:✅ Updated state: FLOW-0002 → LOG (risk=30.0%)
INFO:redis_state_manager:✅ Updated state: FLOW-0003 → LOG (risk=43.3%)
INFO:redis_state_manager:✅ Updated state: FLOW-0004 → LOG (risk=38.2%)
INFO:redis_state_manager:✅ Updated state: FLOW-0005 → LOG (risk=28.2%)
INFO:redis_state_manager:✅ Updated state: FLOW-0001 → RATE_LIMIT (risk=83.0%)
INFO:redis_state_manager:✅ Updated state: FLOW-0002 → LOG (risk=17.6%)
INFO:redis_state_manager:✅ Updated state: FLOW-0003 → LOG (risk=5.8%)
INFO:redis_state_manager:✅ Updated state: FLOW-0004 → RATE_LIMIT (risk=81.5%)
INFO:redis_state_manager:✅ Updated state: FLOW-0005 → LOG (risk=26.3%)
INFO:redis_state_manager:✅ Updated state: FLOW-0001 → LOG (risk=56.5%)
INFO:redis_state_manager:✅ Updated state: FLOW-0002 → ALERT (risk=71.7%)

    Webhook error: HTTPConnectionPool(host='localhost', port=8888): Max retries exceeded with url: /webhook (Caused by NewConnectionError("HTTPConnection(host='localhost', port=8888): Failed to establish a new connection: [Errno 111] Connection refused"))
  🔔 WEBHOOK: Failed
  📢 ALERT: FLOW-0005 risk=72.6%
     Description: Medium risk detected - operator notification sent
[DatabaseLogger] ✅ Logged ALERT for FLOW-0005 (risk=72.5980076941116%, email_sent=False, webhook_sent=False, rate_limit_ip=None, rate_limit_applied=None)
[DatabaseLogger] ✅ Alert c1f6a846-3006-4aeb-90cf-728940bc9da7 created for FLOW-0005 (tier 2)
[Pipeline] FLOW-0001 risk=76.2% -> Tier 2 (ALERT)

[Executor] Executing ALERT for FLOW-0001...
    Email error: (535, b'5.7.8 Username and Password not accepted. For more information, go to\n5.7.8  https://support.google.com/mail/?p=BadCredentials 5b1f17b1804b1-49b955e7906sm158045435e9.1 - gsmtp')
  ✉️  EMAIL: Failed
    Webhook error: HTTPConnectionPool(host='localhost', port=8888): Max retries exceeded with url: /webhook (Caused by NewConnectionError("HTTPConnection(host='localhost', port=8888): Failed to establish a new connection: [Errno 111] Connection refused"))
  🔔 WEBHOOK: Failed
  📢 ALERT: FLOW-0001 risk=76.2%
     Description: Medium risk detected - operator notification sent
[DatabaseLogger] ✅ Logged ALERT for FLOW-0001 (risk=76.24025100441716%, email_sent=False, webhook_sent=False, rate_limit_ip=None, rate_limit_applied=None)
[DatabaseLogger] ✅ Alert 889df53d-8347-46b4-ae00-798c1499f9b7 created for FLOW-0001 (tier 2)
[Pipeline] FLOW-0002 risk=80.0% -> Tier 3 (RATE_LIMIT)

[Executor] Executing RATE_LIMIT for FLOW-0002...
  ⏱️  RATE_LIMIT (simulation): Would limit FLOW-0002 to 10/min
[DatabaseLogger] ✅ Logged RATE_LIMIT for FLOW-0002 (risk=80.0199566531552%, email_sent=None, webhook_sent=None, rate_limit_ip=None, rate_limit_applied=False)
[DatabaseLogger] ✅ Alert 02af554e-4124-49a6-b120-91a0485eaa38 created for FLOW-0002 (tier 3)
[Pipeline] FLOW-0003 risk=20.0% -> Tier 1 (LOG)

[Executor] Executing LOG for FLOW-0003...
  ✅ LOG: FLOW-0003 risk=19.98133596246325% | Normal operation - risk is low
[DatabaseLogger] ✅ Logged LOG for FLOW-0003 (risk=19.98133596246325%, email_sent=None, webhook_sent=None, rate_limit_ip=None, rate_limit_applied=None)
[Pipeline] FLOW-0004 risk=95.4% -> Tier 4 (FULL_ISOLATION)

[Executor] Executing FULL_ISOLATION for FLOW-0004...
  🔒 FULL_ISOLATION: Triggering Module 4 for FLOW-0004...
    (Would POST to Module 4 API to isolate FLOW-0004)
     ✅ Module 4 isolation triggered
[DatabaseLogger] ✅ Logged FULL_ISOLATION for FLOW-0004 (risk=95.35502312195537%, email_sent=None, webhook_sent=None, rate_limit_ip=None, rate_limit_applied=None)
[DatabaseLogger] ✅ Alert 07244868-cfdd-4d1b-a4cd-240f880016ec created for FLOW-0004 (tier 4)
[DatabaseLogger] ✅ Set FLOW-0004 state to QUARANTINE
[Pipeline] Marked FLOW-0004 as isolated
[Pipeline] FLOW-0005 risk=85.3% -> Tier 3 (RATE_LIMIT)

[Executor] Executing RATE_LIMIT for FLOW-0005...
  ⏱️  RATE_LIMIT (simulation): Would limit FLOW-0005 to 10/min
[DatabaseLogger] ✅ Logged RATE_LIMIT for FLOW-0005 (risk=85.32660385175845%, email_sent=None, webhook_sent=None, rate_limit_ip=None, rate_limit_applied=False)
[DatabaseLogger] ✅ Alert 641a5192-cc40-4f95-8faa-6decdd80d68a created for FLOW-0005 (tier 3)
[Pipeline] FLOW-0001 risk=12.1% -> Tier 1 (LOG)

[Executor] Executing LOG for FLOW-0001...
  ✅ LOG: FLOW-0001 risk=12.074104998560431% | Normal operation - risk is low
[DatabaseLogger] ✅ Logged LOG for FLOW-0001 (risk=12.074104998560431%, email_sent=None, webhook_sent=None, rate_limit_ip=None, rate_limit_applied=None)
[Pipeline] FLOW-0002 risk=30.0% -> Tier 1 (LOG)

[Executor] Executing LOG for FLOW-0002...
  ✅ LOG: FLOW-0002 risk=30.00792946928762% | Normal operation - risk is low
[DatabaseLogger] ✅ Logged LOG for FLOW-0002 (risk=30.00792946928762%, email_sent=None, webhook_sent=None, rate_limit_ip=None, rate_limit_applied=None)
[Pipeline] FLOW-0003 risk=43.3% -> Tier 1 (LOG)

[Executor] Executing LOG for FLOW-0003...
  ✅ LOG: FLOW-0003 risk=43.27883638450127% | Normal operation - risk is low
[DatabaseLogger] ✅ Logged LOG for FLOW-0003 (risk=43.27883638450127%, email_sent=None, webhook_sent=None, rate_limit_ip=None, rate_limit_applied=None)
[Pipeline] FLOW-0004 risk=38.2% -> Tier 1 (LOG)

[Executor] Executing LOG for FLOW-0004...
  ✅ LOG: FLOW-0004 risk=38.2282416848152% | Normal operation - risk is low
[DatabaseLogger] ✅ Logged LOG for FLOW-0004 (risk=38.2282416848152%, email_sent=None, webhook_sent=None, rate_limit_ip=None, rate_limit_applied=None)
[Pipeline] FLOW-0005 risk=28.2% -> Tier 1 (LOG)

[Executor] Executing LOG for FLOW-0005...
  ✅ LOG: FLOW-0005 risk=28.19502150847854% | Normal operation - risk is low
[DatabaseLogger] ✅ Logged LOG for FLOW-0005 (risk=28.19502150847854%, email_sent=None, webhook_sent=None, rate_limit_ip=None, rate_limit_applied=None)
[Pipeline] FLOW-0001 risk=83.0% -> Tier 3 (RATE_LIMIT)

[Executor] Executing RATE_LIMIT for FLOW-0001...
  ⏱️  RATE_LIMIT (simulation): Would limit FLOW-0001 to 10/min
[DatabaseLogger] ✅ Logged RATE_LIMIT for FLOW-0001 (risk=83.04085353995863%, email_sent=None, webhook_sent=None, rate_limit_ip=None, rate_limit_applied=False)
[DatabaseLogger] ✅ Alert e2b9c054-205e-4936-be3c-9ca77008f224 created for FLOW-0001 (tier 3)
[Pipeline] FLOW-0002 risk=17.6% -> Tier 1 (LOG)

[Executor] Executing LOG for FLOW-0002...
  ✅ LOG: FLOW-0002 risk=17.64372677638976% | Normal operation - risk is low
[DatabaseLogger] ✅ Logged LOG for FLOW-0002 (risk=17.64372677638976%, email_sent=None, webhook_sent=None, rate_limit_ip=None, rate_limit_applied=None)
[Pipeline] FLOW-0003 risk=5.8% -> Tier 1 (LOG)

[Executor] Executing LOG for FLOW-0003...
  ✅ LOG: FLOW-0003 risk=5.775116082433969% | Normal operation - risk is low
[DatabaseLogger] ✅ Logged LOG for FLOW-0003 (risk=5.775116082433969%, email_sent=None, webhook_sent=None, rate_limit_ip=None, rate_limit_applied=None)
[Pipeline] FLOW-0004 risk=81.5% -> Tier 3 (RATE_LIMIT)

[Executor] Executing RATE_LIMIT for FLOW-0004...
  ⏱️  RATE_LIMIT (simulation): Would limit FLOW-0004 to 10/min
[DatabaseLogger] ✅ Logged RATE_LIMIT for FLOW-0004 (risk=81.53362406847019%, email_sent=None, webhook_sent=None, rate_limit_ip=None, rate_limit_applied=False)
[DatabaseLogger] ✅ Alert 67d8691a-7f4b-4843-adf3-f459355715cf created for FLOW-0004 (tier 3)
[Pipeline] FLOW-0005 risk=26.3% -> Tier 1 (LOG)

[Executor] Executing LOG for FLOW-0005...
  ✅ LOG: FLOW-0005 risk=26.33045910555452% | Normal operation - risk is low
[DatabaseLogger] ✅ Logged LOG for FLOW-0005 (risk=26.33045910555452%, email_sent=None, webhook_sent=None, rate_limit_ip=None, rate_limit_applied=None)
[Pipeline] FLOW-0001 risk=56.5% -> Tier 1 (LOG)

[Executor] Executing LOG for FLOW-0001...
  ✅ LOG: FLOW-0001 risk=56.51165836863224% | Normal operation - risk is low
[DatabaseLogger] ✅ Logged LOG for FLOW-0001 (risk=56.51165836863224%, email_sent=None, webhook_sent=None, rate_limit_ip=None, rate_limit_applied=None)
[Pipeline] FLOW-0002 risk=71.7% -> Tier 2 (ALERT)

[Executor] Executing ALERT for FLOW-0002...
    Email error: (535, b'5.7.8 Username and Password not accepted. For more information, go to\n5.7.8  https://support.google.com/mail/?p=BadCredentials 5b1f17b1804b1-49b94dc1076sm180886725e9.3 - gsmtp')
  ✉️  EMAIL: Failed
    Webhook error: HTTPConnectionPool(host='localhost', port=8888): Max retries exceeded with url: /webhook (Caused by NewConnectionError("HTTPConnection(host='localhost', port=8888): Failed to establish a new connection: [Errno 111] Connection refused"))
  🔔 WEBHOOK: Failed
  📢 ALERT: FLOW-0002 risk=71.7%
     Description: Medium risk detected - operator notification sent
[DatabaseLogger] ✅ Logged ALERT for FLOW-0002 (risk=71.7344596878939%, email_sent=False, webhook_sent=False, rate_limit_ip=None, rate_limit_applied=None)
[DatabaseLogger] ✅ Alert e19f3cf9-0aa1-4b33-b673-e2b4e380d87f created for FLOW-0002 (tier 2)
[Pipeline] FLOW-0003 risk=54.0% -> Tier 1 (LOG)

[Executor] Executing LOG for FLOW-0003...
  ✅ LOG: FLOW-0003 risk=54.00772984554679% | Normal operation - risk is lowINFO:redis_state_manager:✅ Updated state: FLOW-0003 → LOG (risk=54.0%)
INFO:redis_state_manager:✅ Updated state: FLOW-0004 → LOG (risk=40.4%)
INFO:redis_state_manager:✅ Updated state: FLOW-0005 → LOG (risk=8.2%)
INFO:redis_state_manager:✅ Updated state: FLOW-0001 → LOG (risk=2.2%)
INFO:redis_state_manager:✅ Updated state: FLOW-0002 → LOG (risk=16.4%)
INFO:redis_state_manager:✅ Updated state: FLOW-0003 → LOG (risk=7.2%)
INFO:redis_state_manager:✅ Updated state: FLOW-0004 → LOG (risk=10.2%)
INFO:redis_state_manager:✅ Updated state: FLOW-0005 → LOG (risk=6.9%)
INFO:redis_state_manager:✅ Updated state: FLOW-0001 → ALERT (risk=64.1%)
INFO:redis_state_manager:✅ Updated state: FLOW-0002 → LOG (risk=10.9%)
INFO:redis_state_manager:✅ Updated state: FLOW-0003 → LOG (risk=43.7%)
INFO:redis_state_manager:✅ Updated state: FLOW-0004 → LOG (risk=31.9%)
INFO:redis_state_manager:✅ Updated state: FLOW-0005 → LOG (risk=32.2%)
INFO:redis_state_manager:✅ Updated state: FLOW-0001 → ALERT (risk=60.3%)
INFO:redis_state_manager:✅ Updated state: FLOW-0002 → LOG (risk=36.5%)
INFO:redis_state_manager:✅ Updated state: FLOW-0003 → LOG (risk=17.9%)
INFO:redis_state_manager:✅ Updated state: FLOW-0004 → ALERT (risk=60.7%)
INFO:redis_state_manager:✅ Updated state: FLOW-0005 → LOG (risk=53.6%)
INFO:redis_state_manager:✅ Updated state: FLOW-0001 → LOG (risk=10.9%)
INFO:redis_state_manager:✅ Updated state: FLOW-0002 → LOG (risk=5.1%)

[DatabaseLogger] ✅ Logged LOG for FLOW-0003 (risk=54.00772984554679%, email_sent=None, webhook_sent=None, rate_limit_ip=None, rate_limit_applied=None)
[Pipeline] FLOW-0004 risk=40.4% -> Tier 1 (LOG)

[Executor] Executing LOG for FLOW-0004...
  ✅ LOG: FLOW-0004 risk=40.44979081156199% | Normal operation - risk is low
[DatabaseLogger] ✅ Logged LOG for FLOW-0004 (risk=40.44979081156199%, email_sent=None, webhook_sent=None, rate_limit_ip=None, rate_limit_applied=None)
[Pipeline] FLOW-0005 risk=8.2% -> Tier 1 (LOG)

[Executor] Executing LOG for FLOW-0005...
  ✅ LOG: FLOW-0005 risk=8.150231827595888% | Normal operation - risk is low
[DatabaseLogger] ✅ Logged LOG for FLOW-0005 (risk=8.150231827595888%, email_sent=None, webhook_sent=None, rate_limit_ip=None, rate_limit_applied=None)
[Pipeline] FLOW-0001 risk=2.2% -> Tier 1 (LOG)

[Executor] Executing LOG for FLOW-0001...
  ✅ LOG: FLOW-0001 risk=2.175836853051658% | Normal operation - risk is low
[DatabaseLogger] ✅ Logged LOG for FLOW-0001 (risk=2.175836853051658%, email_sent=None, webhook_sent=None, rate_limit_ip=None, rate_limit_applied=None)
[Pipeline] FLOW-0002 risk=16.4% -> Tier 1 (LOG)

[Executor] Executing LOG for FLOW-0002...
  ✅ LOG: FLOW-0002 risk=16.399333751824695% | Normal operation - risk is low
[DatabaseLogger] ✅ Logged LOG for FLOW-0002 (risk=16.399333751824695%, email_sent=None, webhook_sent=None, rate_limit_ip=None, rate_limit_applied=None)
[Pipeline] FLOW-0003 risk=7.2% -> Tier 1 (LOG)

[Executor] Executing LOG for FLOW-0003...
  ✅ LOG: FLOW-0003 risk=7.177946766469061% | Normal operation - risk is low
[DatabaseLogger] ✅ Logged LOG for FLOW-0003 (risk=7.177946766469061%, email_sent=None, webhook_sent=None, rate_limit_ip=None, rate_limit_applied=None)
[Pipeline] FLOW-0004 risk=10.2% -> Tier 1 (LOG)

[Executor] Executing LOG for FLOW-0004...
  ✅ LOG: FLOW-0004 risk=10.18992060109646% | Normal operation - risk is low
[DatabaseLogger] ✅ Logged LOG for FLOW-0004 (risk=10.18992060109646%, email_sent=None, webhook_sent=None, rate_limit_ip=None, rate_limit_applied=None)
[Pipeline] FLOW-0005 risk=6.9% -> Tier 1 (LOG)

[Executor] Executing LOG for FLOW-0005...
  ✅ LOG: FLOW-0005 risk=6.901461561445865% | Normal operation - risk is low
[DatabaseLogger] ✅ Logged LOG for FLOW-0005 (risk=6.901461561445865%, email_sent=None, webhook_sent=None, rate_limit_ip=None, rate_limit_applied=None)
[Pipeline] FLOW-0001 risk=64.1% -> Tier 2 (ALERT)

[Executor] Executing ALERT for FLOW-0001...
    Email error: (535, b'5.7.8 Username and Password not accepted. For more information, go to\n5.7.8  https://support.google.com/mail/?p=BadCredentials 5b1f17b1804b1-49b95018ee8sm186409705e9.15 - gsmtp')
  ✉️  EMAIL: Failed
    Webhook error: HTTPConnectionPool(host='localhost', port=8888): Max retries exceeded with url: /webhook (Caused by NewConnectionError("HTTPConnection(host='localhost', port=8888): Failed to establish a new connection: [Errno 111] Connection refused"))
  🔔 WEBHOOK: Failed
  📢 ALERT: FLOW-0001 risk=64.1%
     Description: Medium risk detected - operator notification sent
[DatabaseLogger] ✅ Logged ALERT for FLOW-0001 (risk=64.07485693911711%, email_sent=False, webhook_sent=False, rate_limit_ip=None, rate_limit_applied=None)
[DatabaseLogger] ✅ Alert 6ba31787-756b-4b6f-b696-c12b14fce097 created for FLOW-0001 (tier 2)
[Pipeline] FLOW-0002 risk=10.9% -> Tier 1 (LOG)

[Executor] Executing LOG for FLOW-0002...
  ✅ LOG: FLOW-0002 risk=10.894234866034584% | Normal operation - risk is low
[DatabaseLogger] ✅ Logged LOG for FLOW-0002 (risk=10.894234866034584%, email_sent=None, webhook_sent=None, rate_limit_ip=None, rate_limit_applied=None)
[Pipeline] FLOW-0003 risk=43.7% -> Tier 1 (LOG)

[Executor] Executing LOG for FLOW-0003...
  ✅ LOG: FLOW-0003 risk=43.725860760358% | Normal operation - risk is low
[DatabaseLogger] ✅ Logged LOG for FLOW-0003 (risk=43.725860760358%, email_sent=None, webhook_sent=None, rate_limit_ip=None, rate_limit_applied=None)
[Pipeline] FLOW-0004 risk=31.9% -> Tier 1 (LOG)

[Executor] Executing LOG for FLOW-0004...
  ✅ LOG: FLOW-0004 risk=31.85865273090798% | Normal operation - risk is low
[DatabaseLogger] ✅ Logged LOG for FLOW-0004 (risk=31.85865273090798%, email_sent=None, webhook_sent=None, rate_limit_ip=None, rate_limit_applied=None)
[Pipeline] FLOW-0005 risk=32.2% -> Tier 1 (LOG)

[Executor] Executing LOG for FLOW-0005...
  ✅ LOG: FLOW-0005 risk=32.19691811168065% | Normal operation - risk is low
[DatabaseLogger] ✅ Logged LOG for FLOW-0005 (risk=32.19691811168065%, email_sent=None, webhook_sent=None, rate_limit_ip=None, rate_limit_applied=None)
[Pipeline] FLOW-0001 risk=60.3% -> Tier 2 (ALERT)

[Executor] Executing ALERT for FLOW-0001...
    Email error: (535, b'5.7.8 Username and Password not accepted. For more information, go to\n5.7.8  https://support.google.com/mail/?p=BadCredentials ffacd0b85a97d-482fbab3fdbsm12971500f8f.6 - gsmtp')
  ✉️  EMAIL: Failed
    Webhook error: HTTPConnectionPool(host='localhost', port=8888): Max retries exceeded with url: /webhook (Caused by NewConnectionError("HTTPConnection(host='localhost', port=8888): Failed to establish a new connection: [Errno 111] Connection refused"))
  🔔 WEBHOOK: Failed
  📢 ALERT: FLOW-0001 risk=60.3%
     Description: Medium risk detected - operator notification sent
[DatabaseLogger] ✅ Logged ALERT for FLOW-0001 (risk=60.341527523421234%, email_sent=False, webhook_sent=False, rate_limit_ip=None, rate_limit_applied=None)
[DatabaseLogger] ✅ Alert ad1b17c1-2623-4e94-9fef-7472d2196402 created for FLOW-0001 (tier 2)
[Pipeline] FLOW-0002 risk=36.5% -> Tier 1 (LOG)

[Executor] Executing LOG for FLOW-0002...
  ✅ LOG: FLOW-0002 risk=36.462459528949% | Normal operation - risk is low
[DatabaseLogger] ✅ Logged LOG for FLOW-0002 (risk=36.462459528949%, email_sent=None, webhook_sent=None, rate_limit_ip=None, rate_limit_applied=None)
[Pipeline] FLOW-0003 risk=17.9% -> Tier 1 (LOG)

[Executor] Executing LOG for FLOW-0003...
  ✅ LOG: FLOW-0003 risk=17.85675709363607% | Normal operation - risk is low
[DatabaseLogger] ✅ Logged LOG for FLOW-0003 (risk=17.85675709363607%, email_sent=None, webhook_sent=None, rate_limit_ip=None, rate_limit_applied=None)
[Pipeline] FLOW-0004 risk=60.7% -> Tier 2 (ALERT)

[Executor] Executing ALERT for FLOW-0004...
    Email error: (535, b'5.7.8 Username and Password not accepted. For more information, go to\n5.7.8  https://support.google.com/mail/?p=BadCredentials 5b1f17b1804b1-49b94dc0f57sm214736865e9.2 - gsmtp')
  ✉️  EMAIL: Failed
    Webhook error: HTTPConnectionPool(host='localhost', port=8888): Max retries exceeded with url: /webhook (Caused by NewConnectionError("HTTPConnection(host='localhost', port=8888): Failed to establish a new connection: [Errno 111] Connection refused"))
  🔔 WEBHOOK: Failed
  📢 ALERT: FLOW-0004 risk=60.7%
     Description: Medium risk detected - operator notification sent
[DatabaseLogger] ✅ Logged ALERT for FLOW-0004 (risk=60.727192651798745%, email_sent=False, webhook_sent=False, rate_limit_ip=None, rate_limit_applied=None)
[DatabaseLogger] ✅ Alert 4cd9b298-5cff-44bf-96f6-adde6c8f2c5c created for FLOW-0004 (tier 2)
[Pipeline] FLOW-0005 risk=53.6% -> Tier 1 (LOG)

[Executor] Executing LOG for FLOW-0005...
  ✅ LOG: FLOW-0005 risk=53.58339315796556% | Normal operation - risk is low
[DatabaseLogger] ✅ Logged LOG for FLOW-0005 (risk=53.58339315796556%, email_sent=None, webhook_sent=None, rate_limit_ip=None, rate_limit_applied=None)
[Pipeline] FLOW-0001 risk=10.9% -> Tier 1 (LOG)

[Executor] Executing LOG for FLOW-0001...
  ✅ LOG: FLOW-0001 risk=10.858927506938176% | Normal operation - risk is low
[DatabaseLogger] ✅ Logged LOG for FLOW-0001 (risk=10.858927506938176%, email_sent=None, webhook_sent=None, rate_limit_ip=None, rate_limit_applied=None)
[Pipeline] FLOW-0002 risk=5.1% -> Tier 1 (LOG)

[Executor] Executing LOG for FLOW-0002...
  ✅ LOG: FLOW-0002 risk=5.073445878983298% | Normal operation - risk is low
[DatabaseLogger] ✅ Logged LOG for FLOW-0002 (risk=5.073445878983298%, email_sent=None, webhook_sent=None, rate_limit_ip=None, rate_limit_applied=None)
[Pipeline] FLOW-0003 risk=2.8% -> Tier 1 (LOG)INFO:redis_state_manager:✅ Updated state: FLOW-0003 → LOG (risk=2.8%)
INFO:redis_state_manager:✅ Updated state: FLOW-0004 → LOG (risk=37.9%)
INFO:redis_state_manager:✅ Updated state: FLOW-0005 → LOG (risk=17.3%)
INFO:redis_state_manager:✅ Updated state: FLOW-0001 → LOG (risk=24.1%)
INFO:redis_state_manager:✅ Updated state: FLOW-0002 → LOG (risk=50.0%)
INFO:redis_state_manager:✅ Updated state: FLOW-0003 → LOG (risk=31.0%)
INFO:redis_state_manager:✅ Updated state: FLOW-0004 → ALERT (risk=78.7%)
INFO:redis_state_manager:✅ Updated state: FLOW-0005 → LOG (risk=42.5%)
INFO:redis_state_manager:✅ Updated state: FLOW-0001 → LOG (risk=23.7%)
INFO:redis_state_manager:✅ Updated state: FLOW-0002 → LOG (risk=14.8%)
INFO:redis_state_manager:✅ Updated state: FLOW-0003 → LOG (risk=50.9%)
INFO:redis_state_manager:✅ Updated state: FLOW-0004 → LOG (risk=6.9%)
INFO:redis_state_manager:✅ Updated state: FLOW-0005 → ALERT (risk=65.9%)
INFO:redis_state_manager:✅ Updated state: FLOW-0001 → ALERT (risk=70.0%)
INFO:redis_state_manager:✅ Updated state: FLOW-0002 → LOG (risk=36.0%)
INFO:redis_state_manager:✅ Updated state: FLOW-0003 → LOG (risk=16.9%)
INFO:redis_state_manager:✅ Updated state: FLOW-0004 → LOG (risk=23.1%)
INFO:redis_state_manager:✅ Updated state: FLOW-0005 → LOG (risk=32.0%)


[Executor] Executing LOG for FLOW-0003...
  ✅ LOG: FLOW-0003 risk=2.8273509028178534% | Normal operation - risk is low
[DatabaseLogger] ✅ Logged LOG for FLOW-0003 (risk=2.8273509028178534%, email_sent=None, webhook_sent=None, rate_limit_ip=None, rate_limit_applied=None)
[Pipeline] FLOW-0004 risk=37.9% -> Tier 1 (LOG)

[Executor] Executing LOG for FLOW-0004...
  ✅ LOG: FLOW-0004 risk=37.867145873786534% | Normal operation - risk is low
[DatabaseLogger] ✅ Logged LOG for FLOW-0004 (risk=37.867145873786534%, email_sent=None, webhook_sent=None, rate_limit_ip=None, rate_limit_applied=None)
[Pipeline] FLOW-0005 risk=17.3% -> Tier 1 (LOG)

[Executor] Executing LOG for FLOW-0005...
  ✅ LOG: FLOW-0005 risk=17.278417711859323% | Normal operation - risk is low
[DatabaseLogger] ✅ Logged LOG for FLOW-0005 (risk=17.278417711859323%, email_sent=None, webhook_sent=None, rate_limit_ip=None, rate_limit_applied=None)
[Pipeline] FLOW-0001 risk=24.1% -> Tier 1 (LOG)

[Executor] Executing LOG for FLOW-0001...
  ✅ LOG: FLOW-0001 risk=24.13739116936909% | Normal operation - risk is low
[DatabaseLogger] ✅ Logged LOG for FLOW-0001 (risk=24.13739116936909%, email_sent=None, webhook_sent=None, rate_limit_ip=None, rate_limit_applied=None)
[Pipeline] FLOW-0002 risk=50.0% -> Tier 1 (LOG)

[Executor] Executing LOG for FLOW-0002...
  ✅ LOG: FLOW-0002 risk=50.0135408976822% | Normal operation - risk is low
[DatabaseLogger] ✅ Logged LOG for FLOW-0002 (risk=50.0135408976822%, email_sent=None, webhook_sent=None, rate_limit_ip=None, rate_limit_applied=None)
[Pipeline] FLOW-0003 risk=31.0% -> Tier 1 (LOG)

[Executor] Executing LOG for FLOW-0003...
  ✅ LOG: FLOW-0003 risk=31.009302080030686% | Normal operation - risk is low
[DatabaseLogger] ✅ Logged LOG for FLOW-0003 (risk=31.009302080030686%, email_sent=None, webhook_sent=None, rate_limit_ip=None, rate_limit_applied=None)
[Pipeline] FLOW-0004 risk=78.7% -> Tier 2 (ALERT)

[Executor] Executing ALERT for FLOW-0004...
    Email error: (535, b'5.7.8 Username and Password not accepted. For more information, go to\n5.7.8  https://support.google.com/mail/?p=BadCredentials ffacd0b85a97d-482fbac7c01sm15186038f8f.14 - gsmtp')
  ✉️  EMAIL: Failed
    Webhook error: HTTPConnectionPool(host='localhost', port=8888): Max retries exceeded with url: /webhook (Caused by NewConnectionError("HTTPConnection(host='localhost', port=8888): Failed to establish a new connection: [Errno 111] Connection refused"))
  🔔 WEBHOOK: Failed
  📢 ALERT: FLOW-0004 risk=78.7%
     Description: Medium risk detected - operator notification sent
[DatabaseLogger] ✅ Logged ALERT for FLOW-0004 (risk=78.68578614940814%, email_sent=False, webhook_sent=False, rate_limit_ip=None, rate_limit_applied=None)
[DatabaseLogger] ✅ Alert af7def2a-538e-4c64-93c3-6015d101dadb created for FLOW-0004 (tier 2)
[Pipeline] FLOW-0005 risk=42.5% -> Tier 1 (LOG)

[Executor] Executing LOG for FLOW-0005...
  ✅ LOG: FLOW-0005 risk=42.495518484716676% | Normal operation - risk is low
[DatabaseLogger] ✅ Logged LOG for FLOW-0005 (risk=42.495518484716676%, email_sent=None, webhook_sent=None, rate_limit_ip=None, rate_limit_applied=None)
[Pipeline] FLOW-0001 risk=23.7% -> Tier 1 (LOG)

[Executor] Executing LOG for FLOW-0001...
  ✅ LOG: FLOW-0001 risk=23.707905845720227% | Normal operation - risk is low
[DatabaseLogger] ✅ Logged LOG for FLOW-0001 (risk=23.707905845720227%, email_sent=None, webhook_sent=None, rate_limit_ip=None, rate_limit_applied=None)
[Pipeline] FLOW-0002 risk=14.8% -> Tier 1 (LOG)

[Executor] Executing LOG for FLOW-0002...
  ✅ LOG: FLOW-0002 risk=14.820966533844135% | Normal operation - risk is low
[DatabaseLogger] ✅ Logged LOG for FLOW-0002 (risk=14.820966533844135%, email_sent=None, webhook_sent=None, rate_limit_ip=None, rate_limit_applied=None)
[Pipeline] FLOW-0003 risk=50.9% -> Tier 1 (LOG)

[Executor] Executing LOG for FLOW-0003...
  ✅ LOG: FLOW-0003 risk=50.93534959376137% | Normal operation - risk is low
[DatabaseLogger] ✅ Logged LOG for FLOW-0003 (risk=50.93534959376137%, email_sent=None, webhook_sent=None, rate_limit_ip=None, rate_limit_applied=None)
[Pipeline] FLOW-0004 risk=6.9% -> Tier 1 (LOG)

[Executor] Executing LOG for FLOW-0004...
  ✅ LOG: FLOW-0004 risk=6.8873125843253735% | Normal operation - risk is low
[DatabaseLogger] ✅ Logged LOG for FLOW-0004 (risk=6.8873125843253735%, email_sent=None, webhook_sent=None, rate_limit_ip=None, rate_limit_applied=None)
[Pipeline] FLOW-0005 risk=65.9% -> Tier 2 (ALERT)

[Executor] Executing ALERT for FLOW-0005...
    Email error: (535, b'5.7.8 Username and Password not accepted. For more information, go to\n5.7.8  https://support.google.com/mail/?p=BadCredentials 5b1f17b1804b1-49ccae954f9sm122617065e9.13 - gsmtp')
  ✉️  EMAIL: Failed
    Webhook error: HTTPConnectionPool(host='localhost', port=8888): Max retries exceeded with url: /webhook (Caused by NewConnectionError("HTTPConnection(host='localhost', port=8888): Failed to establish a new connection: [Errno 111] Connection refused"))
  🔔 WEBHOOK: Failed
  📢 ALERT: FLOW-0005 risk=65.9%
     Description: Medium risk detected - operator notification sent
[DatabaseLogger] ✅ Logged ALERT for FLOW-0005 (risk=65.92476924078579%, email_sent=False, webhook_sent=False, rate_limit_ip=None, rate_limit_applied=None)
[DatabaseLogger] ✅ Alert 89b5102c-736a-43c8-aaee-e88896cfd63c created for FLOW-0005 (tier 2)
[Pipeline] FLOW-0001 risk=70.0% -> Tier 2 (ALERT)

[Executor] Executing ALERT for FLOW-0001...
    Email error: (535, b'5.7.8 Username and Password not accepted. For more information, go to\n5.7.8  https://support.google.com/mail/?p=BadCredentials 5b1f17b1804b1-49b9266be71sm406655515e9.2 - gsmtp')
  ✉️  EMAIL: Failed
    Webhook error: HTTPConnectionPool(host='localhost', port=8888): Max retries exceeded with url: /webhook (Caused by NewConnectionError("HTTPConnection(host='localhost', port=8888): Failed to establish a new connection: [Errno 111] Connection refused"))
  🔔 WEBHOOK: Failed
  📢 ALERT: FLOW-0001 risk=70.0%
     Description: Medium risk detected - operator notification sent
[DatabaseLogger] ✅ Logged ALERT for FLOW-0001 (risk=70.03237963916229%, email_sent=False, webhook_sent=False, rate_limit_ip=None, rate_limit_applied=None)
[DatabaseLogger] ✅ Alert 1d9ff328-72fc-48c1-9298-202e324654e3 created for FLOW-0001 (tier 2)
[Pipeline] FLOW-0002 risk=36.0% -> Tier 1 (LOG)

[Executor] Executing LOG for FLOW-0002...
  ✅ LOG: FLOW-0002 risk=35.98076472154747% | Normal operation - risk is low
[DatabaseLogger] ✅ Logged LOG for FLOW-0002 (risk=35.98076472154747%, email_sent=None, webhook_sent=None, rate_limit_ip=None, rate_limit_applied=None)
[Pipeline] FLOW-0003 risk=16.9% -> Tier 1 (LOG)

[Executor] Executing LOG for FLOW-0003...
  ✅ LOG: FLOW-0003 risk=16.92214256506236% | Normal operation - risk is low
[DatabaseLogger] ✅ Logged LOG for FLOW-0003 (risk=16.92214256506236%, email_sent=None, webhook_sent=None, rate_limit_ip=None, rate_limit_applied=None)
[Pipeline] FLOW-0004 risk=23.1% -> Tier 1 (LOG)

[Executor] Executing LOG for FLOW-0004...
  ✅ LOG: FLOW-0004 risk=23.080047264304923% | Normal operation - risk is low
[DatabaseLogger] ✅ Logged LOG for FLOW-0004 (risk=23.080047264304923%, email_sent=None, webhook_sent=None, rate_limit_ip=None, rate_limit_applied=None)
[Pipeline] FLOW-0005 risk=32.0% -> Tier 1 (LOG)

[Executor] Executing LOG for FLOW-0005...
  ✅ LOG: FLOW-0005 risk=32.031578298566096% | Normal operation - risk is low
[DatabaseLogger] ✅ Logged LOG for FLOW-0005 (risk=32.031578298566096%, email_sent=None, webhook_sent=None, rate_limit_ip=None, rate_limit_applied=None)
[Pipeline] FLOW-0001 risk=79.8% -> Tier 2 (ALERT)

[Executor] Executing ALERT for FLOW-0001...
    Email error: (535, b'5.7.8 Username and Password not accepted. For more information, go to\n5.7.8  https://support.google.com/mail/?p=BadCredentials ffacd0b85a97d-482fbab3f3asm14987195f8f.3 - gsmtp')
  ✉️  EMAIL: Failed
    Webhook error: HTTPConnectionPool(host='localhost', port=8888): Max retries exceeded with url: /webhook (Caused by NewConnectionError("HTTPConnection(host='localhost', port=8888): Failed to establish a new connection: [Errno 111] Connection refused"))INFO:redis_state_manager:✅ Updated state: FLOW-0001 → ALERT (risk=79.8%)
INFO:redis_state_manager:✅ Updated state: FLOW-0002 → LOG (risk=53.3%)
INFO:redis_state_manager:✅ Updated state: FLOW-0003 → ALERT (risk=74.6%)
INFO:redis_state_manager:✅ Updated state: FLOW-0004 → ALERT (risk=60.1%)
INFO:redis_state_manager:✅ Updated state: FLOW-0005 → ALERT (risk=75.5%)
INFO:redis_state_manager:✅ Updated state: FLOW-0001 → ALERT (risk=64.5%)
INFO:redis_state_manager:✅ Updated state: FLOW-0002 → LOG (risk=42.2%)
INFO:redis_state_manager:✅ Updated state: FLOW-0003 → LOG (risk=58.5%)
INFO:redis_state_manager:✅ Updated state: FLOW-0004 → ALERT (risk=63.5%)
INFO:redis_state_manager:✅ Updated state: FLOW-0005 → LOG (risk=7.0%)
INFO:redis_state_manager:✅ Updated state: FLOW-0001 → LOG (risk=29.8%)
INFO:redis_state_manager:✅ Updated state: FLOW-0002 → ALERT (risk=67.9%)
INFO:redis_state_manager:✅ Updated state: FLOW-0003 → LOG (risk=15.3%)

  🔔 WEBHOOK: Failed
  📢 ALERT: FLOW-0001 risk=79.8%
     Description: Medium risk detected - operator notification sent
[DatabaseLogger] ✅ Logged ALERT for FLOW-0001 (risk=79.79202480585607%, email_sent=False, webhook_sent=False, rate_limit_ip=None, rate_limit_applied=None)
[DatabaseLogger] ✅ Alert 84c6f158-2f93-4d24-97d2-d8e7e031124a created for FLOW-0001 (tier 2)
[Pipeline] FLOW-0002 risk=53.3% -> Tier 1 (LOG)

[Executor] Executing LOG for FLOW-0002...
  ✅ LOG: FLOW-0002 risk=53.262916885379944% | Normal operation - risk is low
[DatabaseLogger] ✅ Logged LOG for FLOW-0002 (risk=53.262916885379944%, email_sent=None, webhook_sent=None, rate_limit_ip=None, rate_limit_applied=None)
[Pipeline] FLOW-0003 risk=74.6% -> Tier 2 (ALERT)

[Executor] Executing ALERT for FLOW-0003...
    Email error: (535, b'5.7.8 Username and Password not accepted. For more information, go to\n5.7.8  https://support.google.com/mail/?p=BadCredentials ffacd0b85a97d-482fbac8e61sm14190077f8f.13 - gsmtp')
  ✉️  EMAIL: Failed
    Webhook error: HTTPConnectionPool(host='localhost', port=8888): Max retries exceeded with url: /webhook (Caused by NewConnectionError("HTTPConnection(host='localhost', port=8888): Failed to establish a new connection: [Errno 111] Connection refused"))
  🔔 WEBHOOK: Failed
  📢 ALERT: FLOW-0003 risk=74.6%
     Description: Medium risk detected - operator notification sent
[DatabaseLogger] ✅ Logged ALERT for FLOW-0003 (risk=74.5558805388385%, email_sent=False, webhook_sent=False, rate_limit_ip=None, rate_limit_applied=None)
[DatabaseLogger] ✅ Alert c3a09a92-9f74-40ff-a550-7db3ea5440be created for FLOW-0003 (tier 2)
[Pipeline] FLOW-0004 risk=60.1% -> Tier 2 (ALERT)

[Executor] Executing ALERT for FLOW-0004...
    Email error: (535, b'5.7.8 Username and Password not accepted. For more information, go to\n5.7.8  https://support.google.com/mail/?p=BadCredentials 5b1f17b1804b1-49b963c3c0asm306800465e9.10 - gsmtp')
  ✉️  EMAIL: Failed
    Webhook error: HTTPConnectionPool(host='localhost', port=8888): Max retries exceeded with url: /webhook (Caused by NewConnectionError("HTTPConnection(host='localhost', port=8888): Failed to establish a new connection: [Errno 111] Connection refused"))
  🔔 WEBHOOK: Failed
  📢 ALERT: FLOW-0004 risk=60.1%
     Description: Medium risk detected - operator notification sent
[DatabaseLogger] ✅ Logged ALERT for FLOW-0004 (risk=60.11348093390195%, email_sent=False, webhook_sent=False, rate_limit_ip=None, rate_limit_applied=None)
[DatabaseLogger] ✅ Alert 0dac036c-bd8a-4e4d-9bc9-20d357aa3362 created for FLOW-0004 (tier 2)
[Pipeline] FLOW-0005 risk=75.5% -> Tier 2 (ALERT)

[Executor] Executing ALERT for FLOW-0005...
    Email error: (535, b'5.7.8 Username and Password not accepted. For more information, go to\n5.7.8  https://support.google.com/mail/?p=BadCredentials 5b1f17b1804b1-49cd2fa779esm35333285e9.2 - gsmtp')
  ✉️  EMAIL: Failed
    Webhook error: HTTPConnectionPool(host='localhost', port=8888): Max retries exceeded with url: /webhook (Caused by NewConnectionError("HTTPConnection(host='localhost', port=8888): Failed to establish a new connection: [Errno 111] Connection refused"))
  🔔 WEBHOOK: Failed
  📢 ALERT: FLOW-0005 risk=75.5%
     Description: Medium risk detected - operator notification sent
[DatabaseLogger] ✅ Logged ALERT for FLOW-0005 (risk=75.46211966237986%, email_sent=False, webhook_sent=False, rate_limit_ip=None, rate_limit_applied=None)
[DatabaseLogger] ✅ Alert e608a56d-ee71-4787-97fc-645b62c45ed8 created for FLOW-0005 (tier 2)
[Pipeline] FLOW-0001 risk=64.5% -> Tier 2 (ALERT)

[Executor] Executing ALERT for FLOW-0001...
    Email error: (535, b'5.7.8 Username and Password not accepted. For more information, go to\n5.7.8  https://support.google.com/mail/?p=BadCredentials 5b1f17b1804b1-49ccd1e19desm125003125e9.1 - gsmtp')
  ✉️  EMAIL: Failed
    Webhook error: HTTPConnectionPool(host='localhost', port=8888): Max retries exceeded with url: /webhook (Caused by NewConnectionError("HTTPConnection(host='localhost', port=8888): Failed to establish a new connection: [Errno 111] Connection refused"))
  🔔 WEBHOOK: Failed
  📢 ALERT: FLOW-0001 risk=64.5%
     Description: Medium risk detected - operator notification sent
[DatabaseLogger] ✅ Logged ALERT for FLOW-0001 (risk=64.52161854057174%, email_sent=False, webhook_sent=False, rate_limit_ip=None, rate_limit_applied=None)
[DatabaseLogger] ✅ Alert 5ee101c6-294d-48b5-887a-236f57240e5d created for FLOW-0001 (tier 2)
[Pipeline] FLOW-0002 risk=42.2% -> Tier 1 (LOG)

[Executor] Executing LOG for FLOW-0002...
  ✅ LOG: FLOW-0002 risk=42.213538070598716% | Normal operation - risk is low
[DatabaseLogger] ✅ Logged LOG for FLOW-0002 (risk=42.213538070598716%, email_sent=None, webhook_sent=None, rate_limit_ip=None, rate_limit_applied=None)
[Pipeline] FLOW-0003 risk=58.5% -> Tier 1 (LOG)

[Executor] Executing LOG for FLOW-0003...
  ✅ LOG: FLOW-0003 risk=58.53789931309309% | Normal operation - risk is low
[DatabaseLogger] ✅ Logged LOG for FLOW-0003 (risk=58.53789931309309%, email_sent=None, webhook_sent=None, rate_limit_ip=None, rate_limit_applied=None)
[Pipeline] FLOW-0004 risk=63.5% -> Tier 2 (ALERT)

[Executor] Executing ALERT for FLOW-0004...
    Email error: (535, b'5.7.8 Username and Password not accepted. For more information, go to\n5.7.8  https://support.google.com/mail/?p=BadCredentials 5b1f17b1804b1-49ccd1e19desm125013605e9.1 - gsmtp')
  ✉️  EMAIL: Failed
    Webhook error: HTTPConnectionPool(host='localhost', port=8888): Max retries exceeded with url: /webhook (Caused by NewConnectionError("HTTPConnection(host='localhost', port=8888): Failed to establish a new connection: [Errno 111] Connection refused"))
  🔔 WEBHOOK: Failed
  📢 ALERT: FLOW-0004 risk=63.5%
     Description: Medium risk detected - operator notification sent
[DatabaseLogger] ✅ Logged ALERT for FLOW-0004 (risk=63.5304720463758%, email_sent=False, webhook_sent=False, rate_limit_ip=None, rate_limit_applied=None)
[DatabaseLogger] ✅ Alert 2d003f7e-e80f-47b1-ae43-96e4eb2436f1 created for FLOW-0004 (tier 2)
[Pipeline] FLOW-0005 risk=7.0% -> Tier 1 (LOG)

[Executor] Executing LOG for FLOW-0005...
  ✅ LOG: FLOW-0005 risk=7.033033552839574% | Normal operation - risk is low
[DatabaseLogger] ✅ Logged LOG for FLOW-0005 (risk=7.033033552839574%, email_sent=None, webhook_sent=None, rate_limit_ip=None, rate_limit_applied=None)
[Pipeline] FLOW-0001 risk=29.8% -> Tier 1 (LOG)

[Executor] Executing LOG for FLOW-0001...
  ✅ LOG: FLOW-0001 risk=29.82681026002586% | Normal operation - risk is low
[DatabaseLogger] ✅ Logged LOG for FLOW-0001 (risk=29.82681026002586%, email_sent=None, webhook_sent=None, rate_limit_ip=None, rate_limit_applied=None)
[Pipeline] FLOW-0002 risk=67.9% -> Tier 2 (ALERT)

[Executor] Executing ALERT for FLOW-0002...
    Email error: (535, b'5.7.8 Username and Password not accepted. For more information, go to\n5.7.8  https://support.google.com/mail/?p=BadCredentials 5b1f17b1804b1-49b4942298fsm273291955e9.1 - gsmtp')
  ✉️  EMAIL: Failed
    Webhook error: HTTPConnectionPool(host='localhost', port=8888): Max retries exceeded with url: /webhook (Caused by NewConnectionError("HTTPConnection(host='localhost', port=8888): Failed to establish a new connection: [Errno 111] Connection refused"))
  🔔 WEBHOOK: Failed
  📢 ALERT: FLOW-0002 risk=67.9%
     Description: Medium risk detected - operator notification sent
[DatabaseLogger] ✅ Logged ALERT for FLOW-0002 (risk=67.86028851352805%, email_sent=False, webhook_sent=False, rate_limit_ip=None, rate_limit_applied=None)
[DatabaseLogger] ✅ Alert e6d07ea3-ec1e-4469-94e2-67fcbdd8ed71 created for FLOW-0002 (tier 2)
[Pipeline] FLOW-0003 risk=15.3% -> Tier 1 (LOG)

[Executor] Executing LOG for FLOW-0003...
  ✅ LOG: FLOW-0003 risk=15.315255396875536% | Normal operation - risk is low
[DatabaseLogger] ✅ Logged LOG for FLOW-0003 (risk=15.315255396875536%, email_sent=None, webhook_sent=None, rate_limit_ip=None, rate_limit_applied=None)
[Pipeline] FLOW-0004 risk=98.4% -> Tier 4 (FULL_ISOLATION)

[Executor] Executing FULL_ISOLATION for FLOW-0004...
  🔒 FULL_ISOLATION: Triggering Module 4 for FLOW-0004...INFO:redis_state_manager:✅ Updated state: FLOW-0004 → FULL_ISOLATION (risk=98.4%)
INFO:redis_state_manager:🔒 Marked isolated: FLOW-0004
INFO:redis_state_manager:✅ Updated state: FLOW-0005 → RATE_LIMIT (risk=82.7%)
INFO:redis_state_manager:✅ Updated state: FLOW-0001 → ALERT (risk=65.1%)
INFO:redis_state_manager:✅ Updated state: FLOW-0002 → RATE_LIMIT (risk=94.8%)
INFO:redis_state_manager:✅ Updated state: FLOW-0003 → LOG (risk=24.0%)
INFO:redis_state_manager:✅ Updated state: FLOW-0004 → LOG (risk=4.1%)
INFO:redis_state_manager:✅ Updated state: FLOW-0005 → LOG (risk=23.9%)
INFO:redis_state_manager:✅ Updated state: FLOW-0001 → LOG (risk=21.3%)
INFO:redis_state_manager:✅ Updated state: FLOW-0002 → LOG (risk=26.1%)
INFO:redis_state_manager:✅ Updated state: FLOW-0003 → LOG (risk=45.3%)
INFO:redis_state_manager:✅ Updated state: FLOW-0004 → RATE_LIMIT (risk=80.7%)
INFO:redis_state_manager:✅ Updated state: FLOW-0005 → ALERT (risk=66.1%)
INFO:redis_state_manager:✅ Updated state: FLOW-0001 → LOG (risk=1.3%)
INFO:redis_state_manager:✅ Updated state: FLOW-0002 → LOG (risk=57.0%)
INFO:redis_state_manager:✅ Updated state: FLOW-0003 → LOG (risk=1.8%)
INFO:redis_state_manager:✅ Updated state: FLOW-0004 → LOG (risk=43.7%)
INFO:redis_state_manager:✅ Updated state: FLOW-0005 → FULL_ISOLATION (risk=100.0%)
INFO:redis_state_manager:🔒 Marked isolated: FLOW-0005
INFO:redis_state_manager:✅ Updated state: FLOW-0001 → LOG (risk=25.7%)
INFO:redis_state_manager:✅ Updated state: FLOW-0002 → LOG (risk=36.1%)

    (Would POST to Module 4 API to isolate FLOW-0004)
     ✅ Module 4 isolation triggered
[DatabaseLogger] ✅ Logged FULL_ISOLATION for FLOW-0004 (risk=98.35762310948134%, email_sent=None, webhook_sent=None, rate_limit_ip=None, rate_limit_applied=None)
[DatabaseLogger] ✅ Alert 40574705-4136-4245-b16e-48ffe0477239 created for FLOW-0004 (tier 4)
[DatabaseLogger] ✅ Set FLOW-0004 state to QUARANTINE
[Pipeline] Marked FLOW-0004 as isolated
[Pipeline] FLOW-0005 risk=82.7% -> Tier 3 (RATE_LIMIT)

[Executor] Executing RATE_LIMIT for FLOW-0005...
  ⏱️  RATE_LIMIT (simulation): Would limit FLOW-0005 to 10/min
[DatabaseLogger] ✅ Logged RATE_LIMIT for FLOW-0005 (risk=82.7467355729082%, email_sent=None, webhook_sent=None, rate_limit_ip=None, rate_limit_applied=False)
[DatabaseLogger] ✅ Alert 3dfdfc79-8f7e-4b4d-a351-afe76e0553b3 created for FLOW-0005 (tier 3)
[Pipeline] FLOW-0001 risk=65.1% -> Tier 2 (ALERT)

[Executor] Executing ALERT for FLOW-0001...
    Email error: (535, b'5.7.8 Username and Password not accepted. For more information, go to\n5.7.8  https://support.google.com/mail/?p=BadCredentials ffacd0b85a97d-48435b024fbsm5535365f8f.29 - gsmtp')
  ✉️  EMAIL: Failed
    Webhook error: HTTPConnectionPool(host='localhost', port=8888): Max retries exceeded with url: /webhook (Caused by NewConnectionError("HTTPConnection(host='localhost', port=8888): Failed to establish a new connection: [Errno 111] Connection refused"))
  🔔 WEBHOOK: Failed
  📢 ALERT: FLOW-0001 risk=65.1%
     Description: Medium risk detected - operator notification sent
[DatabaseLogger] ✅ Logged ALERT for FLOW-0001 (risk=65.11691964944369%, email_sent=False, webhook_sent=False, rate_limit_ip=None, rate_limit_applied=None)
[DatabaseLogger] ✅ Alert 35e006a3-954b-4457-bfa2-2cefdeb418be created for FLOW-0001 (tier 2)
[Pipeline] FLOW-0002 risk=94.8% -> Tier 3 (RATE_LIMIT)

[Executor] Executing RATE_LIMIT for FLOW-0002...
  ⏱️  RATE_LIMIT (simulation): Would limit FLOW-0002 to 10/min
[DatabaseLogger] ✅ Logged RATE_LIMIT for FLOW-0002 (risk=94.79894286083116%, email_sent=None, webhook_sent=None, rate_limit_ip=None, rate_limit_applied=False)
[DatabaseLogger] ✅ Alert 68822695-8034-4538-9e15-70ca345a4758 created for FLOW-0002 (tier 3)
[Pipeline] FLOW-0003 risk=24.0% -> Tier 1 (LOG)

[Executor] Executing LOG for FLOW-0003...
  ✅ LOG: FLOW-0003 risk=23.99965783231188% | Normal operation - risk is low
[DatabaseLogger] ✅ Logged LOG for FLOW-0003 (risk=23.99965783231188%, email_sent=None, webhook_sent=None, rate_limit_ip=None, rate_limit_applied=None)
[Pipeline] FLOW-0004 risk=4.1% -> Tier 1 (LOG)

[Executor] Executing LOG for FLOW-0004...
  ✅ LOG: FLOW-0004 risk=4.109925406964301% | Normal operation - risk is low
[DatabaseLogger] ✅ Logged LOG for FLOW-0004 (risk=4.109925406964301%, email_sent=None, webhook_sent=None, rate_limit_ip=None, rate_limit_applied=None)
[Pipeline] FLOW-0005 risk=23.9% -> Tier 1 (LOG)

[Executor] Executing LOG for FLOW-0005...
  ✅ LOG: FLOW-0005 risk=23.9345734074505% | Normal operation - risk is low
[DatabaseLogger] ✅ Logged LOG for FLOW-0005 (risk=23.9345734074505%, email_sent=None, webhook_sent=None, rate_limit_ip=None, rate_limit_applied=None)
[Pipeline] FLOW-0001 risk=21.3% -> Tier 1 (LOG)

[Executor] Executing LOG for FLOW-0001...
  ✅ LOG: FLOW-0001 risk=21.334469413843706% | Normal operation - risk is low
[DatabaseLogger] ✅ Logged LOG for FLOW-0001 (risk=21.334469413843706%, email_sent=None, webhook_sent=None, rate_limit_ip=None, rate_limit_applied=None)
[Pipeline] FLOW-0002 risk=26.1% -> Tier 1 (LOG)

[Executor] Executing LOG for FLOW-0002...
  ✅ LOG: FLOW-0002 risk=26.119384042082384% | Normal operation - risk is low
[DatabaseLogger] ✅ Logged LOG for FLOW-0002 (risk=26.119384042082384%, email_sent=None, webhook_sent=None, rate_limit_ip=None, rate_limit_applied=None)
[Pipeline] FLOW-0003 risk=45.3% -> Tier 1 (LOG)

[Executor] Executing LOG for FLOW-0003...
  ✅ LOG: FLOW-0003 risk=45.29154518387582% | Normal operation - risk is low
[DatabaseLogger] ✅ Logged LOG for FLOW-0003 (risk=45.29154518387582%, email_sent=None, webhook_sent=None, rate_limit_ip=None, rate_limit_applied=None)
[Pipeline] FLOW-0004 risk=80.7% -> Tier 3 (RATE_LIMIT)

[Executor] Executing RATE_LIMIT for FLOW-0004...
  ⏱️  RATE_LIMIT (simulation): Would limit FLOW-0004 to 10/min
[DatabaseLogger] ✅ Logged RATE_LIMIT for FLOW-0004 (risk=80.69200946377832%, email_sent=None, webhook_sent=None, rate_limit_ip=None, rate_limit_applied=False)
[DatabaseLogger] ✅ Alert d850c71c-4a4e-4934-8357-ff1db63e5916 created for FLOW-0004 (tier 3)
[Pipeline] FLOW-0005 risk=66.1% -> Tier 2 (ALERT)

[Executor] Executing ALERT for FLOW-0005...
    Email error: (535, b'5.7.8 Username and Password not accepted. For more information, go to\n5.7.8  https://support.google.com/mail/?p=BadCredentials ffacd0b85a97d-48432022ab8sm7567752f8f.28 - gsmtp')
  ✉️  EMAIL: Failed
    Webhook error: HTTPConnectionPool(host='localhost', port=8888): Max retries exceeded with url: /webhook (Caused by NewConnectionError("HTTPConnection(host='localhost', port=8888): Failed to establish a new connection: [Errno 111] Connection refused"))
  🔔 WEBHOOK: Failed
  📢 ALERT: FLOW-0005 risk=66.1%
     Description: Medium risk detected - operator notification sent
[DatabaseLogger] ✅ Logged ALERT for FLOW-0005 (risk=66.12489363818031%, email_sent=False, webhook_sent=False, rate_limit_ip=None, rate_limit_applied=None)
[DatabaseLogger] ✅ Alert 9554d53f-ca9b-45af-bd57-48c7228a7c44 created for FLOW-0005 (tier 2)
[Pipeline] FLOW-0001 risk=1.3% -> Tier 1 (LOG)

[Executor] Executing LOG for FLOW-0001...
  ✅ LOG: FLOW-0001 risk=1.2827596837088207% | Normal operation - risk is low
[DatabaseLogger] ✅ Logged LOG for FLOW-0001 (risk=1.2827596837088207%, email_sent=None, webhook_sent=None, rate_limit_ip=None, rate_limit_applied=None)
[Pipeline] FLOW-0002 risk=57.0% -> Tier 1 (LOG)

[Executor] Executing LOG for FLOW-0002...
  ✅ LOG: FLOW-0002 risk=57.03203958010255% | Normal operation - risk is low
[DatabaseLogger] ✅ Logged LOG for FLOW-0002 (risk=57.03203958010255%, email_sent=None, webhook_sent=None, rate_limit_ip=None, rate_limit_applied=None)
[Pipeline] FLOW-0003 risk=1.8% -> Tier 1 (LOG)

[Executor] Executing LOG for FLOW-0003...
  ✅ LOG: FLOW-0003 risk=1.7710846590699925% | Normal operation - risk is low
[DatabaseLogger] ✅ Logged LOG for FLOW-0003 (risk=1.7710846590699925%, email_sent=None, webhook_sent=None, rate_limit_ip=None, rate_limit_applied=None)
[Pipeline] FLOW-0004 risk=43.7% -> Tier 1 (LOG)

[Executor] Executing LOG for FLOW-0004...
  ✅ LOG: FLOW-0004 risk=43.74334936571812% | Normal operation - risk is low
[DatabaseLogger] ✅ Logged LOG for FLOW-0004 (risk=43.74334936571812%, email_sent=None, webhook_sent=None, rate_limit_ip=None, rate_limit_applied=None)
[Pipeline] FLOW-0005 risk=100.0% -> Tier 4 (FULL_ISOLATION)

[Executor] Executing FULL_ISOLATION for FLOW-0005...
  🔒 FULL_ISOLATION: Triggering Module 4 for FLOW-0005...
    (Would POST to Module 4 API to isolate FLOW-0005)
     ✅ Module 4 isolation triggered
[DatabaseLogger] ✅ Logged FULL_ISOLATION for FLOW-0005 (risk=99.97826078878315%, email_sent=None, webhook_sent=None, rate_limit_ip=None, rate_limit_applied=None)
[DatabaseLogger] ✅ Alert e68427ff-a182-4291-bee6-a661c27458e9 created for FLOW-0005 (tier 4)
[DatabaseLogger] ✅ Set FLOW-0005 state to QUARANTINE
[Pipeline] Marked FLOW-0005 as isolated
[Pipeline] FLOW-0001 risk=25.7% -> Tier 1 (LOG)

[Executor] Executing LOG for FLOW-0001...
  ✅ LOG: FLOW-0001 risk=25.675828227077382% | Normal operation - risk is low
[DatabaseLogger] ✅ Logged LOG for FLOW-0001 (risk=25.675828227077382%, email_sent=None, webhook_sent=None, rate_limit_ip=None, rate_limit_applied=None)
[Pipeline] FLOW-0002 risk=36.1% -> Tier 1 (LOG)

[Executor] Executing LOG for FLOW-0002...
  ✅ LOG: FLOW-0002 risk=36.07406706162528% | Normal operation - risk is low
[DatabaseLogger] ✅ Logged LOG for FLOW-0002 (risk=36.07406706162528%, email_sent=None, webhook_sent=None, rate_limit_ip=None, rate_limit_applied=None)
[Pipeline] FLOW-0003 risk=12.7% -> Tier 1 (LOG)

[Executor] Executing LOG for FLOW-0003...INFO:redis_state_manager:✅ Updated state: FLOW-0003 → LOG (risk=12.7%)
INFO:redis_state_manager:✅ Updated state: FLOW-0004 → LOG (risk=46.8%)
INFO:redis_state_manager:✅ Updated state: FLOW-0005 → RATE_LIMIT (risk=89.6%)
INFO:redis_state_manager:✅ Updated state: FLOW-0001 → RATE_LIMIT (risk=93.6%)
INFO:redis_state_manager:✅ Updated state: FLOW-0002 → RATE_LIMIT (risk=94.6%)
INFO:redis_state_manager:✅ Updated state: FLOW-0003 → FULL_ISOLATION (risk=98.3%)
INFO:redis_state_manager:🔒 Marked isolated: FLOW-0003
INFO:redis_state_manager:✅ Updated state: FLOW-0004 → ALERT (risk=66.8%)
INFO:redis_state_manager:✅ Updated state: FLOW-0005 → LOG (risk=7.7%)
INFO:redis_state_manager:✅ Updated state: FLOW-0001 → RATE_LIMIT (risk=92.2%)
INFO:redis_state_manager:✅ Updated state: FLOW-0002 → LOG (risk=6.1%)
INFO:redis_state_manager:✅ Updated state: FLOW-0003 → ALERT (risk=67.9%)
INFO:redis_state_manager:✅ Updated state: FLOW-0004 → LOG (risk=16.4%)
INFO:redis_state_manager:✅ Updated state: FLOW-0005 → ALERT (risk=69.8%)
INFO:redis_state_manager:✅ Updated state: TEST-RATELIMIT → RATE_LIMIT (risk=87.5%)
INFO:redis_state_manager:✅ Updated state: FLOW-0001 → LOG (risk=10.6%)
INFO:redis_state_manager:✅ Updated state: FLOW-0002 → LOG (risk=42.4%)
INFO:redis_state_manager:✅ Updated state: FLOW-0003 → LOG (risk=4.4%)

  ✅ LOG: FLOW-0003 risk=12.744432073881473% | Normal operation - risk is low
[DatabaseLogger] ✅ Logged LOG for FLOW-0003 (risk=12.744432073881473%, email_sent=None, webhook_sent=None, rate_limit_ip=None, rate_limit_applied=None)
[Pipeline] FLOW-0004 risk=46.8% -> Tier 1 (LOG)

[Executor] Executing LOG for FLOW-0004...
  ✅ LOG: FLOW-0004 risk=46.821998333447546% | Normal operation - risk is low
[DatabaseLogger] ✅ Logged LOG for FLOW-0004 (risk=46.821998333447546%, email_sent=None, webhook_sent=None, rate_limit_ip=None, rate_limit_applied=None)
[Pipeline] FLOW-0005 risk=89.6% -> Tier 3 (RATE_LIMIT)

[Executor] Executing RATE_LIMIT for FLOW-0005...
  ⏱️  RATE_LIMIT (simulation): Would limit FLOW-0005 to 10/min
[DatabaseLogger] ✅ Logged RATE_LIMIT for FLOW-0005 (risk=89.58001036612916%, email_sent=None, webhook_sent=None, rate_limit_ip=None, rate_limit_applied=False)
[DatabaseLogger] ✅ Alert 10a0c020-32d1-430e-a729-782ba5d30dab created for FLOW-0005 (tier 3)
[Pipeline] FLOW-0001 risk=93.6% -> Tier 3 (RATE_LIMIT)

[Executor] Executing RATE_LIMIT for FLOW-0001...
  ⏱️  RATE_LIMIT (simulation): Would limit FLOW-0001 to 10/min
[DatabaseLogger] ✅ Logged RATE_LIMIT for FLOW-0001 (risk=93.61917505833256%, email_sent=None, webhook_sent=None, rate_limit_ip=None, rate_limit_applied=False)
[DatabaseLogger] ✅ Alert 590b0694-531e-4704-a310-7db2f9dcb170 created for FLOW-0001 (tier 3)
[Pipeline] FLOW-0002 risk=94.6% -> Tier 3 (RATE_LIMIT)

[Executor] Executing RATE_LIMIT for FLOW-0002...
  ⏱️  RATE_LIMIT (simulation): Would limit FLOW-0002 to 10/min
[DatabaseLogger] ✅ Logged RATE_LIMIT for FLOW-0002 (risk=94.5871215557157%, email_sent=None, webhook_sent=None, rate_limit_ip=None, rate_limit_applied=False)
[DatabaseLogger] ✅ Alert 76d9b48a-09af-4c6f-a2e4-8b716a80fa96 created for FLOW-0002 (tier 3)
[Pipeline] FLOW-0003 risk=98.3% -> Tier 4 (FULL_ISOLATION)

[Executor] Executing FULL_ISOLATION for FLOW-0003...
  🔒 FULL_ISOLATION: Triggering Module 4 for FLOW-0003...
    (Would POST to Module 4 API to isolate FLOW-0003)
     ✅ Module 4 isolation triggered
[DatabaseLogger] ✅ Logged FULL_ISOLATION for FLOW-0003 (risk=98.33800330125824%, email_sent=None, webhook_sent=None, rate_limit_ip=None, rate_limit_applied=None)
[DatabaseLogger] ✅ Alert 272690af-c256-440d-91f4-3f1f633fb946 created for FLOW-0003 (tier 4)
[DatabaseLogger] ✅ Set FLOW-0003 state to QUARANTINE
[Pipeline] Marked FLOW-0003 as isolated
[Pipeline] FLOW-0004 risk=66.8% -> Tier 2 (ALERT)

[Executor] Executing ALERT for FLOW-0004...
    Email error: (535, b'5.7.8 Username and Password not accepted. For more information, go to\n5.7.8  https://support.google.com/mail/?p=BadCredentials 5b1f17b1804b1-49b4dfdf00csm240782555e9.14 - gsmtp')
  ✉️  EMAIL: Failed
    Webhook error: HTTPConnectionPool(host='localhost', port=8888): Max retries exceeded with url: /webhook (Caused by NewConnectionError("HTTPConnection(host='localhost', port=8888): Failed to establish a new connection: [Errno 111] Connection refused"))
  🔔 WEBHOOK: Failed
  📢 ALERT: FLOW-0004 risk=66.8%
     Description: Medium risk detected - operator notification sent
[DatabaseLogger] ✅ Logged ALERT for FLOW-0004 (risk=66.78597015042769%, email_sent=False, webhook_sent=False, rate_limit_ip=None, rate_limit_applied=None)
[DatabaseLogger] ✅ Alert 2b089522-5bbc-4edb-bbfa-5483d8a54e8b created for FLOW-0004 (tier 2)
[Pipeline] FLOW-0005 risk=7.7% -> Tier 1 (LOG)

[Executor] Executing LOG for FLOW-0005...
  ✅ LOG: FLOW-0005 risk=7.7421111614848614% | Normal operation - risk is low
[DatabaseLogger] ✅ Logged LOG for FLOW-0005 (risk=7.7421111614848614%, email_sent=None, webhook_sent=None, rate_limit_ip=None, rate_limit_applied=None)
[Pipeline] FLOW-0001 risk=92.2% -> Tier 3 (RATE_LIMIT)

[Executor] Executing RATE_LIMIT for FLOW-0001...
  ⏱️  RATE_LIMIT (simulation): Would limit FLOW-0001 to 10/min
[DatabaseLogger] ✅ Logged RATE_LIMIT for FLOW-0001 (risk=92.22618783445104%, email_sent=None, webhook_sent=None, rate_limit_ip=None, rate_limit_applied=False)
[DatabaseLogger] ✅ Alert 081c5d2b-c89e-4fa9-b02a-0292e69de5fc created for FLOW-0001 (tier 3)
[Pipeline] FLOW-0002 risk=6.1% -> Tier 1 (LOG)

[Executor] Executing LOG for FLOW-0002...
  ✅ LOG: FLOW-0002 risk=6.094831266499532% | Normal operation - risk is low
[DatabaseLogger] ✅ Logged LOG for FLOW-0002 (risk=6.094831266499532%, email_sent=None, webhook_sent=None, rate_limit_ip=None, rate_limit_applied=None)
[Pipeline] FLOW-0003 risk=67.9% -> Tier 2 (ALERT)

[Executor] Executing ALERT for FLOW-0003...
    Email error: (535, b'5.7.8 Username and Password not accepted. For more information, go to\n5.7.8  https://support.google.com/mail/?p=BadCredentials ffacd0b85a97d-482fbac4f9esm12836470f8f.11 - gsmtp')
  ✉️  EMAIL: Failed
    Webhook error: HTTPConnectionPool(host='localhost', port=8888): Max retries exceeded with url: /webhook (Caused by NewConnectionError("HTTPConnection(host='localhost', port=8888): Failed to establish a new connection: [Errno 111] Connection refused"))
  🔔 WEBHOOK: Failed
  📢 ALERT: FLOW-0003 risk=67.9%
     Description: Medium risk detected - operator notification sent
[DatabaseLogger] ✅ Logged ALERT for FLOW-0003 (risk=67.89542637020612%, email_sent=False, webhook_sent=False, rate_limit_ip=None, rate_limit_applied=None)
[DatabaseLogger] ✅ Alert ff089381-41ae-43b6-8ae1-051645423629 created for FLOW-0003 (tier 2)
[Pipeline] FLOW-0004 risk=16.4% -> Tier 1 (LOG)

[Executor] Executing LOG for FLOW-0004...
  ✅ LOG: FLOW-0004 risk=16.442728998279627% | Normal operation - risk is low
[DatabaseLogger] ✅ Logged LOG for FLOW-0004 (risk=16.442728998279627%, email_sent=None, webhook_sent=None, rate_limit_ip=None, rate_limit_applied=None)
[Pipeline] FLOW-0005 risk=69.8% -> Tier 2 (ALERT)

[Executor] Executing ALERT for FLOW-0005...
    Email error: (535, b'5.7.8 Username and Password not accepted. For more information, go to\n5.7.8  https://support.google.com/mail/?p=BadCredentials 5b1f17b1804b1-49cd2922ebdsm51704575e9.3 - gsmtp')
  ✉️  EMAIL: Failed
    Webhook error: HTTPConnectionPool(host='localhost', port=8888): Max retries exceeded with url: /webhook (Caused by NewConnectionError("HTTPConnection(host='localhost', port=8888): Failed to establish a new connection: [Errno 111] Connection refused"))
  🔔 WEBHOOK: Failed
  📢 ALERT: FLOW-0005 risk=69.8%
     Description: Medium risk detected - operator notification sent
[DatabaseLogger] ✅ Logged ALERT for FLOW-0005 (risk=69.75889957094249%, email_sent=False, webhook_sent=False, rate_limit_ip=None, rate_limit_applied=None)
[DatabaseLogger] ✅ Alert a40cc207-16ef-4f6b-bde8-b2162223388f created for FLOW-0005 (tier 2)
[Pipeline] TEST-RATELIMIT risk=87.5% -> Tier 3 (RATE_LIMIT)

[Executor] Executing RATE_LIMIT for TEST-RATELIMIT...
  ⏱️  RATE_LIMIT (simulation): Would limit TEST-RATELIMIT to 10/min
[DatabaseLogger] ✅ Logged RATE_LIMIT for TEST-RATELIMIT (risk=87.5%, email_sent=None, webhook_sent=None, rate_limit_ip=None, rate_limit_applied=False)
[DatabaseLogger] ✅ Alert 51b2e6ec-2bba-4bc7-86a4-4962ce8e2c49 created for TEST-RATELIMIT (tier 3)
[Pipeline] FLOW-0001 risk=10.6% -> Tier 1 (LOG)

[Executor] Executing LOG for FLOW-0001...
  ✅ LOG: FLOW-0001 risk=10.586220834620903% | Normal operation - risk is low
[DatabaseLogger] ✅ Logged LOG for FLOW-0001 (risk=10.586220834620903%, email_sent=None, webhook_sent=None, rate_limit_ip=None, rate_limit_applied=None)
[Pipeline] FLOW-0002 risk=42.4% -> Tier 1 (LOG)

[Executor] Executing LOG for FLOW-0002...
  ✅ LOG: FLOW-0002 risk=42.37438749962407% | Normal operation - risk is low
[DatabaseLogger] ✅ Logged LOG for FLOW-0002 (risk=42.37438749962407%, email_sent=None, webhook_sent=None, rate_limit_ip=None, rate_limit_applied=None)
[Pipeline] FLOW-0003 risk=4.4% -> Tier 1 (LOG)

[Executor] Executing LOG for FLOW-0003...
  ✅ LOG: FLOW-0003 risk=4.425087878505245% | Normal operation - risk is low
[DatabaseLogger] ✅ Logged LOG for FLOW-0003 (risk=4.425087878505245%, email_sent=None, webhook_sent=None, rate_limit_ip=None, rate_limit_applied=None)
[Pipeline] FLOW-0004 risk=7.4% -> Tier 1 (LOG)

[Executor] Executing LOG for FLOW-0004...INFO:redis_state_manager:✅ Updated state: FLOW-0004 → LOG (risk=7.4%)
INFO:redis_state_manager:✅ Updated state: FLOW-0005 → LOG (risk=9.6%)
INFO:redis_state_manager:✅ Updated state: FLOW-0001 → RATE_LIMIT (risk=83.8%)
INFO:redis_state_manager:✅ Updated state: FLOW-0002 → ALERT (risk=69.0%)
INFO:redis_state_manager:✅ Updated state: FLOW-0003 → LOG (risk=43.0%)
INFO:redis_state_manager:✅ Updated state: FLOW-0004 → FULL_ISOLATION (risk=97.4%)
INFO:redis_state_manager:🔒 Marked isolated: FLOW-0004
INFO:redis_state_manager:✅ Updated state: FLOW-0005 → ALERT (risk=77.3%)
INFO:redis_state_manager:✅ Updated state: FLOW-0001 → LOG (risk=15.9%)
INFO:redis_state_manager:✅ Updated state: FLOW-0002 → FULL_ISOLATION (risk=98.9%)
INFO:redis_state_manager:🔒 Marked isolated: FLOW-0002
INFO:redis_state_manager:✅ Updated state: FLOW-0003 → LOG (risk=20.2%)
